:040000006F20905E7F
:100004000000000000000000380300003A03000074
:1000140000000000E62D00000000000000000000C9
:10002400E62D0000E62D00000000000000000000A6
:10003400E62D000000000000E62D00000000000096
:10004400E62D0000E62D0000E62D0000E62D000060
:10005400E62D0000E62D0000E62D0000E62D000050
:10006400E62D0000E62D0000E62D0000E62D000040
:10007400E62D0000E62D0000E62D0000E62D000030
:10008400E62D0000E62D00007A1F0000E62D00009A
:10009400E62D0000E62D0000E62D0000E62D000010
:1000A400E62D0000E62D0000E62D0000E62D000000
:1000B400041A0000E62D0000E62D0000E62D0000E5
:1000C400E62D0000E62D0000E62D0000E62D0000E0
:1000D400E62D0000BA0A00003A0B00009E1700004B
:1000E400E62D0000E62D0000E62D0000E62D0000C0
:1000F400E62D0000E62D0000E62D0000E62D0000B0
:1001040000000000E62D0000E62D0000E62D0000B2
:10011400E62D0000EC030000E62D0000E62D0000B3
:10012400E62D0000E62D0000E62D0000E62D00007F
:10013400E62D0000E62D0000E62D0000E62D00006F
:10014400E62D0000E62D0000E62D0000E62D00005F
:10015400E62D0000E62D0000E62D0000E62D00004F
:10016400E62D0000E62D0000E62D0000E62D00003F
:10017400E62D0000E62D0000E62D0000E62D00002F
:10018400E62D0000E62D0000E62D0000E62D00001F
:10019400E62D0000E62D0000E62D0000E62D00000F
:1001A400000000000000000000000000000000004B
:0C01B4000000000000000000000000003F
:1001C000397101436EC619A0397141536AC866CAB4
:1001D00062CC5ECE19A0397101535AD056D252D496
:1001E0004ED64AD826DA22DC06DE3301614082820E
:1001F00041114AC026C222C406C68282B24D4101C4
:10020000024D924C224CB24B4101024B924A224A7F
:10021000B2494101024992442244B24041018280E4
:100220002A8309CA83830500230073007D16050312
:1002300085056DFA828015C22A8385466367B500FD
:10024000FD561307F6FF3A93BA9583830500230002
:1002500073007D163693B6956DFA82802A8311C697
:100260002300B3007D16050365FE828010219421D2
:10027000050585056313D60075FA3305D6408280DF
:10028000EFF21FF779712A892E8413051002854534
:10029000B28402CA02CC02CE02D002D202D402D66A
:1002A00002C402C623180100EF300037854511450E
:1002B000EF30603885450565EF3080088967FC823E
:1002C00037150140E1473ECE4C088D4713050540E8
:1002D0003ECCEF2050796084371400402C00130589
:1002E0000480231621012317010023150100EF309C
:1002F0004038C167938707070C10130504803ED070
:100300002313910223140102EF306043130504808C
:100310008545EF30004F130504808145EF30805252
:10032000130504808545EF30405085451305048052
:10033000EF30A04B4561F9BD01A0B707EFBE37E72D
:1003400000E0938707083CC701A0EFF27FEA7971CC
:1003500085453705100002CA02CC02CE02D002D277
:1003600002D402D602C602C8EF30E02C8545130540
:100370000003EF30602A8567FC828D473ECC4C0835
:10038000E147371501403ECEEF20F06D37150140B3
:1003900091474C0813050540FC823ECEEF20B06C1F
:1003A000F167938707203ED00C10B7070C00375534
:1003B00000403ED402D223160102EF30C04D054664
:1003C0009305505237550040EF30005793075014B3
:1003D0007C86680085475C873EC8EF30A005854570
:1003E00037550040EF30005445612DB5411193055C
:1003F00050523755004022C626C44AC24EC0EF3084
:10040000C05815CD37550040EF3000571375F50F24
:100410002381A18E13074002631AE5020547A381D9
:10042000E18EA382E18E2382018E03D7618E930633
:1004300017002393D18E938781B1BA9788A3324452
:10044000A2441249824941017300203003C7318E12
:10045000630207480546A382C18E2382018E03D71B
:10046000618E938481B113061700269708A3239306
:10047000C18E1307A002138481B1E312E5FC23931C
:10048000018E1C30A381018E130740076394E70C93
:100490005C3013071003638EE702382093062007B1
:1004A0006317D73A13072003E39BE7F87C20130771
:1004B0004006A946B387E702182413070703BA9733
:1004C00078303307D702BA9737070020A308F70020
:1004D000BDB7FC2013074006A946938707FDB387E5
:1004E000E702F8308824B7090020130707FD130539
:1004F00005FD3307D702BA973E95EFD0610E2A89E2
:10050000A8242E84130505FDEFD0810D03A6818557
:1005100083A6C185EFC0613B2A86AE864A85A28547
:10052000EFB0A1592A89A8342E84130505FDEFD018
:10053000210B03A6018683A64186EFC001392A86D6
:10054000AE864A85A285EFB04157EFE0814A23A0ED
:10055000A900F5B5B820930620076318D716D43044
:1005600013071003639EE60AFC2061671307076AFE
:10057000938707FDB387E702F83089669386067193
:10058000130707FDA83437040020130404001305E3
:1005900005FD3307D7029306803EBA9798241307C8
:1005A00007FD3307D70293064006BA97983413071E
:1005B00007FD3307D702A946BA97B824130707FDEA
:1005C0003307D702BA973E95EFD08101AA89C83484
:1005D0002E89130505FDEFD0A10003A6818583A612
:1005E000C185EFC0812E2A86AE864E85CA85EFB0C2
:1005F000C14CAA89E8242E89130505FDEFC0517E60
:1006000003A6018683A64186EFC0212C2A86AE86EA
:100610004E85CA85EFB0614AEFE0A13D48C005B5FF
:10062000130780066387E70A130770066385E716DA
:1006300013073004E395E7E07C2061771307076A2E
:10064000938707FDB387E70238348966938606717E
:10065000130707FD0566930576BB1306E676BA9782
:100660007830130707FD3307D70293064006BA9781
:100670001834130707FD3307D7029306803EBA9755
:100680001824130707FD3307D702A946BA97382461
:10069000130707FD3307D702B7060020938606002D
:1006A000BA97BA2AC207C1833387E7402E97E36817
:1006B000E6D803D7E18D239FF18C2390E18E338719
:1006C000E740239EE18CBEAA9DBB93068006639003
:1006D000D70C5C30130710036389E702130720036C
:1006E000E39FE7D47C2013074006A946B387E702BF
:1006F000182413070703BA9778303307D702BA973D
:10070000370700202308F7001DBB7C201307400695
:10071000A946938707FDB387E70278300824B7041A
:100720000020130707FD130505FD9384040033071C
:10073000D702BA973E95EFC0B16AAA8928242E89BC
:10074000130505FDEFC0D16903A6818583A6C18588
:10075000EFC0A1172A86AE864E85CA85EFB0E13577
:10076000AA8928342E89130505FDEFC0716703A6F9
:10077000018683A64186EFC041152A86AE864E8546
:10078000CA85EFB08133EFE0C12688C44DB9930626
:100790007006639CD7127C2061671307076A9387F2
:1007A00007FDB387E70278308966938606711307E1
:1007B00007FD2834B704002093840400130505FDC9
:1007C0003307D7029306803EBA971824130707FD14
:1007D0003307D70293064006BA971834130707FD6C
:1007E0003307D702A946BA973824130707FD330702
:1007F000D702BA973E95EFC0B15EAA8948342E89D8
:10080000130505FDEFC0D15D03A6818583A6C185D3
:10081000EFC0A10B2A86AE864E85CA85EFB0E129CE
:10082000AA8968242E89130505FDEFC0715B03A614
:10083000018683A64186EFC041092A86AE864E8591
:10084000CA85EFB08127EFE0C11AC8C4CDBE9306B8
:100850002003E38DD7C493077006E312F7BE583028
:1008600093071003E31DF7BC7C2061771307076A29
:10087000938707FDB387E70238348966938606714C
:10088000130707FDBA977830130707FD3307D70220
:1008900093064006BA971834130707FD3307D702AB
:1008A0009306803EBA971824130707FD3307D70233
:1008B000A946BA973824130707FD3307D702BA971A
:1008C00037070020231AF7009DBE93063004E38506
:1008D000D7D651B72393018E9DB6EFF2FF8E1165E7
:1008E0007971854511053714014002CA02CC02CE48
:1008F00002D002D202D402D602C602C8EF20D051E2
:100900008D4493070020E14B4C0813050480FC82C2
:1009100026CC5ECEEF2030159307004091494C085D
:1009200013050480FC82B74A01404ECE7169EF2066
:10093000901313090920370B0C000C1013850A8043
:100940004AD05AD402D223160102EF20D074138564
:100950000A80054693055052EF20107E0546930508
:10096000404213850A80EF20307D93075013054ADB
:1009700068007C862307410152C8EF20B02B138505
:100980000A808545EF20107A854537050200EF2063
:10099000904A85451145EF2030484C0813050480E6
:1009A000231A310126CC5ECEEF20F00BA1474C0874
:1009B00013050480FC824ECEEF20F00A4AD037495E
:1009C00000400C10130509405AD402D2231601022C
:1009D000EF20706C13050940054693055052EF2037
:1009E000B07505469305404213050940EF20D074C9
:1009F0009307601368007C862307410152C8EF20EB
:100A00007023130509408545EF20D0718545514578
:100A1000EF20904041494C0837150140231A21012D
:100A20004ECEEF205004130A00024C083715014047
:100A3000231A41014ECEEF2010034C081305048009
:100A4000231A21014ACE26CCEF20F00113050480A1
:100A5000C145EF20D00D4C0813050480231A410135
:100A60004ACE26CCEF203000130504809305000207
:100A7000EF20F00B930700044C0813050480FC8260
:100A80004ACE26CCEF20207E130504809305000477
:100A9000EF20F009930700084C0813050480FC823E
:100AA0004ACE26CCEF20207C930500081305048055
:100AB000EF20F00745616FF0AFF4411126C4B74451
:100AC0000140930550521385048022C6EF20F06B3D
:100AD0000DC503D7A18E930770021385048063E9C7
:100AE000E704EF20706903D7A18E930717002395C1
:100AF000F18E938781B6BA9788A337440140930556
:100B0000404213050480EF20506811CD1305048086
:100B1000EF20906683D5A18E99C513050480EF2040
:100B200030652395018E3244A24441017300203088
:100B3000EF2090642395018EC9B7411126C4B744B4
:100B40000040930550521385044022C6EF20F06305
:100B50000DC503D7818E930770021385044063E9A6
:100B6000E704EF20706103D7818E93071700239469
:100B7000F18E938701B4BA9788A337440040930558
:100B8000404213050440EF20506011CD130504408E
:100B9000EF20905E83D5818E99C513050440EF2028
:100BA000305D2394018E3244A24441017300203011
:100BB000EF20905C2394018EC9B7B7070460F91742
:100BC000BE234111C207C1837C87288741018280EF
:100BD00003D781B9B7070460239FE7FE828093871C
:100BE00001B9D6232567130717346396E602B227A7
:100BF000B7060460239FC6FE1356850092A21375A4
:100C0000F50F8AA2DE27239FF6FE93D785009EA2CA
:100C100093F5F50F8EA28280138701B96C235623BA
:100C200005462567938701B9130717346394C504F4
:100C30006394E6041D47636EA7001387818A2A9791
:100C400008237D151375F50F19479223AE2363769C
:100C5000A70237070460130660039306E7FF231F0C
:100C6000C7FE2147BAA29A23B62363FEE60296A3E3
:100C7000BAA315A8E387E6FC82801387018A2A9726
:100C8000182337050460930860039366870093F682
:100C9000F60F231F15FF16A11377070269D7637498
:100CA000B6008EA3B2A3B62737060460231FD6FE74
:100CB00023100600231006009623FD1693D58640C8
:100CC000C205C1810EA293F6F60F16A2D627231FE6
:100CD000D6FE2310060023100600BE23FD1793D670
:100CE0008740C206C18216A293F7F70F1EA269B70A
:100CF000138701B9522305E9B70640012303070012
:100D00009386060F23A8D1B8A56793871734631A73
:100D1000F600B7072A009387C7021CC79307B002E3
:100D20005EA70145D5BD854674A3B706F00093863E
:100D30000614C9BFEFF2CFCB41118545114502C260
:100D400002C402C6EF20500DE177371401407C82C7
:100D5000C1473EC64C008D47130504803EC4EF20BA
:100D60008050A16513050480EF20605C41016FF0A5
:100D70006FCAEFF2EFC7938701B99A23A223814587
:100D8000AA8401453304E402993D99358147370728
:100D90000460639487006FF0EFC706A38507D5BF93
:100DA000EFF26FC31971371401406937A16513055C
:100DB0000480EF20005813054006EF90113313050F
:100DC0000480A165EF20A056854513050010EF2093
:100DD000D002854513058006EF2010048D44C149DB
:100DE000130504C0916A8A85231051014EC426C29E
:100DF000EF206047F177614A93873773130504400A
:100E00008A857C8052C426C2EF20E0453725014008
:100E1000930700F88A85130505807C8052C426C29A
:100E2000EF2060440569130504408A8552C42310ED
:100E3000210126C2EF20204313050440130A098034
:100E40008A85231041014EC426C2EF20C041D285BD
:100E500013050440EF20E04D89473EC695473ECA42
:100E60003ED87C00BEDCC8003C10BEDE02C802CC0E
:100E700002D202D402D602DA02DC02DE82C082C2D0
:100E800082C482C6CEC882CA82CE82CC82D082D2AE
:100E9000CAD482D6D6D882DAEF20203085450145E3
:100EA000EF20803A13052003EF903124B707046048
:100EB000239F07FE1933938701B9130715F0CAA3BF
:100EC0004207C16741839387F7EF138401B963E752
:100ED000E700A567938707306310F502B707046042
:100EE0001307300D239FE7FEC939C139F931AA84B0
:100EF000A204E131458D4AA05A20A5679387173493
:100F0000631CF71E370404601307F00C9307E4FF1B
:100F1000231FE4FE239107001306100CB2A313074E
:100F20000003BAA39306D00E231FD4FE93064006F7
:100F3000B6A38D46B6A3C946B6A393061008B6A3BA
:100F40009306800E231FD4FE93065008B6A3C14615
:100F5000B6A39305A007AEA39305B00C231FB4FE60
:100F600093059003AEA39305C002AEA3239107009F
:100F700093054003AEA38945AEA39305700F231FCD
:100F8000B4FE93050002AEA39305A00E231FB4FE8A
:100F900023910700239107009305000C231FB4FE43
:100FA000ED45AEA3231FC4FE0546B2A39305500C26
:100FB000231FB4FEBAA3BAA31307700C231FE4FEC9
:100FC0001307700BBAA313076003231FE4FE130774
:100FD0008004BAA31307A003231FE4FE13075005E0
:100FE000BAA31307100B231FE4FE239107006947E0
:100FF000BAA31307600B231FE4FEA945AEA3130792
:10100000200ABAA31307200F231FE4FE2391070031
:1010100013076002231FE4FEB2A31307000E231F71
:10102000E4FE3D47BAA31305A002AAA31308800259
:1010300023910701214823910701B9482391170102
:101040002391070113084005239107011308900A13
:10105000239107011308300423910701AEA3BAA31B
:101060002391070023910700239107002391070094
:101070009305100E231FB4FE23910700D545AEA3A0
:10108000DD45AEA39D45AEA3C545AEA3194823914A
:1010900007011308B002239107019308600523910B
:1010A00017019308C0032391170195482391170155
:1010B000B6A3BAA39306F003B6A3B6A3BAA3231F9D
:1010C00004FF2391070023910700B2A3B6A3231FB7
:1010D000A4FE239107002391070023910700130723
:1010E000F00EBAA3231FB4FE13058007EF90E17F33
:1010F00093079002231FF4FE0545DD3E371501409E
:101100009165130505C0EF20802241657D1595315D
:1011100009616FF08F8F138701B956232567130775
:101120001734938701B9639AE60203D8A700B7067C
:1011300004601387E6FF239F06FF13588500239062
:1011400006011375F50F8AA2CA27239FA6FE93D620
:10115000850036A393F5F50F2EA39627B7070460F5
:10116000239FD7FE92A38280EFF28F8593F47600BF
:1011700093D73600B3349000BE9493D71600B3844F
:10118000F4024111930A4002314B37FC0100B70CC5
:1011900002002A89AE8DB68993F7F40F3EC49307F7
:1011A00006FE13FDF70FB3075D033AC62E84814B8D
:1011B000130C0CC1938CCCF5138A01B9330B6D035E
:1011C0003EC2A24713F7FB0F6365F70041016FF0C2
:1011D000EF8231476391E90633077B0166979308F5
:1011E0008400834A070093940801C18013968A0102
:1011F00061866356060603D6C18EA2854A85213FC5
:10120000050403562A00420413971A004180937A7A
:10121000F70FE37DC4FA3306B441631936050509B7
:1012200003570A00420913590901E371E9FAEE84F0
:10123000850B268479B74147639BE90013174D005E
:10124000370602005E971306C696329749BF61477C
:10125000E39EE9F6924733877701629749B7B24731
:10126000C5F3B707002003D6871C41BFE39084F87D
:10127000C1B7EFE27FF52A96338AB60093190601CB
:10128000420A2A84AE843E8993D90901135A0A017D
:10129000BA8A935B1700130BE005137CF50F034626
:1012A0000900930706FE93F7F70F6374FB006FE0E6
:1012B0003FF563663401D694C2046284C180E3F8CA
:1012C00044FF22855E940147D686A6854204693D87
:1012D00041800509E9B7EFE23FEF9389F6FF2A84E1
:1012E0002E89328ABA8C135C170093F4F90F014DE2
:1012F000014B930AF00FA94B639554056FE05FF023
:10130000B38777037D171377F70FE31B57FFB357A7
:10131000FA02B3F7770313F6F70F63180B0263565D
:101320003D039DE30147E686130600022285629491
:10133000CA854204FD140D3D050D418093F4F40F60
:1013400065BF268785477DBF054B0147E6861306A7
:101350000603E9BFEFE25FE7B304A6402A84AE8C40
:101360003389B640854B63479000814B81C4B304F9
:10137000C540FD5B054C63482001014C6305090035
:101380003389D5407D5CA68963D32401CA89014B8A
:10139000814A014A138D190063544D016FE05FE6E5
:1013A00093950C01131504010146C1814181A69A50
:1013B0009D334A9B63D55901B38A3A415E9463D504
:1013C0006901330B3B41E29C050A420A135A0A01A8
:1013D000E1B7EFE25FE01314050193190601139AD8
:1013E000060193D90901418093940501C180135AE4
:1013F0000A01330B3401B3854401420B135B0B012B
:10140000C20541113A86C1815A853A892EC6B30A6E
:1014100034411133B245C20A93DA0A014A8656852D
:10142000DD39B3854441C205C1814A865A852EC63D
:10143000DD31B2454A865685F939B30A4401B38590
:101440009900C20A93DA0A01C205C1814A8656850B
:101450002EC633044441C131B245420441804A861C
:1014600022855539B3853441C205C1814A865685E6
:101470002EC65531B2454A862285713941016FE049
:10148000DFD8EFE25FD5939716000D44AA892E8A24
:10149000B28AB6841D8C3A8921CF014915A04A8BA6
:1014A000DA8656874A86D2854E85050B1D37E3D9E5
:1014B00064FF635B0400931729003E941904050937
:1014C000E3DF24FD6FE07FD4B30799408A073E94A1
:1014D0002904FD14EDB75687A6864A86D2854E8527
:1014E000CD3D635A0400931729003E941904050961
:1014F000E3D324FFC1BFB30799408A073E94290470
:10150000FD14F5B7EFE23FCD79718545370504004D
:1015100002CA02CC02CE02D002D202D402D602C645
:1015200002C8EF20401185452145EF20E00E371419
:10153000014093070040FC820D49E1474C08130528
:1015400004C04ACC3ECE056AEF10F05193070A80E2
:1015500091494C08130504C0FC824ECEEF10B050E8
:10156000F167B7540040938707203ED00C10B707AF
:101570000C00138504803ED402D223160102EF2012
:10158000803113850480054693055052EF20C03A00
:1015900005469305404213850480EF20E039930708
:1015A00070137C86680085475C873EC8EF109068A2
:1015B000138504808545EF20E03685452145EF20E1
:1015C000A0054C08130504C0231A41014ECEEF10AC
:1015D00090498967FC824C08C147130504C03ECE80
:1015E0004ACCEF1050488965130504C0EF107054C1
:1015F00045616FE09FC1371501408965130505C03E
:101600006F10F052371501408965130505C06F1042
:101610005052371501408565130505C06F10705095
:10162000EFE27FBB3704002013040400AA84484083
:101630007971EFD0A1311828AA8A08443AD62E8AA7
:10164000EFD0C1303E28AA8948443ECE5E282E897C
:101650003ECCEFD0A12F1C382AC808403EC42ECA69
:10166000EFD0C12E32572EC2B70502002AC05688CD
:10167000D2884E86CA869385053D2685EF90114E09
:1016800045616FE09FB8EFE2BFB655711306400C9D
:101690008145680002C4EFE07FBC28005137375510
:1016A00000402C0013050580952A69616FE09FB604
:1016B000EFE21FB483C7F18E55718507A387F18EC2
:1016C000893FB7070020938441C025CD03C7A71CDD
:1016D0000DCBB7050200130620049385854828002A
:1016E0002385071CEFE0DFB381451306600813056F
:1016F000A104EFE0BFB6375500402C00130505806C
:10170000312A03A50415B70502009385C546EF905D
:10171000E060953FA387018E83C7E18E89C7DD35E1
:1017200085472387F18E03C7F18EF9476318F700C9
:10173000D93585472387F18EA387018E69616FE0D4
:101740007FAD03A50415B7050200054793858547BE
:101750002385E71CEF90805CC1B7EFE27FA99384FB
:1017600041C0930525002A8403A5C41541112EC646
:10177000EF90C05A1C3013072006B2456398E7006B
:101780003820238BE18E41016FE0DFA8130710049E
:10179000E39BE7FE03A5440CEF904058EDB74111E1
:1017A00026C4B7540040930550521385048022C6C6
:1017B000EF20A01D0DC503D7018F930730061385B9
:1017C000048063E8E704EF20201B03D7018F930711
:1017D00017002398F18E938701BABA9788A33754DC
:1017E00000409305404213050480EF20001A09CD04
:1017F00013050480EF20401883D5018F91C5138510
:1018000001BAA13F2398018E3244A24441017300E2
:101810002030EF2060162398018ED1B7EFE25F9D54
:101820002A89AE840144930500044A85EF204015BF
:101830007DD9B3878400838507004A850504C205E6
:10184000C181EF20E0121374F40FB3878400838703
:101850000700F1FB6FE01F9CEFE29F990945EF1035
:10186000103DEF007005EF908102FD21EFF04FD3A6
:10187000EFF0AF8641399D23EFE03FAD13070080C5
:101880002396E18EEF00D02DEF40D161EF80917370
:10189000EF80317D138541C0EF2000713165054730
:1018A0009305F0051305F53437040020A38FE18E6E
:1018B0001304C40229287945EF9021037945EFF0FC
:1018C000002BEFE000775C4001458297EDB7EFE237
:1018D0003F9201112E84AA848545054502CA02CC97
:1018E000231E010002C602C8EF10F0544C08370551
:1018F0000040E484E082231D0100231B0100EF105F
:1019000050579305000237050040EF10107505464B
:10191000854537050040EF1030709307C0127C8674
:10192000680085473EC823070100EF10B0308545A9
:1019300037050040EF10706B05616FE0BF8DEFE27F
:101940009F893709002003C4618F93070900883BF2
:10195000411113090900EFC0F16683A50181EFC0B1
:10196000E161937714006353A00085470355290173
:101970001387818F3CB3EFC0F16483A5C180938A44
:10198000818F8544EFC0815F6345A00093541400AC
:10199000858803450901A3809A008549EFC09162BB
:1019A000B707002083A5071DEFC0A16663460500A9
:1019B0009359240093F91900B707002003298901DE
:1019C00083A5C71C23803A014A852EC6EFC06164F7
:1019D000138A818F7D811D802301AA0023838A00C1
:1019E000B3E4340191E883C74A0099E7B2454A85D8
:1019F000EFC02162635305000544A38A818E410133
:101A00006FE0BF80011185453705004022CE26CC0E
:101A10004ACA4EC852C6EF10D06563070532938993
:101A200041C003A50911138441C0EF6070312A89B8
:101A300003A58912EF60D030AA8403A5C911EF6015
:101A400030308547AA896309F91C83C7518F6385A4
:101A5000071C83C7218F1306800291E3014693057B
:101A6000F01D13053006EFE0BF8183C7218F93B7C8
:101A700017002389F18E83C7F18FF1C785476394DF
:101A8000F40C3709002093070900902B83C7818F3E
:101A900003250409130909009384818F63860718BD
:101AA000B70502009385C54CEF90A02EBC300325EE
:101AB000C40803461901638E0716B7050200938513
:101AC000C54DEF90002D03254900032A4409EFC0BE
:101AD0005144DC302A8663830716B70502009385DC
:101AE000C54E5285EF90E02A0325C900032AC40A97
:101AF000EFC03142DC202A8663870714B705020055
:101B00009385C54F5285EF90C0289C300325840AE9
:101B100003562901638E0712B705020093854550CD
:101B2000EF90202703258901032A040AEFC0713EA4
:101B3000BC202A8663830712B70502009385C54C33
:101B40005285EF90002583C7418FD1468507B3E7C3
:101B5000D702238AF18E6392071285476394F900B6
:101B6000EFF01FB5B704002093840400AA28EFC04B
:101B7000315283A50188EFC0C11183A54188EFC010
:101B8000C152EFC0B15C2A86AE8603A5818683A5CB
:101B9000C186EFB02128AA8988382E89EFC09142EA
:101BA00083A58188EFC06150EFC0515A2A86AE8666
:101BB0004E85CA85EF907170AA892E89C84083A589
:101BC000C188EFC0010DAA8503A50189EFC0A17BE3
:101BD00083A54189EFC0614DEFC05157AE862A867B
:101BE000CA854E85EF90716DEFC0B16088CC813BA6
:101BF00083C7418E95468507B3E7D7029146238276
:101C0000F18E6391D706A382018EB70502000325EA
:101C100004189385854785A001469305F01D13059B
:101C20003006EFE0EFE581BDB70502009385454D35
:101C3000A5BDB70502009385454E61B5B705020005
:101C40009385454F79BDB7050200938505505DBD6D
:101C5000B70502009385C550E1B5B705020093852D
:101C6000454DF9BD83C7518E03250418D9DFB7054B
:101C700002009385C546EF90600A83C7318F9306B3
:101C800080028507B3E7D702A389F18ECDEB03C6A7
:101C9000A1812850B709020093854951EF90600F48
:101CA00003C6A1810325840D93854951EF90600EF1
:101CB00003C6A1810325041093854951EF90600D5F
:101CC00003C6A1810325C41393854951EF90600C8D
:101CD00003C6A181285C93854951EF90800B03C610
:101CE000A1810325C41693854951EF90800A83C5CD
:101CF000A181684C0146EF60406B83C5A18103253B
:101D0000440D0146EF60606A83C5A181032544103C
:101D10000146EF60806983C5A18103250414014653
:101D2000EF60A06883C5A181685C0146EF60E06751
:101D300083C5A181032504170146EF60006785452F
:101D400037050040EF1070347244E2445249C249F2
:101D5000324A056173002030EFE28FC94111854599
:101D6000214502C202C402C6EF10100B854737148A
:101D700001407C82C147130504C03EC64C008D471C
:101D80003EC4EF10404E130504C08545EF10605A65
:101D9000130440067D1429451374F40FEF80F134C9
:101DA00075F8371501408545130505C0EF1020581B
:101DB000130680029305F01D13053006EFE04FCCAB
:101DC00013052003EF80713201469305F01D1305C2
:101DD0003006EFE0EFCA41016FE0CFC3EFE24FC141
:101DE00039711306000281450810EFE02FC78545C1
:101DF000214502CA02CC02CE02C602C8EF10D001B1
:101E0000854513050020EF1030013165EF10406863
:101E10003715014089474C08130505C03724014098
:101E2000FC8202CEEF10204413050440EF10800422
:101E300089673ED60C10A54713050440230AF1021A
:101E400002D002D202D402D8EF10E0068545130575
:101E50000440EF1040199D460546A5451305044072
:101E6000EF10C010854513050440EF10E00E9307F6
:101E700020227C86680085473EC823070100EF10BA
:101E8000605B05469305004813050440EF10000908
:101E9000854513050440EF10600781451305044094
:101EA000EF10801913050440EF10C008930404409C
:101EB0002685EF10C0086DFD13050440372401404E
:101EC000EF106008930404402685EF1060086DFD54
:101ED00013050440EF10C0172390A19021616FE01B
:101EE0006FB303970190AA872A97014563400702C1
:101EF00091CF05669306F6FF36856359C7003E8588
:101F00006386D70013150701418182808280EFE24A
:101F10002FAE138741813E2356234AA31EA3B697B3
:101F20003E958D473345F50236A305671307A7B4E1
:101F3000AA87420541816373E500BA877D7713075D
:101F4000674BBA97C207C183130720243E85637489
:101F5000F7001305202442054181EFC0711383A5CA
:101F60008189EFB0115383A5C188EFC00114EFC080
:101F70005100238DA1806FE0EFA9411122C63724C3
:101F800001409305004813050440EF10C00801CD3F
:101F9000D14513050440EF104006420541859137B5
:101FA0002391A190AD3737250140930500481305D3
:101FB0000540EF10C0073244410173002030B717CD
:101FC00002409843B706FFF041111367170098C30A
:101FD000D84337060200758FD8C39843B706F7FE7B
:101FE000FD16758F98C39843B706FCFFFD16758FD5
:101FF00098C3D843B70601FFFD16758FD8C3984321
:10200000B70600ECFD16758F98C33707FF0098C719
:1020100023A6070202C402C69843C166558F98C31F
:10202000B716024005679C42F18F3EC6A24785075E
:102030003EC4B24781E7A247E397E7FEB7170240E5
:102040009C4337070200F98FB5C785473EC6324724
:102050008547631FF704B7170240D843B706C1FF8F
:10206000FD16D8C3D843D8C3D84313670740D8C395
:10207000D843758FD8C3D843B7062900558FD8C326
:102080009843B7060001558F98C3B70600029843DE
:10209000758F75DFD843B7160240719BD8C3D843FC
:1020A00013672700D8C32147DC42B18BE39EE7FECC
:1020B0004101828002C661BF371702405C43A146DE
:1020C000B18B638AD702B7177A009387072023AEB4
:1020D000F180B7170240D843B70700209387C701A4
:1020E00011833D8BBA97982383A7C181B3D7E700AB
:1020F00023AEF18082805C4354434167C983BD8B2A
:10210000F98E1387270085CFBD47630CF702C147BF
:10211000630CF702C547630CF7028145A9E2B74794
:10212000024083A70780C18B95C7B7177A009387B2
:1021300007203307F702C9E923AEE18059BF4947B9
:10214000E9BF85453547D9BF81453D47C1BF814579
:102150004147E9B7B7173D0093870790D9BF3715B7
:1021600002405C55C166F58F5455A1CB9182BD8A62
:10217000B7177A00850693870720B3D7D70254553F
:10218000A182BD8A89EE9546B387D7028583B716AB
:102190000240D456BD8A8506B3D7D70259BF05453C
:1021A0006394A600E546CDB73D456396A600D146AB
:1021B000B387F602E9BF8906E5BFBD8AB7177A0083
:1021C000850693870720C9BF0583BDB7EFE24F821D
:1021D000B71401402A842149938404C093178401D1
:1021E000E187054663C307000146C1452685EF1018
:1021F00080140146A1452685EF10E0137D190604E1
:102200000546A14526851379F90F1374F40FEF10D5
:102210008012E31509FC6FD0FFFFEFD27FFD37146A
:102220000140AA840146130504C0A145EF10A01087
:10223000130504C00146C145EF10E00F01469305A8
:10224000000813050440EF10000F2685413719459B
:10225000EF8041660146A145130504C0EF10A00DB3
:102260000545EF802165130504C00546A145EF1023
:10227000800C130504C00146A145EF10C00B414975
:102280008144130404C00146A1452285EF10A00A31
:10229000A14522850546EF10000A8604C204930575
:1022A00000022285C180EF10C00701C58504C20469
:1022B000C1807D191379F90FE31709FC3715014027
:1022C00005469305000813050540EF10C00613D519
:1022D00044006FD03FF4EFD21FF0411140002A8933
:1022E0009309E100A2844A85EFF03FF38AA08904B4
:1022F000E39B34FF8147954811488507C207C18396
:1023000022860904A2863E870E228A226374B500C3
:102310000AA28EA20507420741838906E31617FF2A
:10232000E39D07FD38843C830D45BA97388541010C
:10233000BA97C207C18333D5A7026FD01FEDEFD282
:102340003FEBAA8403C511822E8471372A8903C505
:1023500001825137239024010AA005456FD09FEBDD
:10236000EFD21FE941118545130580023714014062
:10237000EF10802AE177930480044C00130504C019
:102380007C8226C6EF00306E130504C0A165EF0005
:10239000107A930700024C00130504C07C8226C605
:1023A000EF00706C130504C093050002EF00307855
:1023B000C1440D494C00130504C0648226C64AC4BA
:1023C000EF00706A130504C0C145EF005076930713
:1023D00000084C00130504407C8226C64AC4EF0066
:1023E00090681305044093050008EF005074A1475E
:1023F0004C00130504C07C8226C64AC4EF00B066B8
:10240000130504C0A145EF009072B7050020370501
:1024100000209385E5031305C503EFF05FF2054542
:1024200041016FD03FDFEFD2BFDC4111AA842E847F
:1024300028009305A100EFF09FF009E50145410157
:102440006FD05FDD9305E1006800EFF05FEF7DD5B1
:10245000308638846368C7009307160363D8E700A3
:10246000E31EE6FC93071703E3CAC7FC34873C85E9
:1024700063E8D7009385160363D8F500E390F6FC74
:1024800093851703E3CCD5FA32970587B6979AA0C0
:1024900085871EA0054565B7EFD29FD5AA8437155D
:1024A0000140A165130505C037040020EF007067E7
:1024B0001304C40251E1B7050020370500209385BD
:1024C000E5031305C5038DC0EFF0FFF58307440155
:1024D00063C70700930700FC5CA81C485CC448283D
:1024E000137505086FD01FD3EFF0FFF365D10A28ED
:1024F000EFC0412D0C4CEFB0513BAA8403150402F0
:10250000EFC0412CAA852685EFB02142EFC061269D
:102510000AA82A28EFC0012B4C4CEFB01139AA842D
:1025200003152402EFC0012AAA852685EFB0E13FFA
:10253000EFC021242AA859BF5C281397870161871F
:102540006356070093F7F7075CA851BFFD57232692
:1025500004001CC869B7EFD21FC82A842396C18E15
:102560001306D5005115420642054111AE8641823F
:102570004181AE84EFE01FDE9386D400938544FF53
:10258000C206C205C18222862285C181EFE09FDC9E
:102590009309140093851400C20993D90901C20557
:1025A000C1814E8501462EC61309F4FFEFE0BFB688
:1025B000B2454209135909014A850146EFE0BFB50A
:1025C0009385F4FFC205C1814E8501462EC6EFE01A
:1025D0009FB4B2454A850146EFE0FFB303D6C18EF2
:1025E00001479946A6852285EFE0BFE941016FD0FA
:1025F000DFC1EFD27FBDBA893E89130700802396E1
:10260000E18EB7070200AA8B2E8BB28A368A938797
:10261000C7514147C1461306800C9305C0081305F6
:1026200080024684C284EFE0DFC4B70702009387CC
:1026300007524147C1461306800C9305C008130595
:102640008007EFE01FC3B707020093874752414757
:10265000C1461306800C9305000A13058002EFE0C3
:102660005FC1B7070200938787524147C1461306EF
:10267000800C9305000A13058007EFE09FBFB707A2
:1026800002009387C7524147C1461306800C930549
:10269000400B13058002EFE0DFBDB7070200938710
:1026A00007534147C1461306800C9305400B1305A1
:1026B0008007EFE01FBCB7070200938747534147ED
:1026C000C1461306800C9305800C13058002EFE0D1
:1026D0005FBAB7070200938787534147C146130685
:1026E000800C9305800C13058007EFE09FB8B707B7
:1026F00002009387C7534147C1461306800C9305D8
:10270000C00D13058002EFE0DFB65E8641479146BB
:102710009305C00813050004EFE0FFBB5A8641474C
:1027200091469305C00813050009EFE0DFBA56860D
:10273000414791469305000A13050004EFE0BFB935
:102740005286414791469305000A13050009EFE0C0
:102750009FB84E86414791469305400B13050004F0
:10276000EFE07FB74A86414791469305400B13053A
:102770000009EFE05FB62686414791469305800C3D
:1027800013050004EFE03FB52286414791469305CB
:10279000800C13050009EFE01FB403560103414705
:1027A0008D469305C00D13050006EFE0DFB26FD034
:1027B0003FA5EFD2FFA04164FD4739717D57130556
:1027C000F4FF2396F18EB70700202394E71CEFE077
:1027D0004FDA930700801305F4FF2396F18EEFE0A4
:1027E0004FD9B7070200938747544147C1461306A4
:1027F000800C9305800229452396018EEFE07FA788
:10280000B7070200938707564147C1461306800C5D
:10281000930580032945EFE0DFA5B7070200938702
:10282000C7574147C1461306800C930580042945CC
:10283000EFE03FA4B7070200938787594147C1469D
:102840001306800C930580052945EFE09FA2B7078A
:1028500002009387475B4147C1461306800C9305EE
:1028600080062945EFE0FFA013060480D1455145BD
:10287000EFF07FCE370900209307C902130700004D
:10288000238A070098CF83A7C18881440144130994
:10289000C902938901B93ED2832749000545829731
:1028A000834749011307000493F6070C6392E6522D
:1028B00093F7F7FB230AF900032709019317240074
:1028C000938707021410B697050423A8E7FE137434
:1028D000F40F8D476306F41A63ED87008547630B99
:1028E000F41489476308F4162945EF8001008544F4
:1028F00065B79147E31AF4FE835B0103035B410371
:10290000835A2103035C6103B3876B4113D7F741FB
:10291000B98F33858A41998F1357F541398D198DB8
:10292000B387F7023305A5023E95EFA07152EF8001
:102930000103EFA0714593170501C1833ECE835774
:102940008103035AA103835CE1033ECA8357C10399
:1029500033059A413ECC6247D247998F13D7F7414E
:10296000B98F998F1357F541398D198DB387F702B8
:102970003305A5023E95EFA0B14DEF70517EEFA05B
:10298000B140931D0501724593DD0D01EFB051700B
:102990002A846E85EFB01163AA852285EFB0612F7E
:1029A0002AD0EFB0B17A03A6018783A6418703D46A
:1029B000090083D429002AD62ED4EF9051656342B2
:1029C000050203A6818783A6C1873257A2573A859D
:1029D000BE85EF90F1576346A000F24799C3639715
:1029E0000D0C1305C4FE9385C4FE4164C205420567
:1029F0001306F4FFC1814181EFF0FFB5D145514588
:102A000013060480EFF03FB592550255EFB0E1692F
:102A1000EFB0315642056248524741812AC0E688EC
:102A2000D287E2865A86D6855E85EFF09FBC8144C8
:102A300001449DB5C1641386F4FFD1455145EFF0C3
:102A40009FB103D5090013860480D1453115420595
:102A5000418125A003D50900C1641386F4FF311517
:102A60004205D1454181EFF01FAF83D52900138680
:102A700004805145B115C205C181EFF0DFADADB5A0
:102A800083D52900C1641386F4FFB115C205C18145
:102A90005145EFF05FAC83D5290003D509001386BB
:102AA0000480B115C2053115C18155B7D2473385B0
:102AB0004A41B387FB4013D7F741B98F998F13571A
:102AC000F541398D198DB387F7023305A5023E957F
:102AD000EFA01138EF70B168E2472AD4AE8DB3078A
:102AE000FB4013D7F741B98F998F33079C41135699
:102AF000F741318F118F3307E702B387F7023305B0
:102B0000F700EFA0F134EF709165A2562AD02ECED7
:102B10003685EE85EFA0512742054181EFB0515730
:102B2000F2470257AA8DBE853A85EFA0F1254205EE
:102B30004181EFB03149AA856E85EFB081152ACE6B
:102B4000EFB0D16003A6018783A641872AD0AE8D5E
:102B5000EF90F14B634D0500025703A6818783A6D2
:102B6000C1873A85EE85EF90B13E6359A002130507
:102B7000C4FE9385C4FE4164C20542051306F4FFFA
:102B8000C1814181EFF03F9DD1455145130604803D
:102B9000EFF07F9C83A5C18872458DBDD247330578
:102BA0004C41B307FB4013D7F741B98F998F1357A7
:102BB000F541398D198DB387F7023305A5023E958E
:102BC000EFA01129EF70B159E2472AD4AE8DB38737
:102BD000FB4013D7F741B98F998F33879A4113562A
:102BE000F741318F118F3307E702B387F7023305BF
:102BF000F700EFA0F125EF709156A2562AD02ECE05
:102C00003685EE85EFA0511842054181EFB051485D
:102C1000F2470257AA8DBE853A85EFA0F11642050C
:102C20004181EFB0313AAA856E85EFB081062ACE98
:102C3000EFB0D15103A6018783A641872AD0AE8D7C
:102C4000EF90F13CE34505F2025703A6818783A686
:102C5000C1873A85EE85EF90B12FE34AA0F01305C6
:102C600084FDEFB031362A8C33057B41EFB09135CE
:102C7000AA856285EFB0E1012A8C232CA900228568
:102C8000EFB05134AA8C33856B01EFB0B133E285DC
:102C9000EFB0A141AA856685EFB0E16E83A5C18939
:102CA000EFB0A140EFB0F1262310A902138584FDF7
:102CB000EFB051312A8B33055A41EFB0B130AA85BC
:102CC0005A85EFA0117D2A8B232EA9002685EFB00F
:102CD000712FAA8B33854A01EFB0D12EDA85EFB080
:102CE000C13CAA855E85EFB0016A83A5C189094A06
:102CF000EFB0A13BEFB0F1212311A9026285EFB043
:102D000051219357F5413D8D1D8D634BAA005A8586
:102D1000EFB031209357F5413D8D1D8D6359AA06C3
:102D20001305C4FE9385C4FE4164C2054205130623
:102D3000F4FFC1814181EFF01F8213060480D14569
:102D40005145EFF05F81B70702009387475C414729
:102D5000C1461306800CE94513058002EFE06FD1F0
:102D60008346490293B716002302F90291EA9306BB
:102D700000F9A380D182130700FD2380E18245B9C9
:102D8000930600FDA380D182130700F9FDB74164CB
:102D9000FD471305F4FF2396F18EEFD09FFDB70793
:102DA00002009387875D4147C1461306800C930557
:102DB000E00613053002EFE0CFCB1305803EEF7045
:102DC000D1321305F4FFEFD0DFFA21616FD00FC3CA
:102DD00029458504EF707131C204C1809307903E8C
:102DE000E39CF4AADDB701A097E1FF1F938101BE28
:102DF00017D1002013010121179503001305C5C247
:102E000097D5FF1F938505201386C18D63FAC500F2
:102E10008322050023A0550011059105E3EAC5FEB4
:102E20001385C18D97750020938505776377B5006D
:102E3000232005001105E36DB5FEFD42739002BC31
:102E4000AD427390428099629382820873900230FF
:102E500097D2FFFF9382421B93E23200739052306D
:102E6000EFF0EF9597F2FFFF9382429F7390123439
:102E700073002030EFD2CFB7B727014093870740C8
:102E8000631DF500854513050020EF00A07C8145FA
:102E900013050020C1276FD0EFB7B73701409387E4
:102EA0000780E31AF5FE8545130500406527814537
:102EB00013050040C5B75841B707F1E09387F7EF16
:102EC000944D7D8F9C41D58FD44DD58FD441A20692
:102ED000D58FD98F5CC11845B7F7F1FF9387D77F9E
:102EE000D4457D8F9C49D58F94458606D58FD98F43
:102EF0001CC55855B70710FFFD177D8FDC29FD173E
:102F000093F7F70FD207D98F5CD582801C4589C50E
:102F100093E717001CC58280F99BEDBF5C4193F5D8
:102F2000F50F01C6CD8F5CC1828093C5F5FFFD8D85
:102F30004CC182801C4593E787001CC582800845F0
:102F40000D81058982801C4593E747001CC582805E
:102F500008450981058982801C4589C52167D98F6B
:102F60001CC5828061777D17F98FDDBFA54763FBA4
:102F7000B7048D47138765FF3307F7020328C500A1
:102F80009D47B397E70093C7F7FFB3F70701B396E1
:102F9000E600DD8E54C5145D9307260013D7460165
:102FA0000D8B998F93F7F70F1547B387E7027D478E
:102FB0003317F7001347F7FF758FB395F500D98DD9
:102FC0000CDD82800D473387E502032805019D470C
:102FD000B397E70093C7F7FFB3F70701B396E6008F
:102FE000DD8E14C94DBF1C5D3707D0FF7D17FD1561
:102FF000F98FD205DD8D0CDD8280411102C62AC613
:10300000B24793878702AE973EC6B24788434101D5
:103010004205418182805C41184113D58500798D3C
:1030200011C593F5F50FFD8D3335B0008280A18178
:1030300093C5F5FF0CC182805C4191C53707000440
:10304000D98F5CC18280370700FC7D17F98FD5BF0F
:10305000EFD20F9A01112A8423040100A5441C8495
:1030600063F9F40423040100A54621461C8463F09F
:10307000F608231501002304010095461C8463FB18
:10308000F60E38853C8599460D46B3F7D70205659F
:1030900013050580B3D7C7023357D702BA97C207C3
:1030A000C1837C853C8505611D8D420541856FD0BE
:1030B0006F961C4493E787001CC42285EFF03FE81D
:1030C0006DFD1C4493E747001CC42285EFF05FE8C8
:1030D0006DFD78441C848607938707028A972396A0
:1030E000E7FE1C84850793F7F70F5C848DBFA3046C
:1030F00001009C846378F6001C84850793F7F70F22
:103100005C84ADB798849C840607850786071307FF
:103110000702938707020A978A970357C7FE83D748
:10312000C7FE63F3E7049C848607938707028A97A8
:1031300083D7C7FE7C859C84988485078607938700
:1031400007028A9783D5C7FE931717009387070254
:103150008A972396B7FE9C843885850786079387D0
:1031600007028A972396E7FE9C84850793F7F70F5B
:10317000DC8441B71C84388589078607938707025A
:103180008A9783D7C7FEBA97C207C1837C851C8400
:10319000850793F7F70F5C84D5B514455C41584516
:1031A0000328C502D58FD98F1849370600A0D98FBB
:1031B0005849D98F184DD98F584DD98F1851D98F5B
:1031C0005851D98F1855D98F1859B3E70701D98F9E
:1031D00018410A073A961CC2A1476396F6001C42A2
:1031E00093E707041CC254598C4E9C42CD8FCC42AD
:1031F0009205CD8F8C46A205CD8FCC46C205CD8FD2
:103200008C4AD44AD205CD8FE206D58F5CC2916735
:103210006313F802145D904E9C42D18FD0429446C5
:103220001206A206D18FD58FB70600A0938646104E
:1032300036971CC38280B70700A0938747103E973C
:10324000B7070010FD17F5B70A05B70700A0AA9742
:10325000984389C51367170098C38280B70610008A
:10326000F916758FD5BF9C4513F7070113F8F700C2
:1032700001C7D8413368E8008E2113F7F50F31C339
:1032800018418146054E930E80023D4F930F8004F6
:1032900021433316DE00B3F8C50063101603639AAA
:1032A000D70750C913962600B318CF0093C8F8FF6C
:1032B00033F7E8003316C800518F8506E39B66FCA0
:1032C00018C11307F00F6375B70454410146054E4A
:1032D000930E8002130F80042143130786003317D7
:1032E000EE00B3F8E500631117036398D70358C9DC
:1032F000931826003D47331717011347F7FFF98E40
:10330000B3181801B3E6D8000506E31866FC54C1EB
:103310008280E399F7F910C971B7E39BE7FD18C9FB
:10332000C1BF1C4533F5F5003335A00082800CC9C0
:1033300082804CC9828019C20CC982804CC98280AB
:10334000B7083000935605011317050133731501B3
:10335000BD8A418363530502B7070140DC4F631503
:103360001305C1060D46B316D60093C6F6FFF58FBA
:10337000C5E9370701405CCF82803708014003264A
:10338000480063121307B70600F1FD16B377D600A5
:1033900003264800F18E2322D800BDCD55811205A9
:1033A0003315A700C98F8DA837061000698E05C296
:1033B0000D46B316D60093C6F6FFF58FDDD95581BD
:1033C0001375F53F12053315A700C98F5DB75581F9
:1033D0001375F53F12053317A7009346F7FFF58FD6
:1033E000C9D9D98F79B7B7071000E98F99CB8D4725
:1033F000B397D70093C7F7FFF18FB706000FD58FAC
:1034000069BF558112053315A7009347F5FFF18F6A
:103410003707000FD98FD9F5370701405CC3828089
:1034200055811375F53F12053317A7005DBF23A221
:10343000A190828003A74190894714216311F7026C
:1034400018318D4763EDE7003C211A079607D98FA5
:1034500037E700E093F7F70F36972300F74005476B
:1034600093D756003317D700544189CA938707046E
:103470008A07B7E600E0B69798C38280938707066D
:10348000B7E600E08A07B69798C30F100000828065
:10349000B7160240DC4251777D17F98FC98FDCC225
:1034A0008280371702405C43A146B18B6381D70607
:1034B000B7177A00938707201CC1371602405C4279
:1034C00037070020130747059183BD8BBA979423D4
:1034D0001C41B3D7D7005CC15442A1829D8ABA96E1
:1034E0009422B3D6D70014C55442AD829D8A369734
:1034F000182393864182B3D7E7005CC558423983CD
:103500000D8B36971823B3D7E7021CC982805C4322
:103510005843C166C983758FB7F6FF1F03A6C670EF
:103520009166BD8BF18E890795E6C546014663938A
:10353000D700C94731EF3747024003270780418B47
:1035400039C337177A0013070720B387E7022DD650
:1035500085839DB78946638DD700BD46638CD700B0
:10356000C146638CD700C546638CD7000146D9B7E6
:10357000C947EDBF0546B54775BF0146BD475DBFAD
:103580000146C14745BF37173D001307079075BF78
:10359000B7150240D855C166758FD45521CB91829D
:1035A000BD8A37177A008506130707203357D702DD
:1035B000D455A182BD8A89EE95463307D70205838B
:1035C000B7160240D456BD8A85063357D702B5BF19
:1035D00085456394B600E546CDB7BD456396B60014
:1035E000D1463387E602E9BF8906E5BFBD8A3717B2
:1035F0007A00850613070720C9BF99C5371702400F
:103600005C4BC98F5CCB8280B7170240D84B134507
:10361000F5FF798DC8CB828099C5371702401C4FC2
:10362000C98F1CCF8280B7170240984F1345F5FF12
:10363000798D88CF828099C5371702405C4FC98F3A
:103640005CCF8280B7170240D84F1345F5FF798DC4
:10365000C8CF828099C5371702405C47C98F5CC7C5
:103660008280B7170240D8471345F5FF798DC8C748
:1036700082801E2137380140130708C0C2079621F7
:10368000D221C1836316E502BA2193F7F7F8D98FE7
:10369000FA2193F7F7CFD98F1EA152B5B737014062
:1036A00016B5938707C0631DF5069C251EB9A1A01A
:1036B00037070040E30AE5FC13070740E306E5FC93
:1036C0003717004093080780E30015FD930807C0F3
:1036D000E30C15FB13080840E30805FB37580140CD
:1036E000930808C0E30215FBE30005FB6318E5003F
:1036F0001EA152B516B585475EA982801307074003
:103700006319E500B71500402390F54052B716B78E
:10371000DDB7FA2193F7F7CFD98F1EA152B516B5B1
:10372000B737014093870740E301F5F8B7570140E9
:10373000138707C0E30BE5F6E309F5F66DBF1E310D
:10374000E5769386F6CFC207C183BD9BC207C183CE
:103750001EB11E3152211A2D03D88500C207758F64
:103760009621C18393F7F7FDA206558FB621420635
:103770004207B3E606019206D58FB7360140C2076D
:10378000138806C041824183C183630E050193867D
:103790000640630AD500B7560140138806C063048B
:1037A0000501631ED502B62593F7F7F703D8C500C8
:1037B0009206D58FD621C207C183920693F7F7FBF5
:1037C000D58FFD769386F63FF18EF225C207C18331
:1037D000336606010A06D18E13960601418252A174
:1037E0001AADFA211ABD1EB182801E2189C593E748
:1037F00017001EA18280C207C183F99BC207C18343
:10380000CDBF8357450491C52167D98F2312F50495
:103810008280C607C583DDBF5E2501C6CD8F5EA54C
:10382000828093C5F5FFED8FDDBF1E2189C593E72B
:1038300007081EA18280C207C18393F7F7F7C2076A
:10384000C183C5BF1E2D7D771307F77FF98FA205B2
:10385000CD8FC207C1831EAD82805E21C207C183A6
:1038600093F7F7F8C207C1835EA15E21CD8F5EA1F9
:1038700082801E294A25ED8F4205418189C76D8DC1
:103880003335A00082800145828093C5F5FFC205D3
:10389000C1810EA98280EFC2BF951629F577FD1769
:1038A000FD8EFE21DA250111D58F1EA95625FD7743
:1038B0009387379FFD8EDE212A84AE84D58F96258F
:1038C000D58FB625D58F5EA55E29C207C18393F734
:1038D000F7CFD98F5EA96800EFF0BFBCB7470140B2
:1038E00093870780631EF402E2476547B387E702C8
:1038F0009840930640060A07B3D7E70233D7D702AA
:10390000B3F7D7021207920793872703B3D7D702DB
:10391000BD8BD98FC207C1831EA405616FC09F8F65
:10392000D247E1B75E2589C50967D98F5EA5828038
:1039300079777D17F98FDDBF13F7F50F854715836D
:10394000B395B7006319F7009307C500984301CEFC
:103950004D8F98C38280894693074501E318D7FEAF
:1039600093070501E5B793C5F5FFF98D8CC38280F8
:1039700093F5F51F4EA182804A211375F51F8280B1
:103980000A216D8D3335A000828093F6F50F054630
:1039900095822A87B317B6006391C602562533F580
:1039A000F6001E23C207C18301C9A1810547331751
:1039B000B700F98F3335F000828009466394C60062
:1039C0001629F1BF5629E1BF8280EFC27F82EFC086
:1039D0001077EF1011416FC0FF8399476394F5048E
:1039E000EFC21F81EFF07FFE2A84EF2011683C4573
:1039F00085EB7C4599C363958702938741C09C2BD7
:103A0000138441C089C7138541C0EF10D05F48447B
:103A10000147A9462946A545EF1091462302040017
:103A20006FC04FFF828099476395F504EFC24FFC4A
:103A3000EFF0BFF92A84EF2051633C458DEB7C45C4
:103A400099C363968702938741C083C78702138413
:103A500041C089C7138541C0EF30603148500147EC
:103A6000A9462946A545EF10B141230804006FC0BF
:103A70006FFA82806FF03FFB99476395F504EFC2C0
:103A80002FF7EFF09FF42A84EF20315E3C458DEB59
:103A90007C4599C363968702938741C083C7870299
:103AA000138441C089C7138541C0EF30402C485072
:103AB0000147A9462946A545EF10913C2304040679
:103AC0006FC04FF5828099476395F504EFC24FF2BE
:103AD000EFF0BFEF2A84EF2051593C458DEB7C4538
:103AE00099C363968702938741C083C78702138473
:103AF00041C089C7138541C0EF3060274850014756
:103B0000A9462946A545EF10B1372306040C6FC01E
:103B10006FF0828099476395F504EFC26FEDEFF087
:103B2000DFEA2A84EF2071543C458DEB7C4599C334
:103B300063968702938741C083C78702138441C07D
:103B400089C7138541C0EF30802248500147A946FC
:103B50002946A545EF10D132230C040E6FC08FEB20
:103B6000828099476395F504EFC28FE8EFF0FFE597
:103B70002A84EF20914F3C458DEB7C4599C3639699
:103B80008702938741C083C78702138441C089C7D6
:103B9000138541C0EF30A01D48500147A946294672
:103BA000A545EF10F12D230A04126FC0AFE6828005
:103BB00099476395F504EFC2AFE3EFF01FE12A8464
:103BC000EF20B14A3C458DEB7C4599C36396870253
:103BD000938741C083C78702138441C089C7138577
:103BE00041C0EF30C01848500147A9462946A545B5
:103BF000EF101129230204166FC0CFE1828099478C
:103C00006397F504EFC2CFDEEFF03FDC2A84EF20AC
:103C1000D1453C459DEB7C4599C3639887029387CA
:103C200041C083C78706138441C089C7138541C03B
:103C3000EF1090646850054793064006130640064F
:103C4000A545EF10F12385471CA86FC0AFDC82802B
:103C500099476395F504EFC2AFD9EFF01FD72A84D7
:103C6000EF20B1403C458DEB7C4599C363968702BC
:103C7000938741C083C78706138441C089C71385D2
:103C800041C0EF10705F68500147A9462946A5451D
:103C9000EF10111F230404026FC0CFD78280994711
:103CA0006395F504EFC2CFD4EFF03FD22A84EF2022
:103CB000D13B3C458DEB7C4599C363968702938746
:103CC00041C083C7870F138441C081C7138541C09A
:103CD000BD260325440F0147A9462946A545EF10F7
:103CE000311A230404026FC0EFD282809947639691
:103CF000F504EFC2EFCFEFF05FCD2A84EF20F1366D
:103D00003C4595EB7C4599C363978702938741C0F7
:103D100083C7C70C138441C089C7138541C0EF0016
:103D2000D0630325840C0147A9462946A545EF1019
:103D30003115230404026FC0EFCD8280994763964A
:103D4000F504EFC2EFCAEFF05FC82A84EF20F1312B
:103D50003C4595EB7C4599C363978702938741C0A7
:103D600083C74713138441C089C7138541C0EF102F
:103D7000803B032504130147A9462946A545EF10BA
:103D80003110230404026FC0EFC882809947639604
:103D9000F504EFC2EFC5EFF05FC32A84EF20F12CEA
:103DA0003C4595EB7C4599C363978702938741C057
:103DB00083C74716138441C089C7138541C0EF30BC
:103DC0002077032504160147A9462946A545EF108B
:103DD000310B230404026FC0EFC3828099476399BB
:103DE000F500371501408545130505C06FF06FD408
:103DF00082809947639FF502EFC28FBF5571B785E7
:103E000003001306D002938505EA2800EFC04FC1D6
:103E10001306B009814513055103EFC02FC4375570
:103E200000402C0013050580EFD05F9F69616FC0D3
:103E30006FBE82808280828082808280084191650C
:103E40009385A59D6F20B115EFC28FBA2A8448458E
:103E50009165938565A2EF209114084C9165938537
:103E6000859CEF20D113484C91659385E5BFEF20E9
:103E7000111308509165938545A7EF2051126FC02B
:103E80006FB9EFC2EFB62A8408599165938585E32F
:103E9000EF20F110485891659385C5D8EF20311077
:103EA000485C91659385C5D3EF20710F684091659B
:103EB000938505C5EF20B10E684491659385C5CE05
:103EC000EF20F10D684891659385E5C9EF20310D2C
:103ED0006FC04FB428599165938585A76F20310C29
:103EE000EFC20FB12A840325C50D9165938565AC9A
:103EF000EF20F10A0325440E91659385C5DDEF207F
:103F0000110A6FC02FB1EFC2AFAE2A84032585100E
:103F10009165938545B1EF209108032504129165C1
:103F2000938525DFEF20B1076FC0CFAEEFC24FAC56
:103F30002A84032545149165938525B6EF20310623
:103F40000325441591659385A5E3EF2051056FC0C6
:103F50006FACEFC2EFA92A840325451791659385BD
:103F600005BBEF20D103032544189165938545E3F4
:103F7000EF20F1020325C4189165938565E3EF20D6
:103F800011026FC02FA92302050023080500230496
:103F90000502230405062306050C230C050E230A3F
:103FA0000512230205168280EFC28FA4B7060020F7
:103FB00091652A8413884613938746131387461303
:103FC0000946938646139385656913056051EF8012
:103FD00090192285EFF03FFB2285EF10D002228559
:103FE000B9282285EF0070372285EF10C013228593
:103FF000EF10E07C2285EF1030282285EF2030572B
:104000002285EF30E052032584128145EF80E043A2
:104010000325C4118145EF8040434844EF102160DF
:104020006FC04F9F93575500135735004D817D8BBF
:1040300093F7077E7D89D98F2E055D8D8280EFC233
:10404000AF982A8A81450145EF201142232AAA0E02
:104050001306000F93050014EF20F1291385C19476
:10406000EF5051661385C19401469305C002EF607D
:10407000410603254A0F1386C1948145EF30514E06
:1040800003254A0F814513040A10EF60B065B78518
:10409000030008C0938505EDEF6050480840854552
:1040A000EF6000280840214693052012EF2071158B
:1040B0000840F945A164EF20112D13858194EF503C
:1040C00071600146854513858194EF50116E01455D
:1040D000EFF05FF52A869385940813858194EF505D
:1040E0001176370600209385E40813858194130622
:1040F000460FEF6081079385040813858194094674
:10410000EF50B16A93851408138581940146EF50EE
:10411000D1691385819401469305C002EF50717BEC
:10412000138581940146C145EF5031681385819410
:104130000146CD45EF507167138581940146C54511
:10414000EF50B166138581940146C945EF50F16582
:1041500013858194014693050005EF5011650840D1
:10416000138681948145EF30B13F03254A0F814585
:10417000EF40802A48C09305803EEF40603B4840B6
:10418000130640068145EF40A03E48400146930596
:104190002003EF4080214840254693059010EF20F2
:1041A000510648401946D145EF20F114138541943A
:1041B000EF5051511306F00F9305C002138541943F
:1041C000EF503171B7DBD40013859B7DEFF09FE595
:1041D0002A869305900213854194EF50516613850A
:1041E000419429468545EF50515C13854194014621
:1041F00093050005EF50715B48401386419481455B
:10420000EF30113613850194EF50D14B1306F00FA8
:104210009305C00213850194EF50B16B696D1305CE
:104220001D2BEFF03FE02A86930590021385019441
:10423000EF50F1601385019429468545EF50F15602
:104240004840138601948545EF30913103254A0F8C
:104250008145EF40E03A08C48145EF60B048B7853A
:10426000030048C4938585EDEF60502B4844854595
:10427000B70A0001EF60C00A08442146A145EF20BB
:104280004178084479469305D002EF20D106138582
:10429000C193EF5031430145EFF0DFD82A86938573
:1042A00094081385C193EF509159370600209385E8
:1042B000E4081385C19313064606EF50116B1306ED
:1042C000F00F9305C0021385C193EF5091601385E1
:1042D000FAFFEFF03FD52A86930590021385C1932C
:1042E000EF50F1551385C193094693050003EF5034
:1042F000D14B1306F00F9305C0031385C193EF5004
:10430000515D13051D2BEFF0FFD12A869305900315
:104310001385C193EF50B1521385C1931306200347
:104320008545EF5091481385C193014693050005DB
:10433000EF50B14708441386C1938145EF305122B5
:1043400003254A0F8145EF70B07E08C8130620038D
:1043500093054010EF20E16A08485146930580021A
:10436000EF20617913858193EF50D1351306F00F5B
:104370009305C00213858193EF50B15513859B7D42
:10438000EFF05FCA2A869305900213858193EF5060
:10439000114B13858193014693050003EF50F140C3
:1043A0001306F00F9305C00313858193379C2100FA
:1043B000EF50315213056C5FEFF0DFC62A8693058C
:1043C000900313858193EF5091471385819329467C
:1043D0008545EF50913D1385819301469305000576
:1043E000EF50B13C0848138681938145EF30511757
:1043F00013854193EF50112D1306F00F9305C00262
:1044000013854193EF50F14CA96C13855C1BEFF0C1
:104410007FC12A869305900213854193EF50314264
:1044200013854193014693050003EF50113813069D
:10443000F00F9305C00313854193EF509149130585
:104440006C5FEFF03FBE2A8693059003138541937E
:10445000EF50F13E13854193130640068545EF501A
:10446000D1340848138641938545EF30710F138589
:104470000193EF5031251306F00F9305C002138509
:104480000193EF5011451385FAFFEFF0BFB92A866B
:104490009305900213850193EF50713A13850193B0
:1044A000130640068545EF505130084813860193A6
:1044B0008945EF30F10A03254A0F8145EF609022CC
:1044C000B785030048C8938505EEEF60300548487E
:1044D0008545370B0020EF50B06448481306200391
:1044E000F945EF20015248489305600993090A08ED
:1044F000EF2061691385C192EF50D11C01468545BB
:104500001385C192EF50712A0145EFF0BFB12A86A1
:10451000938594081385C192EF50713213064B09AD
:104520009385E4081385C192EF50314493850408C4
:104530001385C1920946EF505127938514081385BE
:10454000C1920146EF5071261385C1920146930531
:10455000C002EF5011381385C1920146C145EF509A
:10456000D1241385C1920146CD45EF501124138506
:10457000C1920146C545EF5051231385C1920146B2
:10458000C945EF5091221385C1920146930500055C
:10459000EF50B12148481386C1928145EF30417CEC
:1045A00003254A0F8145EF60F013B785030008CC5F
:1045B000938505EFEF608076084C8545EF505056A7
:1045C000084C13068007F945EF20A143084C9305DA
:1045D0006009EF20415B13858192EF50B10E0146D7
:1045E000854513858192EF50511C0145EFF09FA343
:1045F0002A869385940813858192EF5051241306DF
:104600004B099385E40813858192EF501136938509
:104610000408138581920946EF50311993851408D7
:10462000138581920146EF505118138581920146FE
:104630009305C002EF50F129138581920146C145CF
:10464000EF50B116138581920146CD45EF50F1151B
:10465000138581920146C545EF503115138581922E
:104660000146C945EF5071141385819201469305A7
:104670000005EF509113084C138681928145EF306D
:10468000216E03254A0F8145EF70904A48CC1306EE
:10469000800793054010EF20C136484C51469305E2
:1046A0008002EF20414513854192EF50B10113067E
:1046B000F00F9305C00213854192EF5091211385AD
:1046C0009B7DEFF03F962A869305900213854192D9
:1046D000EF50F11613854192014693050003EF5008
:1046E000D10C1306F00F9305C00313854192EF50D0
:1046F000511E13056C5FEFF0FF922A86930590031D
:1047000013854192EF50B113138541922946854597
:10471000EF50B10913854192014693050005EF5012
:10472000D108484C138641928145EF30616313856F
:104730000192EF5021791306F00F9305C002138503
:104740000192EF50111913855C1BEFF0BF8D2A8683
:104750009305900213850192EF50710E138501921B
:10476000014693050003EF5051041306F00F930523
:10477000C00313850192EF50D11513056C5FEFF064
:104780007F8A2A869305900313850192EF50310B9F
:1047900013850192130640068545EF501101484CE0
:1047A000138601928545EF30A15B1385C191EF50CF
:1047B00061711306F00F9305C0021385C191EF508C
:1047C00051111385FAFFEFF0FF852A8693059002B9
:1047D0001385C191EF50B1061385C19113064006B0
:1047E0008545EF50817C484C1386C1918945EF3057
:1047F000215703254A0F8145EF30906008D081454D
:10480000EF60406EB785030048D0938505F0EF60F8
:10481000E05048508545EF50B03008501306500A1C
:104820009305C003EF20E11D0850130620039305F4
:10483000800CEF20412C13858191EF50A168014538
:10484000EFF04FFE2A869385940813858191EF50EF
:10485000017F13064B099385E40813858191EF507E
:10486000D1101306F00F9305C00213858191EF500C
:1048700051061385FAFFEFF0EFFA2A8693059002AE
:1048800013858191EF50A17B138581910946930592
:104890000003EF5081711306F00F9305C0031385D9
:1048A0008191EF50110313051D2BEFF0AFF72A860E
:1048B0009305900313858191EF5061781385819161
:1048C000130620038545EF50416E13858191014603
:1048D00093050005EF50616D085013868191814565
:1048E000EF30014803254A0F8145EF70702408D44A
:1048F0001306500593054010EF20A11008545146AF
:1049000093058002EF20211F13854191EF50815BB9
:104910001306F00F9305C00213854191EF50617BA0
:1049200013859B7DEFF00FF02A8693059002138587
:104930004191EF50C17013854191014693050003E9
:10494000EF50A1661306F00F9305C0031385419144
:10495000EF50217813056C5FEFF0CFEC2A869305BA
:10496000900313854191EF50816D13854191294644
:104970008545EF50816313854191014693050005FC
:10498000EF50A1620854138641918145EF30413DBB
:1049900013850191EF5001531306F00F9305C002E8
:1049A00013850191EF50E17213855C1BEFF08FE7E7
:1049B0002A869305900213850191EF504168138573
:1049C0000191014693050003EF50215E1306F00F9D
:1049D0009305C00313850191EF50A16F13056C5F20
:1049E000EFF04FE42A869305900313850191EF5071
:1049F000016513850191130640068545EF50E15A84
:104A00000854138601918545EF3081351385C19097
:104A1000EF50414B1306F00F9305C0021385C19070
:104A2000EF50216B1385FAFFEFF0CFDF2A86930555
:104A300090021385C190EF5081601385C1901306D9
:104A400040068545EF50615608541386C19089454C
:104A5000EF30013103254A0F8145EF60A048B7854B
:104A6000030048D4938505F1EF60402B48548545F9
:104A7000EF50100B485413065005F945EF107178AC
:104A800048549305400BEF20011013858190EF509F
:104A900061430146854513858190EF5001510145E1
:104AA000EFF04FD82A869385940813858190EF50B4
:104AB000015913064B099385E40813858190EF5043
:104AC000C16A93850408138581900946EF50E14D32
:104AD00093851408138581900146EF50014D13858D
:104AE000819001469305C002EF50A15E138581902D
:104AF0000146C145EF50614B138581900146CD457C
:104B0000EF50A14A138581900146C545EF50E14918
:104B1000138581900146C945EF5021491385819045
:104B2000014693050005EF50414848541386819093
:104B30008145EF30E1225285EFF0EFBC6FB04FECD2
:104B400093575500135735004D817D8B93F7077EA2
:104B50007D89D98F2E055D8D8280EFB2EFE6AA891F
:104B60008145014513840908EF20011028C413066C
:104B7000000F93050014EF10117813850197EF5083
:104B800061341385019701469305C002EF506154CB
:104B90002844138601978145EF30811C28448145C4
:104BA000EF30900768C89305803EEF307018684872
:104BB000130640068145EF30B01B68480146930557
:104BC0002003EF30807E6848254693059010EF1053
:104BD000516368481946D145EF10F1711385C196AC
:104BE000EF50412E1306F00F9305C0021385C196B6
:104BF000EF50214E37DBD40013059B7DEFF05FF4BF
:104C00002A86930590021385C196EF504143138580
:104C1000C19629468545EF5041391385C196014615
:104C200093050005EF50613868481386C1968145A9
:104C3000EF30011313858196EF50C1281306F00F52
:104C40009305C00213858196EF50A148696A130548
:104C50001A2BEFF0FFEE2A869305900213858196BA
:104C6000EF50E13D1385819629468545EF50E133AC
:104C70006848138681968545EF30810E284481452A
:104C8000EF604026B785030028CC938505EDEF60E3
:104C9000E008284C85452169EF508068284C214662
:104CA00093052012EF10F155284CF945B70A002062
:104CB000EF10716D13854196EF50C1200146854577
:104CC00013854196EF50612E0145EFF07FE72A866C
:104CD0009305990813854196EF50613637060020F9
:104CE0009305E908138541961306460FEF50E147F7
:104CF00093050908138541960946EF50012B93054A
:104D00001908138541960146EF50212A13854196D3
:104D100001469305C002EF50C13B13854196014601
:104D2000C145EF508128138541960146CD45EF508E
:104D3000C127138541960146C545EF5001271385CC
:104D400041960146C945EF504126138541960146DB
:104D500093050005EF506125284C13864196814547
:104D6000EF30010028448145EF30900968CC81453F
:104D7000EF604017B785030028D0938585EDEF508D
:104D8000F07928508545B70B0001EF506059684C09
:104D90002146A145EF10F146684C79469305D002B3
:104DA000EF10715513850196EF50C1110145EFF0D9
:104DB0003FD92A869305990813850196EF5021283B
:104DC00013864A069305E90813850196EF50E139E9
:104DD0001306F00F9305C00213850196EF50612F63
:104DE0001385FBFFEFF0DFD52A869305900213852C
:104DF0000196EF50C12413850196094693050003DF
:104E0000EF50A11A1306F00F9305C0031385019606
:104E1000EF50212C13051A2BEFF09FD22A86930511
:104E2000900313850196EF50812113850196130697
:104E300020038545EF5061171385019601469305C0
:104E40000005EF508116684C138601968145EF20CE
:104E5000317128448145EF30A07A68D08145EF60F8
:104E60006008B785030028D4938505F2EF50106BD6
:104E700028548545EF50C04A685013063004930506
:104E8000E006EF1011386850130620039305400622
:104E9000EF1071461385C195EF50C1020145EFF047
:104EA0003FCA2A86930599081385C195EF502119A9
:104EB00013864A069305E9081385C195EF50E12A48
:104EC0001306F00F9305C0021385C195EF506120C2
:104ED0001385FBFFEFF0DFC62A869305900213854A
:104EE000C195EF50C1151385C1950946930500037F
:104EF000EF50A10B1306F00F9305C0031385C19566
:104F0000EF50211D13051A2BEFF09FC32A8693053E
:104F100090031385C195EF5081121385C195130637
:104F200020038545EF5061081385C195014693051F
:104F30000005EF50810768501386C1958145EF2029
:104F4000316228448145EF30204D68D49305803E7E
:104F5000EF30005E6854130640068145EF30406133
:104F60006854014693052003EF302044685413062B
:104F7000500993058002EF10D12868542946930503
:104F8000000FEF10513713858195EF40B173130671
:104F9000F00F9305C00213858195EF50811313051F
:104FA0009B7DEFF0FFB92A869305900213858195CA
:104FB000EF50E1081385819529468545EF40F17E44
:104FC00013858195014693050005EF40117E6854D5
:104FD000138681958145EF20B15813854195EF40A7
:104FE000716E1306F00F9305C00213854195EF50C3
:104FF000410E13051A2BEFF0BFB42A8693059002D9
:1050000013854195EF50A1031385419529468545A8
:10501000EF40B1796854138641958545EF2051548E
:1050200028448145EF50106CB785030028D893853C
:10503000C5F2EF50B04E28588545EF50602E2858E5
:105040001306400B93058002EF10B11B28589305FF
:10505000000FEF10513313850195EF40B166014603
:10506000854513850195EF4051740145EFF05FAD23
:105070002A869305990813850195EF40517C138684
:105080004A069305E90813850195EF50010E930533
:105090000908138501950946EF40317193051908F8
:1050A000138501950146EF40517013850195014626
:1050B0009305C002EF50E101138501950146C145FA
:1050C000EF40B16E138501950146CD45EF40F16D7E
:1050D000138501950146C545EF40316D1385019556
:1050E0000146C945EF40716C138501950146930552
:1050F0000005EF40916B2858138601958145EF20FC
:1051000031464E85EFE0DFDD6FB08F8F935755004E
:10511000135735004D817D8B93F7077E7D89D98F9D
:105120002E055D8D8280EFB22F8AAA8981450145C7
:1051300013840910EF10513308D81306000F93059C
:105140000014EF10511B13854199EF40B15713859F
:10515000419901469305C002EF40B1770858138684
:1051600041998145EF20D13F08588145EF50905734
:10517000B785030048DC938505EDEF50303A485C75
:105180008545A164EF50C019485C21469305201263
:10519000EF103107485CF945E96AEF10D11E13851D
:1051A0000199EF4031520146854513850199EF4041
:1051B000D15F0145EFF09FF52A869385940813850A
:1051C0000199EF40D167370600209385E4081385E5
:1051D00001991306460FEF40517993850408138512
:1051E00001990946EF40715C938514081385019974
:1051F0000146EF40915B1385019901469305C0027A
:10520000EF40316D138501990146C145EF40F159D9
:10521000138501990146CD45EF4031591385019918
:105220000146C545EF407158138501990146C945AE
:10523000EF40B15713850199014693050005EF40F2
:10524000D156485C138601998145EF207131085889
:105250008145EF30601C28C09305803EEF30402D23
:105260002840130640068145EF3080302840014633
:1052700093052003EF3060132840254693059010D6
:10528000EF10217828401946D145EF10D10613853B
:10529000C198EF4031431306F00F9305C002138508
:1052A000C198EF40116337D5D4001305957DEFF019
:1052B000FFE52A86930590021385C198EF40315887
:1052C0001385C19829468545EF40314E1385C19815
:1052D000014693050005EF40514D28401386C198C3
:1052E0008145EF20F12713858198EF40B13D1306EA
:1052F000F00F9305C00213858198EF40915D1385EF
:105300001A2BEFF0BFE02A8693059002138581984F
:10531000EF40F1521385819829468545EF40F148C9
:105320002840138681988545EF20912308588145B0
:10533000EF30002D68C08145EF50D03AB7850300AB
:1053400028C4938585EDEF50701D28448545370AA4
:105350000020EF40F07C68402146A145EF10616AD3
:10536000684079469305D002EF10E17813854198A3
:10537000EF40513513062003854513854198EF40D2
:10538000D1420145EFF09FD82A8693859408138572
:105390004198EF40D14A13064A069385E4081385E5
:1053A0004198EF40915C1306F00F9305C0021385FE
:1053B0004198EF401152370B00011305FBFFEFF04E
:1053C000FFD42A869305900213854198EF40314718
:1053D00013854198014693050005EF40113D138563
:1053E0004198094693050003EF40313C1306F00F46
:1053F0009305C00313854198EF40B14D13851A2BD7
:10540000EFF0DFD02A869305900313854198EF4093
:1054100011436840138641988145EF207114085864
:105420008145EF50302CB785030068C4938545F360
:10543000EF50D00E68448545B70B0020EF40506E0A
:10544000684413061004A145EF10A15B684493055E
:10545000F009EF10417313850198EF40B1261385D1
:10546000019801469305C002EF40B14613850198AB
:1054700001468545EF4071330146930500051385CC
:105480000198EF4091320145EFF05FC82A8693857D
:10549000940813850198EF40913A13864B09938540
:1054A000E40813850198EF40514C93850408138557
:1054B00001980946EF40712F9385140813850198D0
:1054C0000146EF40912E138501980146C145EF40FA
:1054D000D12D138501980146CD45EF40112D13853F
:1054E00001980146C545EF40512C138501980146AE
:1054F000C945EF40912B6844138601988145EF2000
:10550000310608588145EF50F01DB705020028C844
:1055100093858547EF50900028488545EF405060BF
:105520002848130610049305A00AEF10814D28485F
:1055300093051009EF1021651385C197EF4091186D
:105540000145EFF0BFBC2A86938594081385C19767
:10555000EF40F12E13864B099385E4081385C1971C
:10556000EF40B140938504081385C1970946EF4089
:10557000D123938514081385C1970146EF40F1228A
:105580001385C19701469305C002EF4091341385FE
:10559000C19701468545EF4051211385C1970146CA
:1055A00093050005EF4071201385C1970146C14561
:1055B000EF40B11F1385C1970146CD45EF40F11E65
:1055C0001385C1970146C545EF40311E1385C1972C
:1055D0000146C945EF40711D28481386C197814592
:1055E000EF20017808588145EF30800168C8814577
:1055F000EF50500FB785030028CC938545F4EF504A
:10560000E071284C8545EF40B05168481306E0062C
:105610009305E006EF10E13E68481306200393056A
:105620004006EF10414D13858197EF40B1091306F5
:105630002003854513858197EF4031170145EFF031
:10564000FFAC2A869385940813858197EF40311F1C
:1056500013064A069385E40813858197EF40F130DD
:105660001306F00F9305C00213858197EF40712652
:105670001305FBFFEFF09FA92A869305900213857F
:105680008197EF40D11B1385819701469305000553
:10569000EF40B11113858197094693050003EF4050
:1056A000D1101306F00F9305C00313858197EF40C7
:1056B000512213851A2BEFF07FA52A8693059003BC
:1056C00013858197EF40B11768481386819781450C
:1056D000EF20016908588145EF50D000B7850300DD
:1056E00068CC938585F5EF506063684C9145EF5029
:1056F000C073684C1306400BD145EF108130684CE5
:1057000093058011EF10214813854197EF40817B6D
:105710000146854513854197EF4031090145EFF07A
:10572000FF9E2A869385940813854197EF40311197
:1057300013064A069385E40813854197EF40F1224A
:1057400093850408138541970946EF401106938518
:105750001408138541970146EF40310513854197A1
:1057600001469305C002EF40D116138541970146CB
:10577000C145EF409103138541970146CD45EF4068
:10578000D102138541970146C545EF4011021385AB
:1057900041970146C945EF405101138541970146A4
:1057A00093050005EF407100684C138641978145D1
:1057B000EF20015B4E85EFE06FF76FA07FA4EFA2B3
:1057C0003FA32A8481450145EF10014A08C0130612
:1057D000000F93050014EF10013213858199EF40FB
:1057E000616E1385819901469305C002EF40710EE9
:1057F0000840138681998145EF2081562285EFE08C
:10580000EFE36FA03FA1EFA2BF9E2A84814501452F
:10581000EF10814548C41306000F93050014EF10E4
:10582000812D1385819AEF40E1691385819A0146A4
:105830009305C002EF40F10948441386819A8145DF
:10584000EF20015248448145EF30603B08CC814550
:10585000EF00316E084C81452169EF308047084CDC
:105860000147814601468145EF306049084C0146B9
:105870008145EF100119084C1306000F9305001421
:10588000EF1061271385419AEF40C1631385419A58
:105890001306F00F9305C002EF40B1031385419A40
:1058A000014693059002EF4081791385419A0546A0
:1058B00093050003EF40616F1385419A1306F00FC3
:1058C0009305C003EF40F10069761385419A1306F2
:1058D00036CD93059003EF4081761385419A0146BA
:1058E0008545EF40816C1385419A0146930500057B
:1058F000EF40A16B084C1386419A8145EF20414649
:10590000084C8145EF50005EB785030048CC938575
:1059100005F7EF50A040484C8545EF407020484CBB
:10592000130620089305F004EF10A10D484C9305D1
:10593000200AEF1041251385019AEF40A1581385E5
:10594000019A01468545EF40416693059908138504
:10595000019A7D56EF40A16E370600209305E908B5
:105960001385019A13064606EF4031009305090896
:105970001385019A0946EF40416393051908138581
:10598000019A0146EF4061621385019A0146930531
:10599000C002EF4001741385019A0146C145EF40F2
:1059A000C1601385019A0146CD45EF400160138522
:1059B000019A0146C545EF40415F1385019A0146B2
:1059C000C945EF40815E1385019A014693050005A4
:1059D000EF40A15D484C1386019A8145EF20413884
:1059E000084C8145EF40804008D08545EF00715458
:1059F0000850B70502009385055FEF40A0270850C7
:105A00001306200393052003EF400008085081454A
:105A1000EF40A01508501306000593059005EF0010
:105A2000517E0850130630029305E008EF10A10CD8
:105A30001385C199EF4001499305C90A1385C1999E
:105A40001306F00FEF40E16808501386C1998145B5
:105A5000EF2001312285EFE02FBF6FA0AFFB9357FE
:105A60005500135735004D817D8B93F7077E7D8957
:105A7000D98F2E055D8D8280EFA2EFF52A848145B6
:105A80000145EF10611E68D01306000F9305001446
:105A9000EF106106138541A0EF40C142138541A07C
:105AA00001469305C002EF40C1626850138641A0D1
:105AB0008145EF20E12A6850814593040408EF50A6
:105AC0006042B785030088C09385C5F8EF50002574
:105AD00088408545EF40D00488401306A002A945C0
:105AE000EF0031728840930560042169EF10A1092D
:105AF000138501A0EF40013D01468545138501A0B6
:105B0000EF40A14A0145EFF09FF52A8693059908D9
:105B1000138501A0370A0020EF40615213064A099D
:105B20009305E908138501A0EF4021649305090856
:105B3000138501A00946EF404147930519081385D5
:105B400001A00146EF406146138501A0014693057F
:105B5000C002EF400158138501A00146C145EF4046
:105B6000C144138501A00146CD45EF400144138592
:105B700001A00146C545EF404143138501A0014600
:105B8000C945EF408142138501A0014693050005F8
:105B9000EF40A1418840138601A08145EF20411CC0
:105BA00068508145EF500034B7850300C8C0938525
:105BB00045F9EF50A016C8408545E96AEF404076A8
:105BC000C8401306E004A945EF00B163C84093053F
:105BD0006004EF00517B1385C19FEF40A12E014669
:105BE00085451385C19FEF40413C0145EFF03FE7FC
:105BF0002A86930599081385C19FEF4041441306F7
:105C00004A099305E9081385C19FEF4001569305A2
:105C100009081385C19F0946EF40213993051908EA
:105C20001385C19F0146EF4041381385C19F01464E
:105C30009305C002EF40E1491385C19F0146C1456C
:105C4000EF40A1361385C19F0146CD45EF40E135B8
:105C50001385C19F0146C545EF4021351385C19F7E
:105C60000146C945EF4061341385C19F0146930544
:105C70000005EF408133C8401386C19F8145EF2066
:105C8000210E68508145EF50E025B785030088C498
:105C9000938585F9EF50800888448545EF4040683A
:105CA000884413062007A945EF00B15588449305A1
:105CB0006004EF00516D1385819FEF40A1200146E4
:105CC00085451385819FEF40412E0145EFF03FD977
:105CD0002A86930599081385819FEF404136130664
:105CE0004A099305E9081385819FEF400148930510
:105CF00009081385819F0946EF40212B9305190858
:105D00001385819F0146EF40412A1385819F0146FB
:105D10009305C002EF40E13B1385819F0146C145D9
:105D2000EF40A1281385819F0146CD45EF40E12733
:105D30001385819F0146C545EF4021271385819F2B
:105D40000146C945EF4061261385819F01469305B1
:105D50000005EF40812588441386819F8145EF200F
:105D6000210068508145EF50E017B7850300C8C493
:105D7000938505FAEF40907AC8448545EF40405A34
:105D8000C8441306A0029305B004EF009147C8442D
:105D900093054006EF00315F1385419FEF4081126C
:105DA000014685451385419FEF4021200145EFF0D5
:105DB0001FCB2A86930599081385419FEF40212820
:105DC00013064A099305E9081385419FEF40E1391D
:105DD000930509081385419F0946EF40011D93056E
:105DE00019081385419F0146EF40211C1385419FEF
:105DF00001469305C002EF40C12D1385419F014626
:105E0000C145EF40811A1385419F0146CD45EF40C2
:105E1000C1191385419F0146C545EF4001191385FE
:105E2000419F0146C945EF4041181385419F0146F6
:105E300093050005EF406117C8441386419F8145D3
:105E4000EF10117268508145EF50C009B78503000B
:105E500088C8938585FAEF40706C88488545EF4087
:105E6000204C88481306E0049305B004EF00713914
:105E7000884893054006EF0011511385019FEF40BC
:105E80006104014685451385019FEF4001120145DC
:105E9000EFF0FFBC2A86930599081385019FEF4018
:105EA000011A13064A099305E9081385019FEF407B
:105EB000C12B930509081385019F0946EF40E10EA8
:105EC000930519081385019F0146EF40010E1385C4
:105ED000019F01469305C002EF40A11F1385019F5A
:105EE0000146C145EF40610C1385019F0146CD4538
:105EF000EF40A10B1385019F0146C545EF40E10A24
:105F00001385019F0146C945EF40210A1385019F72
:105F1000014693050005EF40410988481386019F1B
:105F20008145EF10F16368508145EF20606D28D8FE
:105F30008145EF40307BB785030068D8938585EDB8
:105F4000EF40D05D68588545EF40803D2858214698
:105F5000A145EF00112B285879469305D002EF0098
:105F600091391385C19EEF30F1750145EFF03FAFD8
:105F70002A86930599081385C19EEF40410C370688
:105F800000209305E9081385C19E13064606EF40DD
:105F9000C11D1306F00F9305C0021385C19EEF408B
:105FA0004113370500017D15EFF07FAB2A8693057D
:105FB00090021385C19EEF4081081385C19E09465A
:105FC00093050003EF30717E1306F00F9305C003B5
:105FD0001385C19EEF40E10F13851A2BEFF03FA808
:105FE0002A86930590031385C19EEF4041051385D2
:105FF000C19E130620038545EF30317B1385C19E7A
:10600000014693050005EF30517A28581386C19E4A
:106010008145EF10F15468508145EF40B06CB78571
:106020000300C8C89385C5FAEF40504FC84885455E
:10603000EF40002FC848130620079305B004EF0077
:10604000511CC84893054006EF00F1331385819E2B
:10605000EF305167014685451385819EEF30F1741D
:106060000145EFF0DF9F2A86930599081385819EED
:10607000EF30F17C13064A099305E9081385819EE8
:10608000EF40A10E930509081385819E0946EF3064
:10609000D171930519081385819E0146EF30F17087
:1060A0001385819E01469305C002EF40810213854E
:1060B000819E014693050005EF30316F1385819E67
:1060C0000146C145EF30716E1385819E0146CD4575
:1060D000EF30B16D1385819E0146C545EF30F16CFF
:1060E0001385819E0146C945EF30316CC84813863F
:1060F000819E8145EF10D14668508145EF40905E0A
:10610000B785030028DC938505EDEF403041285C1E
:106110008545EF40E020285C214693052012EF00E2
:10612000510E285CF945EF0011261385419EEF3092
:106130007159014685451385419EEF301167014530
:10614000EFF0FF912A86930599081385419EEF3061
:10615000116F370600209305E9081385419E130649
:10616000460FEF408100930509081385419E0946BB
:10617000EF30B163930519081385419E0146EF3056
:10618000D1621385419E01469305C002EF307174C0
:106190001385419E0146C145EF3031611385419E13
:1061A0000146CD45EF3071601385419E0146C545DE
:1061B000EF30B15F1385419E0146C945EF30F15E76
:1061C0001385419E014693050005EF30115E285C62
:1061D0001386419E8145EF10B13868508145EF200C
:1061E000A02368DC9305803EEF208034685C1306B2
:1061F00040068145EF20C037685C014693052003C7
:10620000EF20A01A685C254693059010EF00617F8F
:10621000685C1946D145EF00110E1385019EEF30E1
:10622000714A1306F00F9305C0021385019EEF30EB
:10623000516A37D5D4001305957DEFF05F822A8629
:10624000930590021385019EEF30715F1385019EC7
:1062500029468545EF3071551385019E014693050A
:106260000005EF309154685C1386019E8145EF1064
:10627000312F1385C19DEF30F1441306F00F9305C4
:10628000C0021385C19DEF30D16413851A2BEFF046
:106290000FFD2A86930590021385C19DEF30315A78
:1062A0001385C19D29468545EF303150685C1386C2
:1062B000C19D8545EF10D12A68508145EF4090423D
:1062C000B785030088CC938585FBEF403025884C4B
:1062D0008545EF40E004884C13066009A945EF00AE
:1062E0004172884C93056004EF00F1091385819D8C
:1062F000EF30513D1385819D01468545EF30F14AD0
:106300001385819D01469305C002EF30915C0146E3
:10631000930500051385819DEF3031490145EFF06C
:106320000FF42A86930599081385819DEF3031512A
:1063300013064A099305E9081385819DEF30F16240
:10634000930509081385819D0946EF301146930591
:1063500019081385819D0146EF3031451385819DD4
:106360000146C145EF3071441385819D0146CD45FD
:10637000EF30B1431385819D0146C545EF30F142B1
:106380001385819D0146C945EF303142884C138603
:10639000819D8145EF10D11C68508145A169EF4076
:1063A0007034B7850300C8CC938505FCEF40101707
:1063B000C84C8545EF30D076C84C1306A002930533
:1063C000A00AEF000164C84C93056004EF00A17BB4
:1063D0001385419DEF30112F014685451385419D61
:1063E000EF30B13C0145EFF08FE72A86930599081D
:1063F0001385419DEF30B14413064A099305E9081E
:106400001385419DEF307156930509081385419D11
:106410000946EF309139930519081385419D0146CE
:10642000EF30B1381385419D01469305C002EF302E
:10643000514A1385419D0146C145EF3011371385FF
:10644000419D0146CD45EF3051361385419D0146B2
:10645000C545EF3091351385419D0146C945EF3063
:10646000D1341385419D014693050005EF30F1338A
:10647000C84C1386419D8145EF10910E68508145AF
:10648000EF405026B785030088D0938545FCEF4048
:10649000F00888508545EF30B06888501306A00298
:1064A0009305E00DEF00E155885093056004EF007F
:1064B000816D1385019DEF30F120014685451385DF
:1064C000019DEF30912E0145EFF06FD92A8693059B
:1064D00099081385019DEF30913613064A099305FB
:1064E000E9081385019DEF3051489305090813858C
:1064F000019D0946EF30712B938519081385019D85
:106500000146EF30912A1385019D01469305C00293
:10651000EF30313C1385019D0146C145EF30F12834
:106520001385019D0146CD45EF3031281385019D2E
:106530000146C545EF3071271385019D0146C945C8
:10654000EF30B1261385019D014693050005EF301C
:10655000D12588501386019D8145EF107100685048
:106560008145EF403018B7850300C8D0938585FC7E
:10657000EF40C07AC8508545B78A0300EF30505AC3
:10658000C8501306E0049305A00AEF008147C850E5
:1065900093056004EF00215F1385C19CEF309112D9
:1065A000014685451385C19CEF3031200145EFF050
:1065B0000FCB2A86938599081385C19CEF3031282B
:1065C00013064A099385E9081385C19CEF30F13918
:1065D000938509081385C19C0946EF30111D9385E9
:1065E00019081385C19C0146EF30311C1385C19CED
:1065F00001469305C002EF30D12D1385C19C0146A1
:10660000C145EF30911A1385C19C0146CD45EF304D
:10661000D1191385C19C0146C545EF301119138569
:10662000C19C0146C945EF3051181385C19C0146F4
:1066300093050005EF307117C8501386C19C814542
:10664000EF10017268508145EF40D009B785030013
:1066500088D4938505FDEF40606C88548545EF3004
:10666000304C88541306E0049305E00DEF006139C7
:10667000885493056004EF0001511385819CEF302D
:106680007104014685451385819CEF301112014547
:10669000EFF0EFBC2A86938599081385819CEF3033
:1066A000111A13064A099385E9081385819CEF3076
:1066B000D12B938509081385819C0946EF30F10E93
:1066C000938519081385819C0146EF30110E1385BF
:1066D000819C01469305C002EF30B11F1385819C58
:1066E0000146C145EF30710C1385819C0146CD45B3
:1066F000EF30B10B1385819C0146C545EF30F10A9F
:106700001385819C0146C945EF30310A1385819C70
:10671000014693050005EF30510988541386819C8A
:106720008145EF10E16368508145EF40A07BB7855C
:106730000300C8D4938545FDEF40405EC8548545AD
:10674000EF30103EC854130660099305B004EF0003
:10675000412BC85493056004EF00E1421385419C2E
:10676000EF304176014685451385419CEF30F103BA
:106770000145EFF0CFAE2A86938599081385419C99
:10678000EF30F10B13064A099385E9081385419C04
:10679000EF30B11D938509081385419C0946EF3000
:1067A000D100938519081385419C0146EF30E17FA4
:1067B0001385419C01469305C002EF30911113856A
:1067C000419C0146C145EF30417E1385419C014605
:1067D000CD45EF30817D1385419C0146C545EF30A5
:1067E000C17C1385419C0146C945EF30017C13856E
:1067F000419C014693050005EF30217BC854138668
:10680000419C8145EF10C15568508145EF40806D36
:10681000B785030088D89385C5FDEF402050885880
:106820008545EF30F02F8858130660099305A00ABC
:10683000EF00211D885893056004EF00C1341385D3
:10684000019CEF302168014685451385019CEF309E
:10685000C1750145EFF0AFA02A869385990813858D
:10686000019CEF30C17D13064A099385E908138521
:10687000019CEF30910F938509081385019C09460F
:10688000EF30A172938519081385019C0146EF3002
:10689000C1711385019C01469305C002EF3071035D
:1068A0001385019C0146C145EF3021701385019C81
:1068B0000146CD45EF30616F1385019C0146C5450A
:1068C000EF30A16E1385019C0146C945EF30E16DA3
:1068D0001385019C014693050005EF30016D885832
:1068E0001386019C8145EF10A14768508145EF4018
:1068F000605FB7850300C8D8938545FEEF4000422E
:10690000C8588545EF30D021C85813062007930595
:10691000A00AEF00010FC85893056004EF00A126FC
:106920001385C19BEF30015A014685451385C19BF4
:10693000EF30A1670145EFF08F922A869385990881
:106940001385C19BEF30A16F13064A099385E908AF
:106950001385C19BEF307101938509081385C19B95
:106960000946EF308164938519081385C19B014660
:10697000EF30A1631385C19B01469305C002EF3040
:1069800041751385C19B0146C145EF3001621385F6
:10699000C19B0146CD45EF3041611385C19B014646
:1069A000C545EF3081601385C19B0146C945EF3075
:1069B000C15F1385C19B014693050005EF30E15E81
:1069C000C8581386C19B8145EF10813968508145B5
:1069D000EF40405188DC93858AFEEF402034885C8C
:1069E0008545EF30F013885C130620079305E00D12
:1069F000EF002101885C93056004EF00C118138546
:106A0000819BEF30214C014685451385819BEF30FA
:106A1000C1590145EFF0AF842A8693859908138503
:106A2000819BEF30C16113064A099385E9081385FC
:106A3000819BEF308173938509081385819B0946FB
:106A4000EF30A156938519081385819B0146EF30DD
:106A5000C1551385819B01469305C002EF306167E4
:106A60001385819B0146C145EF3021541385819BDD
:106A70000146CD45EF3061531385819B0146C545E5
:106A8000EF30A1521385819B0146C945EF30E1519A
:106A90001385819B014693050005EF300151885C09
:106AA0001386819B8145EF10A12B68508145EF40F3
:106AB0006043C8DC93858AFEEF404026C85C85456C
:106AC000EF301006C85C130660099305E00DEFF087
:106AD0005073C85C93056004EF00E10A1385419B85
:106AE000EF30413E014685451385419BEF30E14B38
:106AF0000145EFE0DFF62A86938599081385419BCF
:106B0000EF30E15313064A099385E9081385419B49
:106B1000EF30A165938509081385419B0946EF3045
:106B2000C148938519081385419B0146EF30E14721
:106B30001385419B01469305C002EF3081591385AF
:106B4000419B0146C145EF3041461385419B0146BB
:106B5000CD45EF3081451385419B0146C545EF305A
:106B6000C1441385419B0146C945EF30014413855B
:106B7000419B014693050005EF302143C85C138615
:106B8000419B8145EF10C11D68508145EF40803524
:106B9000B7850300A8C0938505FFEF402018A840E3
:106BA0008545EF30E077A8401306100CA945EFF0BB
:106BB0005065A84093052003EFF0F07C1385019BFE
:106BC000EF3041301385019B01468545EF30E13DB3
:106BD0001385019B01469305C002EF30814F0146AA
:106BE000930500051385019BEF30213C0145EFE043
:106BF0001FE72A86938599081385019BEF3021446E
:106C000013064A099385E9081385019BEF30E15586
:106C1000938509081385019B0946EF300139938557
:106C200019081385019B0146EF3021381385019B1C
:106C30000146C145EF3061371385019B0146CD45C3
:106C4000EF30A1361385019B0146C545EF30E13594
:106C50001385019B0146C945EF302135A8401386B5
:106C6000019B8145EF10C10F68508145EF4080279F
:106C7000B7850300E8C0938585FFEF40200AE84010
:106C80009145EF40801AE8401306100C9305C003AD
:106C9000EFF03057E8409305A00FEFF0D06E13856A
:106CA000C19AEF3021221385C19A01468545EF3004
:106CB000C12F1385C19A01469305C002EF3061418F
:106CC0000146930500051385C19AEF30012E014559
:106CD000EFE0FFD82A86938599081385C19AEF3093
:106CE000013613064A099385E9081385C19AEF30E6
:106CF000C147938509081385C19A0946EF30E12AF7
:106D0000938519081385C19A0146EF30012A13852E
:106D1000C19A0146C145EF3041291385C19A014608
:106D2000CD45EF3081281385C19A0146C545EF3026
:106D3000C1271385C19A0146C945EF300127E840B4
:106D40001386C19A8145EF10A1012285EFD08F985B
:106D50006F90AFCB93575500135735004D817D8B06
:106D600093F7077E7D89D98F2E055D8D8280EF9206
:106D70008FC62A8481450145EFF0106F48D0130675
:106D8000000F93050014EFF010571385C1A2EF30E8
:106D900061131385C1A201469305C002EF30613330
:106DA00048501386C1A28145EF00917B4850814530
:106DB000EF40302608D88145EF4030200858B70A08
:106DC0000001EF40903B8145EF10B0700858370B41
:106DD0000020696AEF40703A0147814601468145CB
:106DE000EF10F071085801468145EFF090410858C6
:106DF0001306000F93050014EFF0F04F138581A2E6
:106E0000EF30410C1306F00F9305C002138581A2E9
:106E1000EF30212C1385FAFFEFF0DFF32A8693057C
:106E20009002138581A2EF308121138581A2014652
:106E30008545EF308117138581A201469305000532
:106E4000EF30A116138581A2054693050003EF30AC
:106E5000C1151306F00F9305C003138581A2EF300F
:106E6000412737A5990013059599EFF0BFEE2A86C3
:106E700093059003138581A2EF30611C0858138697
:106E800081A28145EF00D16D0858A164EF40F02E3A
:106E90001306C00D9305004BAA89EFF0D04581453C
:106EA0004E85EF10E07548D88145EF40A003B785C7
:106EB000030008DC93850500EF305066085C8545CB
:106EC000EF300046485813062002F945EFF07033C2
:106ED00048581306000A9305800CEFF0D041138543
:106EE00041A2EF20317E0145EFF0DFE62A8693854F
:106EF0009408138541A2EF30811413064B0C93853F
:106F0000E408138541A2EF3041261306F00F9305E4
:106F1000C002138541A2EF30C11B1385FAFFEFF0C9
:106F20007FE32A8693059002138541A2EF30211159
:106F3000138541A2094693050003EF3001071306AC
:106F4000F00F9305C003138541A2EF30811813059C
:106F50001A2BEFF03FE02A8693059003138541A298
:106F6000EF30E10D138541A2130620038545EF3074
:106F7000C103138541A2014693050005EF30E102EC
:106F80004858138641A28145EF00915D81454E85A9
:106F9000EF10006748DC8145EF30D074B7850300FF
:106FA00028C093858501EF30705728408545EF3024
:106FB0002037485C1306200293058010EFF0702400
:106FC000485C1306000A9305800CEFF0D03213855D
:106FD00001A2EF20316F0145EFF0DFD72A869385BC
:106FE0009408138501A2EF30810513064B0C93859D
:106FF000E408138501A2EF3041171306F00F930543
:10700000C002138501A2EF30C10C1385FAFFEFF027
:107010007FD42A8693059002138501A2EF302102C6
:10702000138501A2094693050003EF20117813068A
:10703000F00F9305C003138501A2EF3081091305FA
:107040001A2BEFF03FD12A8693059003138501A2F6
:10705000EF20F17E138501A2130620038545EF2062
:10706000D174138501A2014693050005EF20F17349
:10707000485C138601A28145EF00914E81454E8503
:10708000EF10005868C08145EF30D065B785030028
:1070900028C49385C502EF30704828448545EF30F9
:1070A00020286840130620029305401FEFF070155A
:1070B00068401306000A9305800CEFF0D023138577
:1070C000C1A1EF2031600145EFF0DFC82A8693852A
:1070D00094081385C1A1EF20917613064B0C93857C
:1070E000E4081385C1A1EF3041081306F00F9305A2
:1070F000C0021385C1A1EF20D17D1385FAFFEFF007
:107100007FC52A86930590021385C1A1EF203173B4
:107110001385C1A1094693050003EF2011691306E9
:10712000F00F9305C0031385C1A1EF20917A1305D9
:107130001A2BEFF03FC22A86930590031385C1A155
:10714000EF20F16F1385C1A1130620038545EF20C1
:10715000D1651385C1A1014693050005EF20F164B7
:1071600068401386C1A18145EF00913F81454E855E
:10717000EF10004968C48145EF30D056B785030051
:1071800028C893858504EF30703928488545EF304D
:1071900020196844130620029305A03CEFF0700606
:1071A00068441306000A9305800CEFF0D014138591
:1071B00081A1EF2031510145EFF0DFB92A86938597
:1071C0009408138581A1EF20916713064B0C9385DA
:1071D000E408138581A1EF2051791306F00F930580
:1071E000C002138581A1EF20D16E1385FAFFEFF065
:1071F0007FB62A8693059002138581A1EF20316422
:10720000138581A1094693050003EF20115A130647
:10721000F00F9305C003138581A1EF20916B130537
:107220001A2BEFF03FB32A8693059003138581A1B3
:10723000EF20F160138581A1130620038545EF201F
:10724000D156138581A1014693050005EF20F15524
:107250006844138681A18145EF00913081454E85B8
:10726000EF10003A68C88145EF30D047B78503007A
:1072700028CC9385C505EF30702A284C8545EF3022
:10728000200A6848130620029305F02DEFF060777E
:1072900068481306000A9305800CEFF0D0051385AB
:1072A00041A1EF2031420145EFF0DFAA2A86938504
:1072B0009408138541A1EF20915813064B0C938538
:1072C000E408138541A1EF20516A1306F00F9305DE
:1072D000C002138541A1EF20D15F1385FAFFEFF0C3
:1072E0007FA72A8693059002138541A1EF2031558F
:1072F000138541A1094693050003EF20114B1306A6
:10730000F00F9305C003138541A1EF20915C130595
:107310001A2BEFF03FA42A8693059003138541A111
:10732000EF20F151138541A1130620038545EF207D
:10733000D147138541A1014693050005EF20F14691
:107340006848138641A18145EF009121485081454D
:10735000EF10800C68CC9305803EEF10601D684CE8
:10736000130640068145EF10A020684C01469305A6
:107370002003EF108003684C254693059010EFF032
:107380004068684C1946D145EFF0E076138501A1BD
:10739000EF2051331306F00F9305C002138501A1AE
:1073A000EF20315337D5D4001305957DEFF09F9A28
:1073B0002A8693059002138501A1EF205148138579
:1073C00001A129468545EF20513E138501A10146C3
:1073D00093050005EF20713D684C138601A181459E
:1073E000EF0011181385C1A0EF20D12D1306F00F67
:1073F0009305C0021385C1A0EF20B14D13051A2BD0
:10740000EFF05F952A86930590021385C1A0EF20C7
:1074100011431385C1A029468545EF201139684CD9
:107420001386C1A08545EF00B11348508145EF3068
:10743000702BB785030028D0938505EDEF30100E33
:1074400028508545EF20D06D285021469305201205
:10745000EFF0205B2850F945EFF0E072138581A032
:10746000EF20512601468545138581A0EF20F13399
:107470000145EFF03F8E2A8693859408138581A0FD
:10748000EF20F13B370600209385E408138581A0A7
:107490001306460FEF20714D93850408138581A0D4
:1074A0000946EF20913093851408138581A0014689
:1074B000EF20B12F138581A001469305C002EF2074
:1074C0005141138581A00146C145EF20112E13853E
:1074D00081A00146CD45EF20512D138581A00146A5
:1074E000C545EF20912C138581A00146C945EF20A9
:1074F000D12B138581A0014693050005EF20F12AC9
:107500002850138681A08145EF0091052285EFC0A8
:107510005F976F809FCF93575500135735004D816C
:107520007D8B93F7077E7D89D98F2E055D8D8280B7
:10753000EF829FC92A8A8145014513040A10EFF0A2
:10754000A07228D01306000F93050014EFF0A05A84
:10755000138501A5EF201117138501A50146930599
:10756000C002EF2011372850138601A58145EF0096
:10757000217F28508145EF30F016B785030068D48D
:10758000938505EDEF30807968548545A164EF203F
:1075900030596854214693052012EFF08046685414
:1075A000F945E96AEFF0205E1385C1A4EF2091113F
:1075B000014685451385C1A4EF20311F0145EFF039
:1075C0009FF52A86938594081385C1A4EF2031275F
:1075D000370600209385E4081385C1A41306460FDF
:1075E000EF20B138938504081385C1A40946EF2024
:1075F000D11B938514081385C1A40146EF20F11A0D
:107600001385C1A401469305C002EF20912C138578
:10761000C1A40146C145EF2051191385C1A40146FB
:10762000CD45EF2091181385C1A40146C545EF2033
:10763000D1171385C1A40146C945EF201117138541
:10764000C1A4014693050005EF2031166854138646
:10765000C1A48145EF00C17028508145EF00D05B87
:1076600028D89305803EEF00B06C285813064006DA
:107670008145EF00F06F2858014693052003EF0085
:10768000D0522858254693059010EFF0803728589F
:107690001946D145EFF02046138581A4EF209102D1
:1076A0001306F00F9305C002138581A4EF20712209
:1076B00037D5D4001305957DEFF0FFE52A869305B5
:1076C0009002138581A4EF209117138581A4294688
:1076D0008545EF20910D138581A401469305000592
:1076E000EF20B10C2858138681A48145EF00416733
:1076F000138541A4EF20017D1306F00F9305C0020E
:10770000138541A4EF20F11C13851A2BEFF0BFE085
:107710002A8693059002138541A4EF205112138508
:1077200041A429468545EF2051082858138641A4D5
:107730008545EF00E16228508145EF00706C68D804
:107740008145EF30207AB785030028DC938585EDED
:10775000EF30C05C285C8545B70B0020EF20503C23
:1077600068582146A145EFF0C0296858794693052D
:10777000D002EFF04038138501A4EF20A174014539
:10778000EFF07FD92A8693859408138501A4EF2012
:10779000110B13864B069385E408138501A4EF2093
:1077A000D11C1306F00F9305C002138501A4EF202E
:1077B0005112370B00011305FBFFEFF0DFD52A86CE
:1077C00093059002138501A4EF207107138501A48E
:1077D000094693050003EF20417D1306F00F930542
:1077E000C003138501A4EF20D10E13851A2BEFF0EF
:1077F0009FD22A8693059003138501A4EF203104BC
:10780000138501A4130620038545EF20017A138513
:1078100001A4014693050005EF20217968581386DD
:1078200001A48145EF00C15328508145EF30806BA2
:10783000B785030068DC938545F3EF30204E685C24
:107840008545370C0020EF20B02D685C1306A0049E
:10785000A145EFF0001B685C9305F009EFF0A03242
:107860001385C1A3EF2001661385C1A30146854599
:10787000EF20A1730145EFF01FCA2A869385940873
:107880001385C1A3EF20A17B1385C1A313064C0967
:107890009385E408EF20710D1385C1A39385040837
:1078A0000946EF2081701385C1A393851408014612
:1078B000EF20A16F1385C1A301469305C002EF20FD
:1078C00051011385C1A30146C145EF20016E138507
:1078D000C1A30146CD45EF20416D1385C1A30146EB
:1078E000C545EF20816C1385C1A30146C945EF2032
:1078F000C16B1385C1A3014693050005EF20E16A22
:10790000685C1386C1A38145EF00814528508145FD
:1079100013090A18EF30005DB70502002320A90003
:1079200093858547EF30803F032509008545EF208B
:10793000301F032509001306A0049305A00AEFF0E9
:10794000400C0325090093051009EFF0C0231385AF
:1079500081A3EF20215701468545138581A3EF20A0
:10796000C1640145EFF03FBB2A86938594081385D7
:1079700081A3EF20C16C13064C099385E40813859D
:1079800081A3EF20817E93850408138581A3094696
:10799000EF20A16193851408138581A30146EF2090
:1079A000C160138581A301469305C002EF20617277
:1079B000138581A30146C145EF20215F138581A373
:1079C0000146CD45EF20615E138581A30146C54583
:1079D000EF20A15D138581A30146C945EF20E15C3D
:1079E000138581A3014693050005EF20015C032563
:1079F0000900138681A38145EF0081362850814517
:107A0000EF0010402322A9008145EF30A04DB7853B
:107A100003002324A9009385C506EF3020300325F9
:107A200089008545EF20D00F032549001306C008C3
:107A30009305400BEFE0F07C03254900130620037B
:107A400093054006EFF0200B138541A3EF208147FB
:107A50000145EFF05FAC2A8693859408138541A316
:107A6000EF20E15D13864B069385E408138541A35F
:107A7000EF20A16F1306F00F9305C002138541A3F9
:107A8000EF2021651305FBFFEFF0FFA82A86930581
:107A90009002138541A3EF20815A138541A3094623
:107AA00093050003EF2061501306F00F9305C00308
:107AB000138541A3EF20E16113851A2BEFF0BFA5D9
:107AC0002A8693059003138541A3EF204157138520
:107AD00041A3130620038545EF20214D138541A3C3
:107AE000014693050005EF20414C0325490013860C
:107AF00041A38145EF00C12628508145EF00503059
:107B00002326A9008145EF30E03DB78503002328F7
:107B1000A900938545F4EF306020032509018545D0
:107B2000EF2010000325C9001306C008930580024A
:107B3000EFE0306D0325C9001306200393054006CE
:107B4000EFE0707B138501A3EF20C1370145EFF013
:107B50009F9C2A8693859408138501A3EF20214ECC
:107B600013864B069385E408138501A3EF20E15F9C
:107B70001306F00F9305C002138501A3EF20615592
:107B80001305FBFFEFF03F992A86930590021385BA
:107B900001A3EF20C14A138501A309469305000301
:107BA000EF20A1401306F00F9305C003138501A336
:107BB000EF20215213851A2BEFF0FF952A869305AB
:107BC0009003138501A3EF208147138501A31306BA
:107BD00020038545EF20613D138501A301469305F0
:107BE0000005EF20813C0325C900138601A38145D0
:107BF000EF0001175285EFC0CFB56F806FE05E21B7
:107C00001A2185073385E7404205418582807E2120
:107C10003A2185073385E740420541858280EF821E
:107C20002FDD00410840EF008140FD571EA493075F
:107C300045016319F4007E201EA10840EFE0905436
:107C40006F804FDD93070502E319F4FE7E207EA1CD
:107C5000EDB70EA508416FE0F052EF82CFD7397132
:107C60002E89B28419E78EA0EFE0D05121616F8098
:107C7000CFD93684EF00A13B03178400FD57AA89B2
:107C80006315F704839704005EA023132401814544
:107C9000239024012285EF6030150A85EF60D01013
:107CA000A167938727C53EC2930700103ED0A16706
:107CB0009387E7C13EC6839709010A8522C002CC9B
:107CC00002CE3ED2EF60501755B7831764006DBFE8
:107CD000EF826FD0A1472A84B284639EF5020349E4
:107CE0000600EF00C134630F090085476301F90204
:107CF00083A741A523A204002686A1452285829759
:107D00006F80AFD013048402C0C00545D5BF1305F2
:107D10000503C8C0DDBF83A741A52E89829785478B
:107D2000E310F5FE9D47631AF900B78503009385BC
:107D300085072685EF00C135E1B799476313F90838
:107D400085452285EF00317B3E383E87C207C187DB
:107D500063D3A7002A873AB8494681452285EFF0C8
:107D6000805C4D4681452A892285EFF0C05BAA8957
:107D7000414681452285EFF0005BAA844546814556
:107D80002285EFF0405A2A87CE8763533901CA878C
:107D900093960701C18663D3D400A6879396070103
:107DA000C1866353D700BA87C207C187E3DF07F4F0
:107DB00003172403B307F04063D3E700BA873EB844
:107DC000A9B7E31409F485452285EFF0A036228592
:107DD000EF00E1252A8481455105EF60F0008145DF
:107DE00013050402EF6050000DB7EF826FBD717193
:107DF0002EC209476318E60083A781A582974D61CB
:107E00006F80CFBF2A8463110656E808EFC0206A4E
:107E10001306300381452285EFF0E05019C1230895
:107E20000106F008814522852300010AEF00A12800
:107E30009245930C0401F0086685EFC0A06C228582
:107E4000EF00E11E2A8D2285EFF0E042AA8D228507
:107E5000EFF0E012AA842285EFF060130347CD0211
:107E600003164D0083172D000D8B85452A89B30A13
:107E7000F6400148631CB70063DA07006358C0008E
:107E800003186D003308F84013381800494681453F
:107E9000228542C4EFF020494D468145AA892285BA
:107EA000EFF06048414681452A8C2285EFF0A047DB
:107EB00045462A8A81452285EFF0E0462248130B89
:107EC0008D00AA8B130684015A87E6878C238507C9
:107ED0000507A30FB7FEE39BC7FE03568D0083572C
:107EE000CD008355AD000357ED00C209420C420A94
:107EF000C20B93D90901135C0C01135A0A0193DBDD
:107F00000B014E96B3878741D295330777414206DE
:107F1000C207C20542074182C183C1814183231444
:107F2000CD002316FD002315BD002317ED0063CE01
:107F3000241505070D8F420741878D4763C0E7026F
:107F400009473347E9023E28BA97C207C18313871E
:107F5000E7FF89072315ED002317FD008317CD00E8
:107F600083158D000316ED000317AD0063C52415BE
:107F700085078D8F13960701A16541861305CD00F6
:107F8000DA889385E5BF03138D02FD57031E2D008C
:107F9000630FF31203174D0283176D023307C741B6
:107FA000B387C7413307C702B387C70233475703B5
:107FB000B3C75703931E070193DE0E41C207C18763
:107FC000B387D741B387670213030010B3C76702B3
:107FD000BA97831ECD01C2077D57C1876382EE1019
:107FE00003138D010317AD013303C3413307C741A9
:107FF0003303C3023307C7023343530333475703E3
:10800000131E0301135E0E41420741873307C74128
:108010003307D703130E00103347C7031A974207DD
:108020004187131E070113930701135E0E011353BB
:10803000030163D0240D1E218507B387C741239018
:10804000F8001E21B38767401EA1631E080C5A85E5
:108050008295854763C0A710E808EFC04045F00847
:108060008145228523040106230801062303010814
:1080700023090108230D0106EF00E1039245F008F2
:108080006685EFC0204801459DBB8507918FC207DB
:10809000C1870D47E344F7EC094733C7E4021E28C4
:1080A000BA97C207C1831387E7FF89072314ED003E
:1080B0002316FD0065B50506198E4206A1654186A9
:1080C0009308AD001305ED009385E5C06DBD8317E2
:1080D0006D00B387C741B387C702B3C75703D5BD88
:1080E00003170D003307C7413307C7023347570350
:1080F0003DB7854E639FDD0133036040330EC041C1
:108100009317030113170E0146834187AA88C1877D
:108110001A8503D308001A971AA103D70800BA9743
:108120002390F8001DB783172D00031705008396D1
:108130000800B307F040B387C702B3C75703C207AD
:10814000C18363C1241DB697C207C18763DAE71CE8
:108150002390F800054681452285EFF0C01C931D51
:10816000050193DD0D01A68763539900CA87C207F5
:10817000C187858763D6B701939D070193DD0D0104
:10818000E808EFC0C032F00885452285EFF0B072F4
:1081900013971D0063CE24198357CD0083568D009D
:1081A0008507958FC207C1876350F7048346810610
:1081B000034701079245F0085A85834A010A2A4D70
:1081C00036C63AC423040106230801062300010A27
:1081D00002C5EFC02033B24622472300510B2304CF
:1081E000D1062308E1066AC51E2813960D018146B3
:1081F000CE97FC825E2841864C08B3878741FC8479
:108200003E284810D297FC837E28B3877741FC85AF
:10821000EFC0201781454810EFB0D0762A8D214657
:10822000E6856808834D0107834A010A2308010691
:10823000230301082300010AEF709FFEBC86035749
:108240002102BE99BC8733077741C2093E9A835702
:108250000102420A4207B3878741C20793D9090145
:10826000135A0A01C1834183231E3101231F410197
:108270002310F1022311E10263C2240D0507330725
:108280004741420741878D4763CFE700894733491C
:10829000F9023E28CA97C207C1831387E7FF8907FF
:1082A000F8872311F1020316C1058146DA8588009B
:1082B000EFC0200D81458800EFB0D06C9245AA84B4
:1082C000F0086808EFC000249245F0085A8523089A
:1082D000B10723040106230301082300010A02C594
:1082E000EFC040222685EFB0D0706A85EFB0707085
:1082F0009245F0085A852300510B23080106EFC070
:10830000602099BBB307F7408507C207C18763DDCB
:10831000D7001EA10317050083970800E35CF7E26E
:108320002390E8001EA13DB516A12390F800DDB70B
:108330008357ED008356AD008507A5B58507B38744
:108340003741C207C1870D47E34FF7F48947B3C4EC
:10835000F4021E28A697C207C1831387E7FF890787
:10836000F8862310F10281B70547E31EE6D0130615
:1083700030038145EFE0307BE30705D0E808EFC02C
:108380000013F00881452285230401062309010812
:10839000230D0106230301082300010AEFF0B05169
:1083A0009245F00813050401E9B9EF727FE4411129
:1083B00032C6AA842E84EFF090472A860315050062
:1083C000630985043E2276223247BE851398060152
:1083D000C207C1871358084163D30701B6855E22DF
:1083E000BE86C207C1876353F400A28613980501B5
:1083F0009397060113580841C1876353F800B68567
:10840000C205C1856307B500930646012685EFF0D6
:10841000DF8441016F701FE0EF72FFDB2E89EFE018
:10842000B0041DC983A741A5AA8489E7EFF0B03F36
:1084300023AAA1A483A781A591E72685EFF0F03EAA
:1084400023ACA1A4930580032685EFE000402A8495
:1084500001E92685EFE0D049814426856F70FFDA77
:10846000930740065CC19307800C1EA9FD575EADC3
:108470001EB58347C5029309050323200500F19B20
:108480002306F50244C9232C050004D1232205024A
:108490004E85EF10910AA165938505CD2685EFE005
:1084A0004039A1659385A5DE2685EFE0C0396317C5
:1084B000090226858145EFE0C027268529469305D8
:1084C000800CEFE040638315040026850146EFF041
:1084D000DFED8D452685EF40201641B74A85EFF048
:1084E0001035831725005855930505033EA08317C3
:1084F00065000D8B7EA0831745005EA083170500E5
:108500004E851EA08347C402F19BD98F2306F40237
:10851000EF10D16126851306F00F9305F00FEFF0F1
:10852000E0728315040001462685EFF01FE835B799
:10853000EF721FCC2E84EFF0902F02A96F709FCDA9
:10854000EF721FCBEFF0B02E0317C501FD57630686
:10855000F7000315A5016F70FFCB03150500E5BFFC
:10856000EF721FC9EFF0B02C48550D896F709FCA8C
:10857000EF727FC6AA89AE843289EFF0502B831741
:1085800025002A8463969700831745006384270596
:108590002312240126A04E85EFF09FFC8947630338
:1085A000F50066A0831704006359F9002310240125
:1085B0000146CA854E85EFF05FDF8317040063D85C
:1085C000970006A00146A6854E85EFF01FDE4E857A
:1085D000EFE0403B6F707FC3EF729FC109476317A5
:1085E000E60083A7C1A582976F70DFC211E683A75B
:1085F000C1A582970145CDBF0547E31DE6FEC5BF76
:10860000EF727FBDAA892E89DD2B15C983A701A62C
:108610002A8489E7EFF0302123A0A1A683A7C1A572
:1086200091E72285EFF0702023AEA1A48D4522852D
:10863000EFE0A021AA8401E92285EFE0702B01443C
:1086400022856F709FBC3C21A1659385E573F99BE2
:108650003CA12285EFE0E01DA1659385855D228523
:10866000EFE0601E63170902638C09009305400662
:10867000228513061002EFE0004885452285912DE2
:1086800022858545EFE0E00A91452285EF30D07ADA
:1086900045BF4A85EFF0B0193821BC201306F00F12
:1086A000058BF99BD98FBCA09305F00F2285EFF0C5
:1086B000E05979B7954763EBB706EF727FB3B78799
:1086C0000300938707088A05BE959C414111828764
:1086D00093051003EF00E16041016F70BFB3930594
:1086E00010022AC6EF00E15FC1453245EF00615E2E
:1086F000E5B785452AC6EF00C15D93050003324505
:10870000D1BFC5452AC6EF00C15C93050002C5BFB5
:10871000C5452AC6EF00E15C93050002F9B7C145E3
:108720002AC6EF00015C93051002C1B78280EF7288
:108730003FACEFF0D00F282105896F70BFADEF720D
:108740009FA983A701A64111AA84AE893289829785
:1087500085472A846311F5069D47639BF900B78519
:108760000300938585094A85EFF090122A84A1A021
:108770002685EFF0DFFBB9472A8A639EF9024A8516
:10878000EFD000500DE963080A028145268502C634
:10879000EFE0702F058905C5930510032685EF00CE
:1087A000415481477000C14526853EC6EFE0E00692
:1087B0008547E31DF5FA228541016F701FA58D45A0
:1087C0002685EFF03FEF8547F1BF81472147B3860C
:1087D000F5009022B306F500850790A2E399E7FE25
:1087E0008280EF72FF9D797185452A84EFE0F02841
:1087F000631C053C2285EFF090031821BD47AA8A2F
:1088000063E6E7001C31BD8B6380073C83A741A66C
:108810002947850723A2F1A66343F73A2285EFE0B3
:10882000C0382A8B930505010810EFF01FFA49465E
:1088300081455A85EFE0302F035C01024D468145AA
:108840002A9C420C135C0C415A8523108103EFE0F3
:10885000902D03594102414681453309A9404209FF
:10886000135909415A8523122103EFE0D02B035AF3
:108870002102454681452A9A420A135A0A415A85DD
:1088800023114103EFE0302A835961022C08B38998
:10889000A940C209228593D9094123133103EFE08E
:1088A000E0350C082285EFE06035930744003E85F3
:1088B0003EC6EF602072934B150093FBFB0F638461
:1088C0000B06B787187C938787C13EC8B787E883B4
:1088D0009387873E130544003ECAEF604053AA8445
:1088E000094DA14DC5E0494681452285EFE0B02301
:1088F000BC804D468145898F2285FC80EFE0B02207
:10890000BC8241468145AA972285FC82EFE0B021D6
:10891000BC8145468145898F2285FC81EFE0B020EE
:10892000BC83AA97FC832C082810EFF01FEA03C72A
:108930000A00894583C71A00135647000D8A630150
:10894000B6108D466301D61085466315D600B480F7
:108950002314D102198309466308C71A8D46630898
:10896000D71A85466315D700B8822316E10293F61D
:10897000370009476388E60E0D476394E61A63974C
:108980000B1295AA2685EFE0B00B4DE583C70A00D0
:108990001307000293F707036381E7025D468145F1
:1089A0002685EFE0501883970401031701013385F2
:1089B000A7406353A7003A85E88083C70A001307DE
:1089C000000893F7070C6380E7026146814526851E
:1089D000EFE0701583974401031741013E956353FF
:1089E000E5003A85E88283C71A008D8B6381A7036F
:1089F000554681452685EFE0101383972401031720
:108A000021013385A7406353A7003A85E88183C7D6
:108A10001A00B18B6380B703594681452685EFE084
:108A2000901083976401031761013E956353E5003D
:108A30003A85E8833245A685EF60203EAA845DB57D
:108A40002314810301BF63920B0223148103198352
:108A5000630BB708E317C7F02316210393F637001B
:108A6000639FB60A23154103D9A0B4803686C20697
:108A7000C1866353DC0062862314C10219838946D0
:108A80006304D7088D46E31ED7ECB882BA86420746
:108A9000418763532701CA862316D102094793F6FB
:108AA0003700E381E6FC0D47639DE606B881BA8690
:108AB000420741876353EA00D28689832315D10296
:108AC0008D8B0947638DE7100D47639AE706BC83DA
:108AD0003E87C207C18763D337014E8793190701C9
:108AE00093D90941EDA82316210393F63700E38BB0
:108AF000E6F66398C6028983231541038D8B0947E7
:108B0000638FE70C0D47D1A8231621038DB5E39E93
:108B10000BF62316210393F63700638AC60AE38C0B
:108B2000E6FC05476395E600B8812315E1028983D9
:108B30008D8B09476385E70A0D476385E70A05477B
:108B40006395E700BC832317F10203170401831721
:108B500081026314F702031724018317A102631E25
:108B6000F700031744018317C1026318F7000317C6
:108B700064018317E1026304F7042285EFD090605B
:108B80002C1013050401EFF05FC42285EFD0905F35
:108B90005C4C30088945228582978327CB01228649
:108BA00085455A8582972285EFE0603F01C5228581
:108BB000EFD010373245EF6080252A841DE583A76A
:108BC00041A6FD1723A2F1A645616F702FE38983AB
:108BD000231541038D8B6384D700E392E7F62317B7
:108BE0003103A5B7E3950BEEDDBF5C4C30088D4536
:108BF000228582973245A285EF6020227DBFEF72E9
:108C00008FDDAA892E89EFE020060DCD83A781A6EE
:108C1000AA8489E7EFF0204123A4A1A683A7C1A6D7
:108C200091E72685EFF0604023A6A1A68945268519
:108C3000EFD0B0412685EFF0803F2A8401E92685F8
:108C4000EFE0004B814426856F702FDC1C31A56559
:108C500023000500C19B1CB1938505432685EFD0F9
:108C6000503D63190900E38009FE95452685EF30E4
:108C7000B01CD1BF4A85EFF0803B18211C201306A1
:108C8000F00F1377070393F7F7FCD98F1CA0182177
:108C900093F7F70F93F7F7031377070CD98F1CA0FF
:108CA00018311C309305F00F0D8BF19BD98F1CB040
:108CB000183193F7F70FCD9B318BD98F1CB018214A
:108CC0001C2026853D8BC19BD98F1CA0EFE010781E
:108CD0009DBFEF72EFD1AA842E84EFF040351C21A6
:108CE00013F7F700630B87003D88C19BC18F1CA160
:108CF000DC4C01468545268582976F70AFD1EF72B7
:108D00008FCD3A842A89AE84328AB689EFD09047D3
:108D10004A85EFF0C0311C2113D747000D8B631E2D
:108D200097009983639B47011C3113F73700631643
:108D3000370189838D8B638C87021C21920493F405
:108D400004031A0ABD8BB3E44401DD8C1C310A0410
:108D5000318893F93900C19B336434015D8C8327DA
:108D6000C90104A100B1014685454A8582976F700B
:108D7000CFC9EF72EFC7EFF0802B08213D896F70EC
:108D80006FC9EF72EFC3011185452AC2EFE0E04ED3
:108D900041E91245EFF0FFFDAA8412458145EFD06D
:108DA00010613DCD1385F4FF1375F50FA94763E9F5
:108DB000A706B78703009387070A0A0512473E955F
:108DC0001C4111073AC48287124551468145EFE0A4
:108DD00080552A8922458144014AEF604003AA89CF
:108DE00063930904630E0A021245B3842441C2044A
:108DF0008545C180EFD0F018C2048947C184B3C44F
:108E0000F4022245094AEF60E000AA89B3049040C9
:108E1000C204C1846390090412458545EFD0301720
:108E200005616F70AFBD4E85EFE0804111ED91455A
:108E30004E85EFE0804409E94E85EFE040154A9504
:108E4000AA94C204C184050A2245CE85EF50F07C65
:108E5000AA8979B74E85EFE0A03E0DED91454E858C
:108E6000EFE0A04105E94E85EFE06012334745038E
:108E7000C204C1809245814601464E85269742072D
:108E80004187EFD0B0424E85EFE060104A95AA943A
:108E9000C204C1842245CE85EF50D078AA899DBFF7
:108EA000124549468145EFE00048AA8912454D46E2
:108EB0008145EFE04047AA84124541468145EFE0F5
:108EC00080462A89124551468145EFE0C0452A8AED
:108ED0001245EFF01FEA8D476306F50A9147630BD1
:108EE000F5088947854A6303F500814912458545A0
:108EF000EFD030092245EF50F071AA84E30E05F05F
:108F00002685EFE0E03335E191452685EFE0E03658
:108F100029ED554681452685EFE0E0402A8B5946EC
:108F200081452685EFE02040AA8B5D468145268558
:108F30004209EFE0403F13590901924533076901A7
:108F4000B386A9004207C2064187C1865686268598
:108F5000EFD0D0352685EFE08003B3074501DA97DF
:108F6000DE973E994209135909412245A685EF50E3
:108F7000706B61B7B30490409399040193D9094190
:108F80008D4AADB78149894A95B71245EFF07FDE2A
:108F9000AA841245EFE0202E9947AA8A6382F40A38
:108FA0009D476389F40A95476398F40C12458145FF
:108FB0004146EFE040378547AA84854512456399CD
:108FC000FA0EEFD0007C8D494D4612458145054C87
:108FD000EFE060352A8A124551468145EFE0A03422
:108FE000AA8B2245EF5010632A89E30709E24A85DC
:108FF000EFE0002521E191454A85EFE000281DE9D9
:10900000131B0A01135B0B0163978A0BB3066041C4
:10901000C2062687C18692454E864A85EFD0102922
:109020004A85EFD0D0755E95B307AB00139A070160
:10903000135A0A412245CA85EF50D05E2A8975B776
:1090400085476310F506124585458144EFD060736E
:10905000A1499DBF124545468145EFE0C02CB304B0
:10906000A040C2048547C1846396FA021245854533
:109070009949EFD0007189BF8547124585456387BF
:10908000FA00EFD000708144854911A8EFD0606FDD
:10909000814415BF124585459149EFD0806E494600
:1090A0002DB7124585458144EFD0A06D9D49C5BFC0
:1090B000EFD0206DD1BF2687D286B1BF1245EFF029
:1090C0005FCB2A8B1245EFD0906B2A841245414624
:1090D0008145EFE040252A8A2245EF50B053AA840B
:1090E000E30005D412458545854DEFD080691245D2
:1090F00049468145EFE02023AA8C12454D46814523
:10910000EFE060222A89124551468145EFE0A02117
:10911000669993170901C187AA8B3ECC624C2689B8
:10912000814A81492685EFE0A01163170512914518
:109130002685EFE08014631105122685EFD0306498
:109140002A8D5D4681452685EFE0E01D6A95131D59
:109150000501614681452685EFE0E01C135D0D01A8
:109160006A9593170501420541856295C183635C49
:10917000A40863910A06554681452685EFE0A01AAA
:109180009319050193D90901924533874901420793
:109190004187814609462685EFD050112685EFD0BC
:1091A000105FAA99C20959468145268593D90901BC
:1091B000EFE06017AA99C20993D9094122455E9A46
:1091C000A6854E9A420AEF50F045135A0A41AA84E6
:1091D00031F599B12245A685EF503044AA84639AAF
:1091E000BA09554681454A85EFE0E013330745014A
:1091F000924542074187814609464A85EFD0100BC8
:10920000E38C04C065BF5E9C26853E9CEFD0305841
:109210002A8D554681452685EFE0E0106A95131D9D
:109220000501594681452685EFE0E00F135D0D01EC
:109230006A95AA874205420C4185135C0C41635331
:109240003501CE8793990701A145268593D9094118
:10925000850AEFE0800219E92245A685EF50903C8F
:10926000AA8463830A1CE31F05EA95BFE3850AF01D
:10927000BDB7B3875B03FD1A1245B307FC40C207B5
:10928000C187B307F440B3DA570393970A01C18744
:109290003EC8EFD0507E630FB50D054D85473EC6E5
:1092A000668C79A04A85EFD0B07925ED91454A8545
:1092B000EFD0B07C3DE55D4681454A85EFE0A006F4
:1092C000AA8A614681454A85EFE0E0052ACAA5479A
:1092D0006303FB06A947630AFB06A1476316FB026B
:1092E000554681454A85EFE0000433074501B30642
:1092F0005C01B386A60332469245420741874A8500
:10930000C206C186EFD0807A4A85EFD05047C24767
:109310005247AA97D697BA97E297139C0701135C16
:109320000C41E30D99E82245CA85EF50B02F2A89F8
:10933000E31A09F6F1B54A85EFD070453387A940A5
:1093400089473347F70252975DB733073A0142071F
:1093500041834A853ACEEFD09043724759468145C2
:10936000098F420741834A853ACEEFD0D07B7247BE
:10937000098FB5BF7D5D8D471DB71245EFE0B04742
:10938000AA8B124551468145EFD0F0792A8A1245C1
:109390008145420AEFD0B001EFD0703F135A0A0165
:1093A000B30AAA0012458545C20AEFD0803D124596
:1093B00049468145EFD030772A8B12454146814599
:1093C000EFD07076AA89224593DA0A015A8CEF50C1
:1093D0007024AA84DA9BE38104A42685EFD050662A
:1093E00015ED91452685EFD050690DE92685EFD022
:1093F0001039B307AC002A8963D7FB00D699C2099C
:1094000093D909415A8C52996299E2854E862685F4
:10941000131C0901EFD0E05E135C0C412245A685C8
:10942000EF505020AA8445BFE308059E2689DDB988
:10943000EF621FDCA147AA8432896390F5021C22E7
:1094400081CB83A781A62322060082976F609FDCD1
:109450009304850244C20545D5BF83A781A62E8407
:1094600082978547E314F5FE7D141374F40F994732
:10947000E3E387FEB78703009387470D0A043E9412
:109480001C408287B78503009385C50C4A85EFE0B1
:1094900030406DBF2685EFD0902E8357490003578B
:1094A00009008507998FC207C1876309F5002685E2
:1094B000EFF03F8D2685EFF0CFB271BF2685EFD05C
:1094C000102D83576900035729008507998FC2071C
:1094D000C187E31EF5FC41B7EF629FD1EFE0303565
:1094E000082111810D896F60FFD2EF627FD0EFE01C
:1094F0001034082119816F60FFD1EF627FCFEFE058
:10950000103308310D896F60FFD0EF627FCB71712E
:109510002A842E8B3289EFE090318947AA84631721
:10952000F90E094681452285EFD0F05F631C055492
:10953000DE2813F727003DE793F7870F1307000294
:109540006385E7002147639FE70421661306C60A87
:1095500081452285EFE0C0309307F00F6314F504D6
:10956000194681452285EFD0105CDE24AA979DEB39
:109570001D4681452285EFD0105B83D924019307D6
:109580000010B389A90293D989406391F902014679
:10959000930504015A85EF50E04609493309A94073
:1095A0001379F90F4A854D616F605FC52285EFD051
:1095B000101D2AC62285EFD0901DB24513970901D0
:1095C0002A869387E40041838146E808EFB090370C
:1095D0001A288357C1058356E1050146BA97231E11
:1095E000F1043E28EC085A85BE96231FD104835609
:1095F000010636972310E10603572106BA97231177
:10960000F106EF50204059DD054969BF631C09345C
:109610008317A500F5DB83178500FDD7E808EFA0C9
:109620001069F00881452285EFE0F0281306300329
:1096300081452285EFD0304F19C1230801061D4610
:1096400081452285EFD0304E03DA24011946814549
:10965000330AAA022285EFD0104D83DBC400938D1C
:10966000E400AA9B2285EFD09011AA8A135A8A405F
:109670002285139D0B01931C0A01EFD05011135D3D
:109680000D4193DC0C012A86EE876687EA86D68533
:10969000AA892808EFB0102B1A28BC84B485494643
:1096A000BA97FC843E2881452285BE96F485B4860F
:1096B0003697F886B887BA97FC87EFD0D046BC8437
:1096C0004D468145898F2285FC84EFD0D045BC86EC
:1096D00041468145AA972285FC86EFD0D044BC85BF
:1096E00045468145898F2285FC85EFD0D043BC87D4
:1096F000F008DA85AA972808FC87EFA0B060E3039A
:109700000AEA094681452285EFD0F0410DC5714531
:10971000EF5090562A8C054681452285EFD0B04007
:109720002A862C0862858146EFA0B0459305041C6B
:109730006285EFA03025DE2813F72700631E071C83
:109740002818EF803016301881452285EFE0F0515F
:1097500023109105E3880CE4FE24D848231D7103EF
:10976000231EF1029E282183058B231FF1028347CC
:109770007104F99BD98FA303F104839B8400B38BFD
:109780004B0393DB8B4093970B01C187E35CF0E0C5
:10979000039CA400330C4C03135C8C4093170C0106
:1097A000C187E351F0E00C102285EFD020450397EC
:1097B000440083976400839584000396A400FD1AF7
:1097C0003367B702FD1983560102035521020318BE
:1097D0000401B3E7C70233074703B307FA0221873F
:1097E000369793160701C182420741872310E10291
:1097F000B38A4A03A187AA97139507014181C2073B
:10980000C1872311F102B389490393DA8A40B69ADA
:109810002312510393D98940AA9923133103635525
:10982000E8008D8E2310D102031724016355F70041
:10983000118D2311A1022285EFD060742AC62285E2
:10984000EFD0E074B2452A86EE8766872810EA8654
:10985000EFB0500F1E28035781022C105A863E97F6
:109860002314E1020357C1022E85BA972316F10291
:109870000357A1023E283E972315E1020357E10258
:10988000BA972317F102EF40D070E30D05D083178C
:109890002102C20B420C1387F7FF2319F102BE24E9
:1098A00093DB0B01135C0C01BA97C207C187231B22
:1098B000F10203172103831761026344F700014992
:1098C000D5B1831701029A242318F102FD17BA9724
:1098D000C207C187231AF10203170103831741024C
:1098E000634DF70083572103E2972319F102835751
:1098F0006103E297C207C1875DBF904034182C1006
:109900000818EF80207F83570103DE972318F102A8
:1099100083574103DE976DBF8D8B094713090401FF
:10992000639BE7022818EF80101C301822858145C0
:10993000EFE0702A21661306960A81452285EFD052
:1099400030179440231CA10201473018DA854A855C
:10995000EF80B01CADB781460146DA854A85EF80BD
:109960006079B1BF8547E31CF9F40946814522853A
:10997000EFD0701B19C51305041CEFA07009EF5040
:10998000B0031306300381452285EFD0D01905D9E5
:10999000E808EFA0D031F0082285814523040106B4
:1099A0002309010823030108EFE0E0701D4681450B
:1099B0002285EFD0501703D9240119468145330978
:1099C000A9022285EFD0301672283E284E280506BF
:1099D000D6241D8E1E28850513578940AA969D8D75
:1099E0004207C2064206C2059387E4002818418355
:1099F000C1864186C185EFB0E0741A288357810380
:109A00008356A1034946BA97231CF1023E2881459B
:109A10002285BE96231DD1028356C1033697231E8D
:109A2000E1020357E103BA97231FF102EFD0B00F11
:109A3000835781034D468145898F2285231CF1027E
:109A4000EFD0700E8357C10341468145AA97228506
:109A5000231EF102EFD0300D8357A1034546814507
:109A6000898F2285231DF102EFD0F00B8357E1038C
:109A7000F008DA85AA9713050401231FF102EFA06D
:109A8000702835BD0D4939BEEF62EFF401112A840B
:109A90002E8BB28AEFE0A0598317E500AA84639663
:109AA000670183170501638F570B1D46814522858A
:109AB000EFD07007BA28194681453307A7022285DF
:109AC00013598740EFD0300683D9C400AA99228564
:109AD000EFD0E04A2A8A2285EFD0604BC20993D9A1
:109AE0000941131709012A8641839387E400CE8632
:109AF0002AC2D28528083EC63AC4EFB0A0640E2818
:109B0000B484A885AE96F48436283695E885A88670
:109B1000AA95EC86AC872285AE962C08F487EFC018
:109B2000D06322852397640123985401EFC03053FA
:109B3000B24722471246CE86D2852808EFB0806011
:109B40001A28BC84B4852C08BA97FC843E28228548
:109B5000BE96F485B4863697F886B887BA97FC87A0
:109B6000EFC0B05F05616F604FEAEF62CFE693969A
:109B700005018567C1821387F7E001112A842E8AC7
:109B80006376D700938707E133EAF5022285EFE099
:109B9000004A5E25AA896303FA0C1D468145228589
:109BA000EFD0607803D92901194681453309A9020C
:109BB0002285EFD04077AA842285EFD0403CAA8A44
:109BC0002285EFD0C03C83D6C900C204C18013599E
:109BD0008940A69613170901C2062A8641839387F6
:109BE000E900C1862AC2D68528083EC63AC4EFB02D
:109BF00060550E28B484A885AE96F4843628369530
:109C0000E885A886AA95EC86AC872285AE962C08B6
:109C1000F487EFC09054228523964901EFC0304469
:109C200083D6C900B24722471246A696C206C1860D
:109C3000D6852808EFB000511A28BC84B4852C08BA
:109C4000BA97FC843E282285BE96F485B486369762
:109C5000F886B887BA97FC87EFC0305005616F600F
:109C6000CFDAEF62EFD8EFE0803C4A29098105891D
:109C70006F604FDAEF622FD60111AA842E85AE896C
:109C8000EF8020602A892685EFE0603A8D472A849C
:109C90006316F9025E2905478D8BFD17C207C18344
:109CA0006365F7000841EF5020495E282320040037
:109CB00093E737005EA805616F602FD52C084E85AD
:109CC000EFB06074631F09065E2805478D8BFD1792
:109CD000C207C1836365F7000840EF50E0452320C9
:109CE0003401E24750281379390093D6570113D72E
:109CF000A700FD8B8E071377F77FB3E72701118A43
:109D00001AA436A4D18F058785865CA87AA416A8E4
:109D10002685EFF01FF501C90316A4008315840002
:109D20002685EFC0505D5E2491E73A289307001026
:109D30006305F7002685EFC090322685EFC090447A
:109D40009DBF9307F9FF93F7F70F0547E36BF7F80C
:109D5000032A0400630C3A035E288D8BFD17C207AB
:109D6000C1836373F700014A4E85EF4071690505B1
:109D7000EF50C032AA8A21D1CE85EF4071672320EF
:109D8000540163050A005285EF50003B8947E31AEE
:109D9000F9F4216A1306EA0881452685EFD0F03BE5
:109DA000AA8A13060A0881452685EFD0C0572AC61D
:109DB00013061A0881452685EFD0E056B2462A8759
:109DC00093078AC101485686CE856808EF60700FF8
:109DD000BC860317E10193F7F77F5607AA07D98FCF
:109DE00062471377F73FD98F3ECCE5BDEF62AFBE38
:109DF000AA892E89EFC0506715C183A701A7AA843D
:109E000089E7EFE0402223A8A1A6E1452685EFC01F
:109E1000D0232A8401E92685EFD0802D8144268530
:109E20006F60AFBE5C2923200500918B93E737005C
:109E30005CA92685EFD0A0140AA42685EFD02015B2
:109E4000B70700011CC85E28A9652AA493E747103C
:109E5000938585EF268523220400232604005EA82F
:109E6000EFC0301DA5659385A5502685EFC0B01DB8
:109E70006317090299452685EF20007C81452685D8
:109E8000EFC0300B85452685EFC0B0095E2863869C
:109E9000090093E747005EA859B7ED9BEDBF4A85DF
:109EA000EFE0E01858495E28118BED9BD98F5EA832
:109EB0003E2958493EA85E25137707105EA45E2808
:109EC00093F7F7EFD98F5EA8831745000C415EA08A
:109ED000831765007EA08317E5007EA48317050124
:109EE00026851EA8EFF01FD91306F00F9305F00F7B
:109EF0002685EFD0B05525B7EF620FADA147011110
:109F00002A84B2896393F5021C2299CB83A701A707
:109F10002322060082972A894A8505616F604FAE29
:109F20001304850240C20549C5BF83A701A72E8A35
:109F3000829785472A89E311F5FE9D47631AFA0047
:109F4000B78503009385050F4E85EFE06014E1B7F8
:109F50002285EFE0C00DAA8463130A025E298D8B6F
:109F6000FD17C207C183E360F9FC0841EF50C01C34
:109F7000DE2823A0040093E73700DEA86DB79147E1
:109F8000631CFA005E2909478D8BE39EE7F80C41BC
:109F90002285EFF03FCE41BF9947631DFA101D4661
:109FA00081452285EFD0203803D924011946814507
:109FB0003309A9022285EFD00037D624AA96C2061B
:109FC000C1861359894081EA93170901C187130794
:109FD0000010638DE706228536C4EFC0507A2A8AC6
:109FE0002285EFC0D07AA246131709019387E400B7
:109FF0002A86AA894183D2852808EFB0A014831647
:10A00000240383178101B387F64063D3D700B68753
:10A010000317A101C207C1873387E64063D3E70076
:10A02000BA878315C101C207C187B695B38545417B
:10A0300063D3B700AE870317E101C207C187369724
:10A040003305374163D3A700AA873EB84946814507
:10A050002285EFD0402D4D4681452A892285EFD0BB
:10A06000802CAA89414681452285EFD0C02B4546E8
:10A07000AA8481452285EFD0002B2A874E8663D3A0
:10A0800029014A86363893150601C185B687C2066E
:10A09000C18663D3B600B28793960701C18663D3A6
:10A0A0009600A68793960701C18663D3E600BA8718
:10A0B0003EB895BDA947E318FAE61D4681452285BD
:10A0C000EFD060262A8919468145228503DB2401C9
:10A0D000EFD06025839B8400AA8A228503DAC4001E
:10A0E000EFC0F0696394AB0A839BA4002285EFC0A4
:10A0F000106A639DAB0833096903B3065A01C206AF
:10A1000093070010C186135989401317090141872D
:10A110006314F70295E28397840009470396E400ED
:10A12000B3C7E702631AF6008397A40003960401FD
:10A13000B3C7E702630CF604228536C6EFC030646D
:10A140002AC42285EFC0B064B246A24513170901A4
:10A150002A869387E40041832808EFA0B07E1A285E
:10A16000BC84B48583A50900BA97FC843E280146C7
:10A170002808BE96F485B4863697F886B887BA97CD
:10A18000FC87EF40C0702382A90071BB83A5090042
:10A190002285EFD0106AC5BFEF628F85EFD030699E
:10A1A0003E292A8493F7071089C7484119C1EF4017
:10A1B000B0783E282322040093F7F7EF3EA86F60A3
:10A1C0006F85EF62EF82AA84EFD070663E2909475F
:10A1D0009D8B639BE7040C45C167FD172A8463854B
:10A1E000F50483A701830841F51582972A892685FE
:10A1F000EFD0F0633E291306450093F7071091C393
:10A20000504181471840B38627013697B306F600C0
:10A21000838606008305070014A389E92685EFF0ED
:10A22000BFF7C167FD171CC46F50DFFE850793F7AA
:10A23000F70FC9BFEF52DFFB41112EC62A89B28446
:10A24000EFD0F05E2A844A85EFF01FF59147B245C2
:10A2500063FA970213851400EF40506448C0014729
:10A2600011CDB2452686EF40507E5C40A6972380F4
:10A2700007003E2893E707103EA805473A854101AD
:10A280006F505FF93E2826861305440093F7F7EFD9
:10A290003EA8EF40907BD5B7EF529FF52A84AE845D
:10A2A000EFD0F05806A92285EFC0C06D6F509FF621
:10A2B000EF521FF42A84AE84EFD0705766A5228532
:10A2C000EFC0406C6F501FF5EF52FFF02E84AA8450
:10A2D000EFC0D012494681452685EFD0C0042A8AB6
:10A2E0004D4681452685EFD00004AA894146814527
:10A2F0002685EFD040032A89454681452685EFD043
:10A3000080021E20D2971EA05E20B38737415EA038
:10A310003E20CA973EA07E20898F7EA06F50FFEE20
:10A32000EF521FEDAA842E84EFD070501C49D183C8
:10A330008D8B638C87003E290D88120493F7F7FC00
:10A34000C18F3EA92685EFC0E0636F50BFECEF528E
:10A350003FEAEFD0D04D08416F50DFEBEF525FE99D
:10A36000EFD0F04C2A291D896F50DFEAEF525FE8E9
:10A37000EFD0F04B08498D4751810D896313F500EB
:10A3800001456F503FE989476304F60001C6014665
:10A3900032858280EF523FE435712A892E8AEFD0D0
:10A3A0001049114681452A844A85EFC0D077AA8991
:10A3B000154681454A85EFC010772146930509016E
:10A3C000AA840808EF50DFE5BC801395090141819C
:10A3D000898FFC80BC823E95BC81E8821395040184
:10A3E0004181898FFC81BC833E95E883E800EFA022
:10A3F000000CF00081454A85EFD0F04BF000D2858B
:10A400000808EFA020102C084A85EFF0FFEB300879
:10A41000D2850810EF40E037630005164A85EFF05B
:10A42000FFF43E2893D4670013F70708858819C303
:10A4300093E424009D8B99E393E404018547631220
:10A44000F51493E444002810EF70F069C167FD171C
:10A450003EDEBEC07E24301081452312F1041E284A
:10A460004A85A30491042313F104EFD0D0763E284B
:10A47000854613F7770075174207418363E5E604C5
:10A4800093F70703C117BD9BC207C1838DEF031765
:10A4900061038316810342560C40A167938787C1ED
:10A4A00026886800EF60E021BC86B8848507998F14
:10A4B0000317C100C207C18763D7E7008347910430
:10A4C000CD9BA304F1041440014730100C10280860
:10A4D000EF70B0643E2811479D8B639FE708031718
:10A4E00061038316810342560C40A167938787C19D
:10A4F00026886800EF60E01CBC86B4840317C100A6
:10A500008507958FC207C18763DDE7026624425540
:10A510001306000293050002BA94EF60E0688D47CD
:10A520003305F502C2041E281440C18001473010D3
:10A530000C102313F104AA94280823129104EF703D
:10A54000D05DBC87B4850317E1008507958FC207EE
:10A55000C18763D3E7027E24144030102312F10434
:10A56000C2570C1028089E27BA971A28BA97014795
:10A570002313F104EF70705A014632850D616F505C
:10A58000DFC88947E311F5EC93E484006DBDEF5219
:10A590003FC6EFD0D0292A29198105896F509FC75E
:10A5A000EF521FC201112E84039B050049468145CD
:10A5B000AA84EFC05057035D240041468145AA8B11
:10A5C0002685EFC050562C08330DAD402685EFF0A0
:10A5D000BFCF2685EFF0BFD7AA892685EFD03025DB
:10A5E000A086BC84A16A05041D8C93170401C18751
:10A5F0002A8C1386EA08814526853EC4EFD0E035D3
:10A6000013861A082AC281452685EFC0D0511386C9
:10A610000A082A8981452685EFC0F0509247420DED
:10A62000135D0D41839D870083572C01AA8A13DC9B
:10A63000670013F70708137C1C0019C3136C2C0068
:10A640009D8B99E3136C0C012685EFF03FD20547F3
:10A650002A8A6319E500136C4C0001448144B388D5
:10A660002D01F5A80947E31AE5FE136C8C00F5B738
:10A67000A2469245628756864A8546C6EF50B06626
:10A680003307B401B248B38CA4006344A70D03A7F9
:10A69000418366CA4C084E85029729476308E50046
:10A6A000338799010307070011E3850C0547631001
:10A6B000EA0C12466287D686B3859C404A85EF50E5
:10A6C0005059A086BC8405041D8C420489474184EE
:10A6D0003344F4023345F502098C42044184A30952
:10A6E000010002CA63880C04330B7B41420B135BED
:10A6F0000B41814B137C1C00D247A69763FC970348
:10A7000083A781834C084A858297AA8D524583A7E7
:10A71000818381454A9582972A86631B0C061245E0
:10A72000EE85EF60604893170501C187A297635DCE
:10A73000FB065ECA83A7C182D2454A85829783A75A
:10A74000C1822A84A6854E858297229505616F5025
:10A75000FFAA33888800131408014184E6843389F2
:10A76000990003070900E31507F0A68C81B7094794
:10A770000144E316EAF612466287D686B3859C400A
:10A780004A85EF50104DA086BC8405041D8CA9B7E6
:10A79000D2472AC413053101CA9783850700EF50B9
:10A7A000504722462DDD89BF5247B3079700E38209
:10A7B00097F9B3877901A69783870700BDDB569485
:10A7C0002295131405014184BA8B3DB7EF52DF9FE8
:10A7D0001D712A84EFD0B0051C41F9C7AA842C084A
:10A7E0002285EFF07FAEBC86B884A1698507998F7A
:10A7F000C207C1871386E908814522853EC6EFD08E
:10A80000C0151386190881452A892285EFC0B03109
:10A810002A8A1386090881452285EFC0D030BA28DC
:10A82000B247AA8A1358670093760708137818006E
:10A8300099C2136828001D8B19E3136808018C4026
:10A840005287D6864A860808EF50B06783D924011C
:10A8500093F97900639D0904494681452285EFC03B
:10A86000902CAA844D4681452285EFC0D02BBC8018
:10A87000AA944146A69781452285FC80EFC0B02A64
:10A88000AA84454681452285EFC0F029B081AA946B
:10A89000831501012696420641862285F081EFC08C
:10A8A00080252285EFC0000E25616F507F950D4BEE
:10A8B000639D69170810EF30304FFD5713060002F3
:10A8C000930500024A85231CF10422D0EF60C02DBD
:10A8D000AA871307803ED697B387E702CA24B484B9
:10A8E00003170101296AB3C7A702B3873703A96910
:10A8F000BEC6BECABC868507958F13960701C207E0
:10A90000C187418263D2E708198E420641869307C8
:10A910000A2B8145B2C03ED202DC02DEEF30B05BD2
:10A92000AAC2AAC893050A2B2285EF303058964652
:10A9300011E96350D00482C48347A105F99B230D1C
:10A94000F10405A81C5D1855C583858B6353D70298
:10A95000BAC40347A105799B230DE10499CB9377F2
:10A96000F70F93E727000647230DF104E2573ADC7F
:10A97000BEC00810EF30504C938589292285EF30F6
:10A98000B0462398040031BF93050A2B2285EF308F
:10A99000B045BC87B485031721018507958F1396B1
:10A9A0000701C20723970400C1874182E3D6E7FC71
:10A9B00083578900198ECA241D8E420641869387CB
:10A9C00089298145B2C03ED202DC02DEEF30B050B0
:10A9D000AAC2AAC8938589292285EF30304D9646B0
:10A9E00011E96350D00482C48347A105F99B230D6C
:10A9F000F10405A81C5D1855C583858B6353D702E8
:10AA0000BAC40347A105799B230DE10499CB937741
:10AA1000F70F93E727000647230DF104E2573ADCCE
:10AA2000BEC00810EF305041ADBD9147639CF90C9A
:10AA30000810EF307037FD57231CF104BC86B88432
:10AA400022D08507998F03170101C207C187296AA0
:10AA5000A96963D9E70413060002930500024A8539
:10AA6000EF608014931725003306F540BC80CA249C
:10AA700081451D8E420693070A2B41863ED2B2C005
:10AA800002DC02DEEF303045AAC293050A2B228594
:10AA9000EF30D041814711C11C551647E3DBE7EC8D
:10AAA000BEC459BD93050A2B2285EF30F033BC8715
:10AAB000B485031721018507958FC20723970400EA
:10AAC000C187E3DBE7EA03568900CA249387892913
:10AAD0003A963306C0404206418681453ED2B2C016
:10AAE00002DC02DEEF30303FAAC29385892922853D
:10AAF000EF30D03B814711C11C551647E3D3E7F235
:10AB0000BEC4DDB589476394F912BC87B885850753
:10AB1000998F03172101C207C18763C6E700C16788
:10AB2000FD179CC4BDBB83A7818288408297E378D0
:10AB3000ABFE8359C101BC841306E002850993056D
:10AB4000E0024A85B389F940EF60000656959317F5
:10AB50002500B4871D8DBC850317890085069D8E51
:10AB600093970601C20633064701C186B3E6C602C3
:10AB7000C20993D90901AA99231A3101C1831396F5
:10AB800006014186634CE608BA97958FC207C187D4
:10AB90004C082285FC83EFF0BFA083A904002A891A
:10ABA0004E85EF40E10583A70183AA8ACA854E85B9
:10ABB00082972AD082598840138A390063E34A0772
:10ABC000114B814A0257884083A7C1837D1B3A9568
:10ABD0008297569583A78183937AF50F88400C104E
:10ABE0008297E3110BFE8C4056862285CE95EFF0BE
:10ABF0006FE4E30805CA9C401307E0020D09CE97F5
:10AC000098A39C40CE9798B39C40CE97B8A39C4005
:10AC1000D2972380070023A4240161B1B387474161
:10AC2000ADB783A741830C107D19829761B7854723
:10AC3000E399F9C6414681452285EFC0C06EAA84DA
:10AC4000454681452285EFC0006EAC81AA942285DD
:10AC5000A695C205C185EC81EFB0F07399B1EF52B2
:10AC60008FD7A1472A84B2846390F5021C2281CB3E
:10AC700083A741A72322060082976F500FD91304A0
:10AC8000850240C20545D5BF83A741A72E8982977B
:10AC90008547E314F5FE9D47631AF900B785030065
:10ACA0009385850F2685EFD0A03EC1BF2285EFD0CA
:10ACB0000038AA89631E09003E29A18B91E708414B
:10ACC000EF40804723A009002285EFF0EFCC5DBF65
:10ACD00091476319F9002285EFF0AFCE2285EFF09E
:10ACE000FFAE4DB78947E31FF9F89E20DA201628FA
:10ACF0001D8F5E2842074183958FC207C183E31CE5
:10AD0000F7FCBE20FA2036281D8F7E28420741839B
:10AD1000958FC207C183E310F7FCADB7EF52AFCBFD
:10AD2000AA89AE84EFB010464E85EFD0403003299B
:10AD300005002A8491E0CA84631199024A85EF30A4
:10AD4000316C3E28A18B85E7930515004A85EF40BD
:10AD5000606C08C01DE96F504FCB630A09003E28A4
:10AD6000A18B91E74A85EF40203D232004002685F2
:10AD7000EF3011690505EF40603208C069DDA68536
:10AD8000EF3011673E28DD9B3EA84E85EFF01FA4F3
:10AD9000D9B7397126CA4AC806CE22CCAA842E89D0
:10ADA00032D436D63AD83EDA42DC46DEEFB0903DB9
:10ADB0002685EFD0C027631B09002685EFF01FA171
:10ADC000F2406244D2444249216182802A8408418F
:10ADD00001C93E28A18B89E7EF40003623200400FB
:10ADE0002C104A852EC6EF5070193E2808C0DD9BF6
:10ADF0003EA8E1B7EF52CFBF2A89AE84EFD020231F
:10AE00003E292A84A18B99E7084109C5EF40C03249
:10AE10002320040091C43E2804C093E787003EA885
:10AE20004A85EFF0BF9A6F50EFBEEF526FBC2A8495
:10AE30002E89EFD0C01FDD65AA849385A5C4228525
:10AE4000EF30807ADD659385A5C12285EF30C0792A
:10AE5000A9659385052B2285EF300079A965938537
:10AE600085292285EF30407894489307D9FF93B71E
:10AE7000370037077FFF758FDE07D98F9CC8C183E6
:10AE8000239704009D8B0947639AE7009844C167A4
:10AE9000FD176305F7002285EFF0AFB2BE281379E6
:10AEA00079002285E19B33E9270123992401EFF002
:10AEB000FF916F502FB6EF52AFB3AA842E84EFD01C
:10AEC00000171C49D983858B638C87003E29058830
:10AED0001A0493F7F7FBC18F3EA92685EFF01F8F69
:10AEE0006F504FB3EF522FAF4111AE89EFB0D05733
:10AEF0000DC583A741A72A8489E7EFD0C01223AAF2
:10AF0000A1A6D1452285EFB050142285EFD02012A2
:10AF1000AA8409E92285EFC0A01D014422854101D0
:10AF20006F50AFAEC1671849FD171CC5E5475CC53A
:10AF3000B70780FEF98F37073000D98FA965232026
:10AF40000500232205001CC9938565382285EFB0D2
:10AF5000900FAD659385E5C52285EFB0900D6396A2
:10AF6000090222859D45EF10206D22858145EFB0B5
:10AF7000407C22858145EFF05FEBB7850300938528
:10AF800045102285EFF09FD951BF4E85EFD0200AA2
:10AF90002A894E85EFF08FBCAA852285EFF0FFE865
:10AFA0004E85EFF0CFDEAA852285EFF0DFF04E85EB
:10AFB000EFF0CFBBAA852285EFF08FB6835729012A
:10AFC0004E85A18BC9EBEFF08FB8AA852285EFF0F3
:10AFD000FFD48357290109479D8B639BE702032513
:10AFE000090083A90400EF40801BAA854E85EF402D
:10AFF000604288C0AA89E30205F2832509002E85F4
:10B000002EC6EF40C019B2452A864E85EF40E02398
:10B010008357290193F70710B1C70325490039C1A8
:10B02000EF30113ECC402A862285EFF0AFA00347D7
:10B030003901BE281306F00F058B220793F7F7EFAF
:10B04000D98FBEA8832789009305F00F22859CC461
:10B05000EFC0D03FE1B5EFF08FAFAA852285EFF0CA
:10B060007FD985BF11469305490013854400EF4001
:10B07000C01D75BFEF522F96AA842E84328AEFB07E
:10B080001070AA892685EFB090702A892685EFC0B6
:10B09000107A8347050313F7270015CB9E281395D5
:10B0A00009014181898F1EA0DE28420A135A0A0134
:10B0B000AA975EA0BE2813172500198DD297AA97CC
:10B0C0003EA0BE283E9A231344016F500F9413F7FD
:10B0D000470015C79E28139509014181898F1EA03D
:10B0E000DE280D47AA973305E5025EA0FE28B38748
:10B0F0004741C207C1833EA0AA977EA0F9B713F7C4
:10B10000870015C71315090141810D473307E50273
:10B11000DE28B3874741C207C1831EA0BA975EA04D
:10B12000BE28898F3EA0FE283E956AA079BFC18BBC
:10B1300085C79E28131509014181420A135A0A0145
:10B1400013172500D2973307E540BA971EA09E2813
:10B150003E9A23124401E9B77D57FD5601468145C9
:10B160002285EF30605D95B74D466FC0C01B4546E8
:10B170006FC0601BEF52CF8785452A84EFF03FFFF9
:10B18000AA8485452285EFF03FFE8317240333050B
:10B19000A04063D3A7002AB8831724033305904047
:10B1A00063D3A7002AB86F50EF86EF526F842A84CA
:10B1B0000841411165462C00EFF0DFEB08402C0000
:10B1C000EFB0A0790840EFC0906683470503859BE8
:10B1D0002308F50241016F50EF83EF526F81411157
:10B1E0002A84AE84EFC0B06446B165462C00228547
:10B1F000EFF05FE82C002285EFB0207641016F5020
:10B200006F81EF42FFFE2E84EFB0301AA94763EA48
:10B210008700AA84EFB080612A86A2852685EFB0D8
:10B22000C05F6F403FFF414681456FC0C00F8147FF
:10B230002147B386F5009022B306F500850790A25A
:10B24000E399E7FE8280EF421FF9094759716318BD
:10B25000E60083A7C1A7829765616F401FFB75DA7F
:10B2600005476304E6000145C5BF83A7C1A7AA84BB
:10B270002E8982972685EFC0905B2A84930505016D
:10B280004800EFF0DFFA3C8203DA040183D924019D
:10B2900093058401D2977C823C836800CE977C839F
:10B2A0003C84D2977C843C85CE977C85EFF03FF838
:10B2B0003C86D2977C863C87CE977C87BC803E9A22
:10B2C000BC8123184101BE9983470402231931012F
:10B2D000858BA5E383470402898B91C7CA856800E3
:10B2E000EF30606E21ED1C58F98BB5DF0316440278
:10B2F0004C082685EFF01FD86808EF90401B7008B7
:10B3000026858945EFC0305BE17793C7F7FF0317C8
:10B310004402FC86834781027008CA85B387E7022E
:10B3200065474808B3C7E7022304F102EF90801D88
:10B330001DBFCA854800EF30006949DD6808EF90FD
:10B340000017700885452685EFC0F0568347040234
:10B35000858B8DE383470402898BD1D71C500D4721
:10B3600089839D8BE361F7F87008CA856800EF90C8
:10B37000601995BF1C500D4789839D8BE36CF7FCCA
:10B380007008CA854800EF90E017E9B7EF425FE325
:10B390003971AA84EFC0B0495C412A843E853EC41D
:10B3A000EFB0F03DAA892245EFB0703E2AC826854D
:10B3B000EFB0F03CAA8A2685EFB0703D0D4685457A
:10B3C0002A8A2685EFB0307685452A8B2685EFF0D0
:10B3D000BFD985452A892685EFF07FD94946814521
:10B3E0002A8D2685EFB030748145AA8B2685EFF033
:10B3F000BFD7AA8D2685EFF01FE32ACA814526858F
:10B40000EFF0FFD6834704022ACC13F7C701630687
:10B41000072091466317D700F19B93E7370023007D
:10B42000F402930704013ED083470402858BA1C335
:10B43000930504012818EFF09FDF9A2883578103B2
:10B440008356A1032C18BA97231CF102BE28268527
:10B45000BE96231DD1028356C1033697231EE102F7
:10B460000357E103BA97231FF102EFB0004F930790
:10B4700084013EC683470402898BA1C393058401DE
:10B480002818EFF0DFDA9A28835781038356A10347
:10B490002C18BA97231CF102BE282685BE96231DC0
:10B4A000D1028356C1033697231EE1020357E103FD
:10B4B000BA97231FF102EFB0404ACA87635369016C
:10B4C000DA8713170B014183931C0A013306A70186
:10B4D00093DC0C013ACE3386CC4033877A41939685
:10B4E0000701139C0A01C20742063307B741C18610
:10B4F000135C0C01C1834186634437139395170095
:10B50000B305BC40C205C1851305040132D436D24F
:10B51000EF3020239256225613050401B685EF30F2
:10B52000802383470402214793F68701F99B6387B1
:10B53000E616EA8A63536D01DA8AF2476247139D81
:10B540000A013E99D24733092C414209B307FA4018
:10B55000998F4247C20A135D0D411359094193DA8D
:10B560000A0163C7E71893951A003245B385BC40BA
:10B57000C205C185EF30801D32456A86CA85EF302D
:10B58000801D83470402214793F68701F59B638C56
:10B59000E61C83470402858B9DCF82552818EFF067
:10B5A0001FC99A28835781038356A1032C18BA9781
:10B5B000231CF102BE282685BE96231DD102835688
:10B5C000C1033697231EE1020357E103BA97231FF5
:10B5D000F102EFB0803883470402898B9DCFB245DA
:10B5E0002818EFF0DFC49A28835781038356A103FC
:10B5F0002C18BA97231CF102BE282685BE96231D5F
:10B60000D1028356C1033697231EE1020357E1039B
:10B61000BA97231FF102EFB0403421616F401FBE83
:10B6200086063387DA4033075703DE99EE99B14532
:10B6300033473703BA8D420741876353B700B14D93
:10B64000C20D93DD0D41EE851305040132D63ED4C3
:10B6500036D2EF30000F2245B38DBA41B38959413C
:10B66000EFB0805A92563385AB40A257B38DDD4080
:10B67000B38DAD02325613050401B3CD3D03B3853E
:10B68000B701C205C185EF30000D83470402B14602
:10B6900013F7C7016317D70093E717002300F402DD
:10B6A00049BDA147E317F7E80145EF50E045AA8AF5
:10B6B0008549E3800AE883C70A006396370383A7B6
:10B6C0008A04C983858B85C303A58A0309CD5E39A6
:10B6D000A18B99E7A2476318F500834704026DBF69
:10B6E000EFB0A04CE5B75685EF500042AA8AD1B71B
:10B6F000C2475247060D338BE700E24731473E9B76
:10B70000B307AA41B3874703B3C76703BE89C2071C
:10B71000C18763D3E700B1493245C20993D90941D2
:10B72000CE85EF30A0022245B3093A41B389A94141
:10B73000EFB080503385AB40B389A902330B4B4146
:10B740003245CA85B3C9690333863A014206418648
:10B75000EF30600083470402B14613F7C701631757
:10B76000D70093E727002300F40225B5A147E31291
:10B77000F7E20145EF5040392A898549E30B09E09A
:10B78000834709006396370383278904C983898B1C
:10B7900085C30325890309CD5E39A18B99E7A247AB
:10B7A0006318F500834704026DBFEFB00040E5B7B2
:10B7B0004A85EF5060352A89D1B7EF427FA3AA842A
:10B7C0002E84EFC0D0061C5189839D8B6384870231
:10B7D00011476313E40293E74700034705028A0712
:10B7E000019BD98F2300F5022685EFF03FBA26850D
:10B7F000EFB040196F401FA221476314E4008D8B06
:10B80000E9BF0D476374F700136444009377740035
:10B81000E9B7EF427F9B2E89EFD06FBE1DC983A78A
:10B8200081A7AA8489E7EFC0100023ACA1A683A753
:10B83000C1A791E72685EFC0407F23AEA1A693055F
:10B8400000042685EFB060002A8401E92685EFB068
:10B85000300A814426856F40BF9A930985002322D0
:10B8600005004E85EFE0604D83470402930A840291
:10B870005685819B93E7C7002300F402EFE0E04B7D
:10B880008347040323120402232C0402819B230810
:10B89000F402930720035EB88347C403B16B316B96
:10B8A000F99B230EF4022D6A631009088145268551
:10B8B000EFD0EFB448C08545EFA0B06B4840854558
:10B8C000EFA0F06748408545EFA0F0684840C945C3
:10B8D000EFA0306B48400D478D460D468D45EFD0AB
:10B8E0000FC24840AD6593852520EFA0506B4840BE
:10B8F00093854BEFEFA0F07393058B982685EFA00F
:10B90000507393056A242685EFA0F0730C502685AA
:10B9100089819D89EFF07FEAA1452685EF00D0510E
:10B920002685EFF0BFA63DB74A85EFC040704C4179
:10B930002A892685EFD0AFAC48C093854BEFEFA0A6
:10B94000506F930589004E85EFE0501E93058902E4
:10B950005685EFE0B01D93058B982685EFA0706D9E
:10B9600093056A242685EFA0106E8325090226859B
:10B9700089819D89EFF07FE465B7EF427F87EFC053
:10B98000006B48416F401F89EF429F83A1474111DF
:10B990002A84B284639FF50403490600EFC020693E
:10B9A00089476304F90463EA270121056311090447
:10B9B00013048402C0C0854931A893070004630FB3
:10B9C000F90023A2040083A781A72686A14522852A
:10B9D0008297AA894E8541016F405F824841814527
:10B9E000EFB0205CC8C061F9F9BF13058502C8C07B
:10B9F000D9B7A5472E8A639EF5000C229307000451
:10BA00006395F500EFF07FF78145EFB0D00788B080
:10BA10005DB783A781A782978547AA89E31CF5FABA
:10BA20009D47631AFA00B78503009385C5102685E4
:10BA3000EFC0006679BF2285EFC0605F2A89631B73
:10BA40000A028347C503858B89CF2285EFB0E015B5
:10BA5000EFB0A015EFC0A05D1C5D63948700232CA0
:10BA6000050222858545EFB0E06C89452285EFB05F
:10BA7000606C91B763103A135C4195DF2285EFF05B
:10BA8000DFEFEFD07FA5AA892285EFF01FEFEFD07F
:10BA9000DFA52A8B2285EFF05FEEEFD01FA6AA8AE2
:10BAA0002285EFB0407D2A8A032549004946814519
:10BAB000EFB07007AA8C03254900814593FADA0F8D
:10BAC000EFF08FEAAA8B03254900054D937DDB0F2C
:10BAD000EFF06FF52A8C81452285EFB0400DAA84E6
:10BAE00093F9D90FE38904EC89452685EFB0E07816
:10BAF000A68541ED2285EFB0800B039704018316E4
:10BB000004012A866390E604639EA903630B3A014D
:10BB1000DA2893970C01C183BE9696A8BA97DEA83F
:10BB200025A883974401831644016397F602937610
:10BB3000DB0F6393460393960B01C182158F9AA87E
:10BB4000958FF1BF83974401831644016396F600F5
:10BB50006394AD01E301BAFF839724010317240125
:10BB6000631CF700639AAA0193170C01C1833E97E7
:10BB7000BAA8FA28BA97FEA883254900268532C6B6
:10BB8000EFB0A0393246B284B1BF2285EFB02002B7
:10BB9000AA8489BF9147631DFA020D468545228517
:10BBA000EFB06078AA852AC613050901EF20103A84
:10BBB000B24513058901EF20D038832709028D8B08
:10BBC00081C72285EFF08FFC2285EFF0AFDAE5B375
:10BBD0008947631CFA045C41E38F07DC2285EFB0E0
:10BBE000003ADE209A208507998FC207C187630239
:10BBF000F5020325490089455C4D1306050182972E
:10BC0000832709028D8BE38807DA2285EFF00FF88E
:10BC10005DB32285EFB0A037FE20BA208507998F4B
:10BC2000C207C187E317F5FC79B39947E315FAD842
:10BC300061BFEF42EFDBEFC0803F4A396F408FDDDD
:10BC4000EF426FD94111AA842E84EFF01FD32C004C
:10BC5000EFA0D07A8A852685EFA0507A49468145A3
:10BC60002685EFB0406C8145AA892685EFF0CFCFBD
:10BC70002A892685EFF02FDB2A8A81452685EFF079
:10BC80000FCF937724002A8789CB8317210083164F
:10BC9000A1000545D2976384F6049377840089CB8D
:10BCA000831761008316E1000545998F6389F602C9
:10BCB0009377140089CB8317010003178100054592
:10BCC000CE97630EF7001188014511C80315410096
:10BCD0008317C100330525411D8D13351500410122
:10BCE0006F40AFD2EF42CFD039712A89AE84EFC016
:10BCF000003483470503858BB1CF1C592A84F98B07
:10BD0000B1EB0A85EF20500AAD679387A71D3EC2AD
:10BD10004A85E5473ED04AC002CC02CEEFF07FF123
:10BD20002AD24A85EFF0FFF09307C0123ED6AD67E6
:10BD30009387A71A2AD80A853EC6EF20F00F9147AD
:10BD40006381F40463EB970085476387F4028947B6
:10BD5000638FF40021616F40EFCBA147E39CF4FEB9
:10BD60008347040393E747002308F402E5B78347BA
:10BD7000040393E72700CDBF8347040393E707013C
:10BD8000E5B78347040393E78700F9BFEF42CFC3CA
:10BD900041112A84EFF07FBE2A89EFA0F066AA89BC
:10BDA0004A85EFA070692C002A8A4A85EFA01065A9
:10BDB0008A852285EFA09064494681452285EFB0AF
:10BDC000805681452A8B2285EFF00FBAAA8B2285F7
:10BDD000EFF06FC58145AA842285EFF04FB90313B8
:10BDE000C100AA8A031581008315410003170100D1
:10BDF0009318030193D8080193160501C182338675
:10BE0000E540938718004206958F4182C207C1879B
:10BE100013081600DA974208DE9713580841634862
:10BE2000F8005A9781456306E502DA8915A0B385C3
:10BE300075416358B30633061641B2963385764191
:10BE4000931905019145228593D90941EFF09FE9A6
:10BE50008545031EE1000318A100031561000317C7
:10BE6000210013130E011353030193160801C1821D
:10BE70003306E540930713004206958F4182C207BF
:10BE8000C18793081600A697C208D69793D8084191
:10BE900063C2F8022697631DE80495ED41016F40E7
:10BEA0002FB65A978145E356A7FA85452285EFF0CC
:10BEB0007FE3A5BF330555416355AE0233066640A7
:10BEC000B29633855641131A0501A1452285135AAE
:10BED0000A41EFF03FE15286CE854A85EFA07032ED
:10BEE00075BF2697E35B07FB89452285EFF09FDF4F
:10BEF000268AD5B7EF422FAE214B83A781A74111E8
:10BF00006398650182972A8A528541016F40EFAF9D
:10BF1000AA8A2E89B289829785472A8AE316F5FE76
:10BF20009D47631AF900B78503009385C5EC4E85DC
:10BF3000EFC00016C9BF5685EFA030472A84EFC076
:10BF4000000F8947AA846313F9102285EFA0F045FA
:10BF50002A8BEF90304883C7C4032A89858BD9CFB9
:10BF600051CD5A85EFA07044EFC0600C1C5D2A8B48
:10BF7000D1E74A85EF90D05019C19C5CC1C38317AB
:10BF8000290395E383170903B5CB83170903634896
:10BF9000F0048317090363D3070691452285EFF068
:10BFA0003FCA39E1A1A8634CF00083172903E3DEFF
:10BFB00007FCA1452285EFF0BFC819E5F9B789450F
:10BFC0002285EFF0FFC775D185452285EFA08079E6
:10BFD00085455685EFA00079232C8B027DB78545DA
:10BFE0002285EFF0FFC555D585452285EFA08077E6
:10BFF00085455685EFA00077232C8B022285EFF034
:10C00000FFD82285EFC0A0021C518D8B89C72285E5
:10C01000EFF0CFB7D5BD5685EFA0707683D7490036
:10C0200003D709008507998FC207C187E311F5FE81
:10C030005685EFA0D07583D7690003D729008507FF
:10C04000998FC207C187E314F5FC7DBD9147631644
:10C05000F9002285EFF09FD35DBFC5476318F90053
:10C0600083470502F18BE39167EB55B7CD47631921
:10C07000F918832985036399090883C704022147B6
:10C0800093F6C701E392E6E8858B8DCF9385040193
:10C090002800EFF0CF991A283C8434852C00BA97F9
:10C0A0007C843E282285BE967485348636977886B1
:10C0B0003887BA977C87EFA0500A83C70402F99BA0
:10C0C0002380F40283C70402898BE38F07E2938500
:10C0D00084012800EFF0AF951A283C8434852C00A9
:10C0E000BA977C843E282285BE967485348636971E
:10C0F00078863887BA977C87EFA0300683C704021A
:10C10000F59B2380F40209B54E85EFB0507281454E
:10C110002A8923AC04024E85EFA0C0644E85EFF05F
:10C12000DF858145EFA000648347090213F7C7014B
:10C1300063146709858B9DCF930509012800EFF0F3
:10C140000F8F03D709013C8434852C00BA977C8477
:10C1500083D729014E85BE967485348636977886B6
:10C160003887BA977C87EFA0407F83470902F99B05
:10C170002300F90283470902898B9DCF930589012A
:10C180002800EFF0CF8A03D709013C8434852C00C6
:10C19000BA977C8483D729014E85BE9674853486F0
:10C1A000369778863887BA977C87EFA0007B8347DD
:10C1B0000902F59B2300F9024E85EFB05067A14AB2
:10C1C00083298503E38B09EA8145232C05024E85EB
:10C1D000EFA040594E85EFF04FFA8145EFA080580F
:10C1E0008347090213F7C70163185701F19B230026
:10C1F000F9024E85EFA000794E85EFB05063C9B7C4
:10C20000E31409D02322050001B309476300E612B5
:10C21000EF327FFC1D71631306102A84AE84EFB0E9
:10C22000800583A701A80146A6852A8B22858297CF
:10C230002285EFB0D05FAA8A2285EFA050542A89C8
:10C240002285EFA0D054AA89494681452285EFB0C6
:10C25000800D2A8A4D4681452285EFB0C00C83D6D9
:10C26000CA0003D78A002A9A93871600998FC207BB
:10C27000C187B38737033306494142064186854566
:10C28000B3C7C7026304BB08B387F640C207C183C4
:10C290007C82CE977C843E28494689457C837E28D3
:10C2A00022857C85EFB020082A8A4D468945228563
:10C2B000EFB06007AA89414689452285EFB0A00604
:10C2C000454689452A892285EFB0E0053C82B3873F
:10C2D00047417C823C84CE977C843C83B387274152
:10C2E0007C833C85AA9768007C85EF80401C7000A9
:10C2F00089452285EFB0305C7000A6854800EF804C
:10C30000602081473E8525616F303FF0BA97C207B4
:10C31000C1837C84B38737417C82B5BF0547E31274
:10C32000E6FE83A701A88297AA87E9BF32858280AB
:10C33000EF321FEC2E89EFC02F8E15C983A741A8BD
:10C340002A8489E7EFB0304E23A2A1A883A701A8D1
:10C3500091E72285EFB0704D23A0A1A893050004BA
:10C360002285EFA0804E01E92285EFA0705801449C
:10C3700022856F303FEA930485032685EFD0F01BBA
:10C38000B1659385E5492285EFA0A04AB165938503
:10C39000A5202285EFA0204B631909088545228539
:10C3A000EFA02039C1452285EFA0A03D0145EF4017
:10C3B000A05D1309C003330525039307F00E8544E0
:10C3C00063DFA7000145EF40205CB304250393071A
:10C3D000000A93840405B3C4F402C204C184014575
:10C3E000EF40805A13093002330525039307F00EFE
:10C3F000054663DFA7000145EF40005933062503DA
:10C400009307000A130606053346F60242064186E4
:10C41000A6852285EFA0206E228505468145EFC0C6
:10C420002F95AD452285092CA1B74A85EFB0304044
:10C43000930585032685EFD0706F1306F00F9305E3
:10C44000F00F2285EFB0900025B7EF327FDA41116F
:10C450002A842EC6EFC0CF8E8547630BF500324687
:10C4600085452285EFB07FF485452285EFC07006B3
:10C4700041016F303FDAEF32BFD741112A842EC617
:10C48000EFC00F8C11C9324681452285EFB0FFF114
:10C4900085452285EFC0F00441016F30BFD7EF32F0
:10C4A0009FD3A1472A84B2846394F504034906000C
:10C4B000EFB0F03785476306F90289476307F90251
:10C4C000630C090083A741A823A204002686A14586
:10C4D000228582976F307FD313048402C0C0054544
:10C4E000D5BF13050503C8C0DDBF13058503E5BF30
:10C4F0001D4783A741A82E89639EE5008297854743
:10C50000E31AF5FCB7850300938545112685EFB046
:10C510003038C9B782978547AA84E31DF5FA6317B7
:10C52000090089452285EFA0F04055BFB947631542
:10C53000F9022285EFC0CF808545631B95002285D7
:10C54000EFF07FF30146C1452285EFA0002D59B7DA
:10C550002285EFF09FEFFDB79947E312F9F84946BE
:10C5600089452285EFA0305C4D468945AA89228500
:10C57000EFA0705B414689452A8A2285EFA0B05A18
:10C58000454689452A892285EFA0F059AA8422854B
:10C59000EFA0F01EAA8A2285EFA0701F63D0AA0622
:10C5A0002285EFA0D01D1357154042074187D2873F
:10C5B00063533A01CE8793960701C18663D3260160
:10C5C000CA8793960701C18663D39600A687138511
:10C5D00027003A959314050189452285EFC0A07183
:10C5E0003E38C18026953E8793160501C207C18754
:10C5F000C18663D3D7002A873AB8D5B52285EFA084
:10C60000101955B7EF32DFBE2A840845AE8432894F
:10C6100011C1CD3F5C4091C7CA85268582976F3096
:10C620007FBF1C40EDDF03A581A84A86A6858297BF
:10C63000FDB723A4A1A88280EF329FBB9387F5FFAB
:10C640002D472A84AE846365F702378703008A0783
:10C6500013070712BA979C4381458287EFA0902D5C
:10C6600085452285EFA0102D89452285EFA0902CCD
:10C6700003A581A82686A285EFF0DFF86F309FB969
:10C68000EFA0502B930500042285EFA0B02A85452A
:10C69000E9BFEFA0302A8D45C9BFEFA0B029914571
:10C6A0002285EFA030298D45C5B783A781A8C84B47
:10C6B00082809316050113980501C1821358080161
:10C6C00093D75600135758009308F00FB388C8400B
:10C6D00093F7F7031377F703330717032163130364
:10C6E0001308FD891358B800B387C702BA97938718
:10C6F0000708B3876702C98313F7077E9377F501AD
:10C70000B387C70213D5B600B38515033305C50239
:10C71000AE9793870708330818034295B3876702DB
:10C720001305050833056502DD83FD8BD98F5D8117
:10C730002E055D8D82809357450093F6F7001376A2
:10C74000F50F1377050F558F12069376F50093F7C3
:10C75000070F2181D18EC98F09838D828D83FD8A38
:10C760001607FD8B558FAE073365F7008280EF32D9
:10C770003FA87D16AD472E8463E2C702B78703004A
:10C78000938707150A063E961C42828781452285BB
:10C79000EFA0300183A5C1A8EFD0E0641306F00F2D
:10C7A0009305F00F2285EFB0604A6F30BFA6814538
:10C7B0002285EFA0007F83A5C1A89105F1BF814527
:10C7C0002285EFA0007E83A5C1A8C105F1B78145F0
:10C7D0002285EFA0007D83A5C1A8F105EFD0A06060
:10C7E00085452285EFA0E07B83A5C1A8938505023E
:10C7F00065B781452285EFA0C07A83A5C1A8F10560
:10C80000EFD0605E85452285EFA0A07983A5C1A801
:10C8100093850502EFD0205D89452285EFA06078E1
:10C8200083A5C1A89385C50385BF81452285EFA057
:10C83000407783A5C1A82A89F105EFD0C05A83A506
:10C84000C1A84A8593858503EFD0E05985452285A7
:10C85000EFA0207583A5C1A893850502EFD0A0584D
:10C8600089452285EFA0E07383A5C1A89385450380
:10C8700025B781452285EFA0C07283A5C1A8910587
:10C88000EFD06056930500042285EFA0807183A548
:10C89000C1A8D105EFD0205585452285EFA0607055
:10C8A00083A5C1A893854502EFD0E0538945228531
:10C8B000EFA0206F83A5C1A893858502F1BD8145B6
:10C8C0002285EFA0006E83A5C1A82A899105EFD02B
:10C8D000805183A5C1A84A859385C502EFD0A05099
:10C8E0008D452285EFA0E06B83A5C1A89385050344
:10C8F00065B581452285EFA0C06A83A5C1A82A89B4
:10C900009105EFD0404E83A5C1A84A85E105EFD03F
:10C91000804D91452285EFA0C06883A5C1A893856D
:10C920004504EFD0404C8D452285EFA0806783A55C
:10C93000C1A893850504EFD0004B85452285EFA063
:10C94000406683A5C1A893854502B9B593575500A4
:10C95000135735004D817D8B93F7077E7D89D98FE5
:10C960002E055D8D8280EF323F86BE8A83A7C1A8E7
:10C97000AA8C2E8CB289B68B3A8B428A9DE3130522
:10C980008004EF20A07123A6A1A82A8919E16F10C5
:10C99000407493058004EF20F04003A7C1A823A0B2
:10C9A000E1AA03A5C1A8138981D92320390323163D
:10C9B00099012317890123287901232A6901232C4E
:10C9C0005901232E4901EFD0E04F03A5C1A813065A
:10C9D000F00F9305C002EFD0C06F8327090283A92F
:10C9E000C1A8938481D9898B99E36F10E06E37F5E4
:10C9F000EA004D15EFF09FF52A86930590024E85CB
:10CA0000EFD0E0639C5003A9C1A8898B99E36F1014
:10CA1000606D37453B00130525E4EFF03FF3A1655A
:10CA20002A86938595084A85EFD060619C5003A9BA
:10CA3000C1A8898B99E36F10A06B37453B001305A4
:10CA400025E4EFF0BFF02A86930590074A85EFD0E2
:10CA5000005F9C5083A9C1A8898B99E36F10006A7D
:10CA600037453B00130525E4EFF05FEE21692A8688
:10CA70009305A9084E85EFD0805CD22403A5C1A8F8
:10CA80009305B908EFD0A05BD04803A5C1A89305D2
:10CA9000E007EFD0806D03A5C1A81105EFD080425B
:10CAA000014503A9C1A8EF30306EF54711090546CD
:10CAB00063DCA7000145EF30306D1306A500D147B8
:10CAC0003346F602420641864A858545EFD0E04D61
:10CAD00003A5C1A81306F00F9305C0021105EFD0FE
:10CAE000405F9C5003A9C1A8898B110999E36F107D
:10CAF000A061370500017D15EFF05FE52A869305FB
:10CB000090024A85EFD0A0539C5003A9C1A8898BFD
:10CB1000110999E36F10006037E5D600130535DE83
:10CB2000EFF0DFE22A86930590034A85EFD020518B
:10CB30009C5093F707028DE303A5C1A8D224930567
:10CB400090231105EFD0A04F03A5C1A8F2249305AF
:10CB500090431105EFD0A04E03A9C1A80145EF30C5
:10CB6000B062930770071109054663DDA700014510
:10CB7000EF30906113068502930700053346F602F5
:10CB8000420641864A8593050003EFD0004203A583
:10CB9000C1A80546930530031105EFD000419C5014
:10CBA00003A9C1A8898B110999E36F106057374514
:10CBB0003B00130525E4EFF07FD9A1652A86938514
:10CBC00095084A85EFD0A04703A5C1A8D048930592
:10CBD000E0071105EFD060599C5003A9C1A8898BCB
:10CBE000110999E36F10605437453B00130525E4A4
:10CBF000EFF0DFD52A86930590074A85EFD02044D1
:10CC00009C5003A9C1A8898B110999E36F10805228
:10CC100037453B00130525E4EFF05FD3A1652A8675
:10CC20009385950A4A85EFD080419C5003A9C1A8FD
:10CC3000898B110999E36F10805037453B0013052C
:10CC400025E4EFF0BFD02A86930590094A85EFD0FE
:10CC5000003F03A5C1A80546930500091105EFD0C3
:10CC6000C034014583A9C1A8EF309053854791098D
:10CC700063F4A7006F10404D0145EF30F0503D497F
:10CC8000330525039307F00E63D4A7006F10804C83
:10CC900005490145EF30504F130770078547635D25
:10CCA000A7000145EF30504E93078502130700059A
:10CCB000B3C7E702C207C1833306F90042064E85B7
:10CCC0004186C945EFD0602E014583A9C1A8EF3048
:10CCD000304D8547910963F4A7006F10A0490145C5
:10CCE000EF30904A3D49330525039307F00E63D496
:10CCF000A7006F10E04805490145EF30F0481307E1
:10CD000070078547635DA7000145EF30F047930743
:10CD1000850213070005B3C7E702C207C1833306C4
:10CD2000F90042064E854186CD45EFD000280145E9
:10CD300083A9C1A8EF30D0468547910963F4A700C5
:10CD40006F1000460145EF3030443D49330525035F
:10CD50009307F00E63D4A7006F10404505490145C5
:10CD6000EF309042130770078547635DA7000145C8
:10CD7000EF3090419307850213070005B3C7E70220
:10CD8000C207C1833306F90042064E854186C1457C
:10CD9000EFD0A021014583A9C1A8EF30704085479D
:10CDA000910963F4A7006F1060420145EF30D03D58
:10CDB0003D49330525039307F00E63D4A7006F1098
:10CDC000A04105490145EF30303C13077007854706
:10CDD000635DA7000145EF30303B930785021307E1
:10CDE0000005B3C7E702C207C1833306F900420654
:10CDF0004186C5454E85EFD0401B014503A9C1A81A
:10CE0000EF30103A8547110963F4A7006F10C03E58
:10CE10000145EF307037BD49330535039307F00EF8
:10CE2000054663DFA7000145EF30103633063503B2
:10CE30009307000A130606053346F60242064186AA
:10CE40004A85D145EFD0601603A5C1A801469305D8
:10CE5000000B1105EFD0601503A5C1A813069003C0
:10CE60009305700B1105EFD0401403A5C1A831053F
:10CE7000EFD0400503A5C1A8930545003105EFD0CB
:10CE8000E0099C5003A9C1A8898B310999E36F106F
:10CE9000603737D5D4001305957DEFF03FAB2A8678
:10CEA000930590024A85EFD080199C5003A9C1A830
:10CEB000898B310999E36F10A03537E5DF00130541
:10CEC000D57EEFF0BFA82A86930590034A85EFD060
:10CED00000179C5003A9C1A8898B310999E36F10F1
:10CEE000E033374531001305F504EFF03FA6A165A7
:10CEF0002A86938595084A85EFD060149C5003A933
:10CF0000C1A8898B310999E36F1000323745310090
:10CF10001305F504EFF09FA32A86930590074A8531
:10CF2000EFD0E0119C5003A9C1A8898B310999E386
:10CF30006F104030374531001305F504EFF01FA1A5
:10CF4000A1652A869385950A4A85EFD0400F9C50AB
:10CF500003A9C1A8898B310999E36F10602E374569
:10CF600031001305F504EFF07F9E2A8693059009A2
:10CF70004A85EFD0C00C03A5C1A82105EFC090746D
:10CF80009C5003A9C1A8898B210999E36F10002C3B
:10CF900037F5EE001305E5EEEFF05F9B85692A8615
:10CFA000938599024A85EFD0800903A5C1A8D224B0
:10CFB000930590122105EFD08008CA2403A9C1A8C7
:10CFC00093053003EF10105A21092A869385991290
:10CFD0004A85EFD0C0069C5003A4C1A8898B2104C8
:10CFE00099E36F106027370500017D15EFF01F965C
:10CFF00089652A86938595022285EFD0400403A592
:10D00000C1A80146930500132105EFC0107A9C507A
:10D0100093F7070285E3CA2403A9C1A89305300347
:10D02000EF105054210985652A86938595234A85FA
:10D03000EFD0E000938781D99C5303A9C1A89384C2
:10D0400081D9898B210999E36F10C02105651305EA
:10D05000C5CCEFF04FEE85652A86938595034A850A
:10D06000EFC0F07D9C5003A9C1A8898B210999E3E9
:10D070006F10402037453B00130525E4EFF01F8D6E
:10D080002A86930590134A85EFC0707B9C5003A9B4
:10D09000C1A8898B210999E36F10801E37453B0099
:10D0A000130525E4EFF09F8A85652A8693859513FD
:10D0B0004A85EFC0D0789C5003A9C1A8898B21096B
:10D0C00099E36F10A01C37E5D600130535DEEFF0AD
:10D0D000FF8789652A86938595034A85EFC0307658
:10D0E0009C5003A9C1A8898B210999E36F10C01A2C
:10D0F00037453B00130525E4EFF05F85A5692A86D7
:10D10000938599084A85EFC09073370A000103A9F7
:10D11000C1A81305FAFFEFF07F832109A1652A86D4
:10D12000938595184A85EFC0907103A9C1A813058E
:10D13000FAFFEFF0BF8121092A86938599184A8565
:10D14000EFC0F06F9C5003A9C1A80565898B210928
:10D1500099E36F1000151305A5AAEFF0CFDDA965BF
:10D160002A86938595084A85EFC0706D9C5003A967
:10D17000C1A8898B210999E36F10201337453B0023
:10D18000130525E4EFF08FFCA5692A869385990A9B
:10D190004A85EFC0D06A370A000103A9C1A8130568
:10D1A000FAFFEFF0AFFA2109A1652A869385951A57
:10D1B0004A85EFC0D06803A9C1A81305FAFFEFF0B4
:10D1C000EFF821092A869385991A4A85EFC03067BE
:10D1D0009C5003A9C1A80565898B210999E36F10AB
:10D1E000600D1305A5AAEFF00FD5A9652A869385D2
:10D1F000950A4A85EFC0B06403A5C1A81306900242
:10D200009305600B2105EFC0505A03A5C1A8410545
:10D21000EFC0504B03A5C1A821667D168545410589
:10D22000EFC0B05803A5C1A81306F00F9305C002C4
:10D230004105EFC0106A9C5003A9C1A8898B410920
:10D2400099E36F10A007370500017D15EFF00FF08F
:10D250002A86930590024A85EFC0705E9C5003A910
:10D26000C1A883D9C400898B410999E36F10C00517
:10D27000370500017D15EFF06FEDAA851306300329
:10D280004E85EFF00FC385692A86938599024A85FA
:10D29000EFC0F05A03A5C1A8D2249305901241050E
:10D2A000EFC0F059CA2403A9C1A89305C004EF1028
:10D2B000702B41092A86938599124A85EFC0305810
:10D2C0009C5003A9C1A8898B410999E36F102001E3
:10D2D000370500017D15EFF06FE789652A86938594
:10D2E00095024A85EFC0B0559C5003A9C1A80565B9
:10D2F000898B410999E36F00507F1305C5CCEFF08E
:10D300008FC389652A86938595124A85EFC030536D
:10D3100003A5C1A8D224930590034105EFC0305264
:10D3200003A5C1A8D2248569938599034105EFC05F
:10D3300010519C5003A9C1A8898B410999E36F0042
:10D34000507B13858988EFF00FBF89652A86938506
:10D3500095034A85EFC0B04E014503A9C1A8EF303F
:10D36000A062930770074109054663DDA7000145E8
:10D37000EF30806113068502930700053346F602FD
:10D38000420641864A8593050003EFC0104203A57B
:10D39000C1A801469305C0134105EFC090539C50AE
:10D3A00003A9C1A8898B410999E36F00907537459E
:10D3B00031001305F504EFF06FD9A1652A86938536
:10D3C00095084A85EFC0B0479C5003A9C1A8898B36
:10D3D000410999E36F009073374531001305F50457
:10D3E000EFF0CFD6256A2A8693059A084A85EFC0C2
:10D3F0001045B709000103A9C1A81385F9FFEFF093
:10D40000EFD44109A1652A86938595184A85EFC016
:10D41000104303A9C1A81385F9FFEFF02FD34109E9
:10D420002A8693059A184A85EFC07041379588007F
:10D4300003A9C1A813058588EFF04FD14109A9655B
:10D440002A86938595084A85EFC0703F9C5003A9B2
:10D45000C1A81385F9FF898B410989C73745310078
:10D460001305F504EFF08FCEA1652A869385950A02
:10D470004A85EFC0D03C9C5003A9C1A8898B4109C3
:10D4800099E36F005069374531001305F504EFF05B
:10D49000EFCB256A2A8693059A0A4A85EFC0303A6F
:10D4A00003A9C1A8B70900011385F9FFEFF00FCA5E
:10D4B00041092A8693059A0A4A85EFC0503803A984
:10D4C000C1A81385F9FFEFF06FC841092A869305BB
:10D4D0009A1A4A85EFC0B0363795880003A9C1A8CB
:10D4E00013058588EFF08FC64109A9652A869385C3
:10D4F000950A4A85EFC0B0349C5003A9C1A8138592
:10D50000F9FF898B410989C7374531001305F504B7
:10D51000EFF0CFC32A86930590074A85EFC03032DB
:10D520009C5003A9C1A8898B410999E36F00505F02
:10D53000374531001305F504EFF04FC185692A86A0
:10D54000938599074A85EFC0902F03A9C1A8370A90
:10D5500000011305FAFFEFF06FBF41092A8693051A
:10D5600090174A85EFC0B02D03A9C1A81305FAFF93
:10D57000EFF0CFBD41092A86938599174A85EFC000
:10D58000102C3795880003A9C1A813058588EFF0F2
:10D59000EFBB410989652A86938595074A85EFC0C7
:10D5A000102A014503A9C1A893098002EF30C03DAC
:10D5B000330535039307F00E4109054663DFA700E5
:10D5C0000145EF30603C330635039307000A13062C
:10D5D00006053346F602420641864A85C945EFC034
:10D5E000D01C014503A9C1A893098002EF30C039BE
:10D5F000330535039307F00E4109054663DFA700A5
:10D600000145EF306038330635039307000A1306EF
:10D6100006053346F602420641864A85CD45EFC0EF
:10D62000D018014503A9C1A8BD49EF30E035330545
:10D6300035039307F00E4109054663DFA700014556
:10D64000EF308034330635039307000A13060605CE
:10D650003346F602420641864A85C145EFC0F014C2
:10D66000014503A9C1A8BD49EF3000323305350398
:10D670009307F00E4109054663DFA7000145EF302F
:10D68000A030330635039307000A13060605334618
:10D69000F602420641864A85C545EFC01011014594
:10D6A00003A9C1A8D149EF30202E330535039307D4
:10D6B000F00E4109054663DFA7000145EF30C02C9D
:10D6C000330635039307000A130606053346F602B0
:10D6D000420641864A85D145EFC0300D9C5003A9D2
:10D6E000C1A8014693F70702410985E70145EF30DC
:10D6F000A02993077007054663DDA7000145EF30B9
:10D70000A02813068502930700053346F602420659
:10D710004186930500044A85EFC0300903A5C1A8DE
:10D7200001469305C0044105EFC0B01A9C5093F721
:10D73000070295E303A5C1A81306F0079305C024CB
:10D740004105EFC0101903A5C1A8F2249305904428
:10D750004105EFC0D00E03A5C1A8D22493059004C3
:10D760004105EFC0D00D03A5C1A801469305000BEC
:10D770004105EFC0900303A5C1A81306C00393059C
:10D78000500B4105EFC0700203A5C1A8130690021B
:10D790009305600B4105EFC0500103A5C1A8130616
:10D7A000C0049305700B4105EFC0300003A5C1A86C
:10D7B00001469305100B4105EFC0207F03A5C1A8CA
:10D7C000856501469385150B4105EFC0007E03A5D5
:10D7D000C1A85105EFC0006F014503A9C1A8EF30F2
:10D7E000201C85475109E3E2A7340145EF30C019F9
:10D7F000D149330535039307F00E054663DFA700D3
:10D800000145EF306018330635039307000A13060D
:10D8100006053346F60242064186D1454A85EFC0E9
:10D82000C07803A5C1A86105EFC0C0690145EF300C
:10D8300020178547E3E2A7300145EF30E01429497E
:10D84000330525039307F00EE3CEA72E054903A564
:10D85000C1A84A86C9456105EFC0207503A5C1A8C6
:10D860004A86CD456105EFC0407403A5C1A84A862C
:10D87000C1456105EFC0607303A5C1A84A86C545CF
:10D880006105EFC0807203A5C1A84A86D145610534
:10D89000EFC0A07103A5C1A87105EFC0A06203A5E8
:10D8A000C1A821667D1685457105EFC0007003A5EE
:10D8B000C1A81306F00F9305C0027105EFC07001F7
:10D8C0009C5003A4C1A8898B7104E38D072837D528
:10D8D000D4001305957DEFF06F872A86930590029B
:10D8E0002285EFC0C0759C5003A9C1A8898B71091E
:10D8F000E3800728374531001305F504EFF00F8565
:10D900002A864A8593059007EFC06073938481D976
:10D9100003A5C1A8D224930590047105EFC020721D
:10D9200003A5C1A8F224930590447105EFC02071AE
:10D9300003A5C1A801469305C0047105EFC0607935
:10D940009C5093F7070291EB03A5C1A81306F007BB
:10D950009305C0247105EFC0C0779C5003AAC1A8ED
:10D96000014693F70702710A85E70145EF30C001D0
:10D9700093077007054663DDA7000145EF30C0003F
:10D9800013068502930700053346F60242064186D8
:10D99000528593050004EFC0406103A5C1A801466C
:10D9A0009305000B7105EFC0406003A5C1A81306E5
:10D9B000C0049305700B7105EFC0205F03A5C1A8DB
:10D9C00013050502EFC0005003A5C1A81306F00F10
:10D9D0009305C00213050502EFC0A06F03A5C1A8FF
:10D9E00021667D16854513050502EFC0005C03A581
:10D9F000C1A8D2249305900213050502EFC020644C
:10DA0000056503AAC1A813058588EFE0DFD2130AD4
:10DA10000A0289652A86938595025285EFC02062A5
:10DA20009C5003AAC1A8898B130A0A02E386071433
:10DA3000374541001305F504EFE05FF12A869305B1
:10DA400090075285EFC0A05F03A5C1A81305450349
:10DA5000EFC0404703A5C1A81306F00F9305C0020D
:10DA600013054503EFC0E0669C5003A5C1A8898B50
:10DA700013054503E3860710D22493059002EFC0F7
:10DA8000005C9C5003AAC1A8898B130A4A03E38D4A
:10DA9000070E374531001305F504EFE03FEB2A860A
:10DAA000528593059007EFC0805903A5C1A8216650
:10DAB0007D16854513054503EFC0204F014503AA98
:10DAC000C1A89D4AEF20506C330555039307F00E13
:10DAD000130A4A03054663DFA7000145EF20D06A19
:10DAE000330655039307000A130606053346F6026C
:10DAF000420641865285C945EFC0204B014503AA25
:10DB0000C1A89D4AEF205068330555039307F00ED6
:10DB1000130A4A03054663DFA7000145EF20D066DC
:10DB2000330655039307000A130606053346F6022B
:10DB3000420641865285CD45EFC02047014503AAE4
:10DB4000C1A89D4AEF205064330555039307F00E9A
:10DB5000130A4A03054663DFA7000145EF20D062A0
:10DB6000330655039307000A130606053346F602EB
:10DB7000420641865285C145EFC02043014503AAB4
:10DB8000C1A89D4AEF205060330555039307F00E5E
:10DB9000130A4A03054663DFA7000145EF20D05E64
:10DBA000330655039307000A130606053346F602AB
:10DBB00042064186C5455285EFC0203F03A5C1A856
:10DBC000A94A13058503EFC0E02F014503AAC1A8A8
:10DBD000EF20905B330555039307F00E130A8A0379
:10DBE000054663DFA7000145EF20105A33065503B1
:10DBF0009307000A130606053346F60242064186DD
:10DC00005285DD45EFC0603A014503AAC1A8A94A83
:10DC1000EF209057330555039307F00E130A8A033C
:10DC2000054663DFA7000145EF2010563306550374
:10DC30009307000A130606053346F602420641869C
:10DC40005285E145EFC06036014503AAC1A8A94A43
:10DC5000EF209053330555039307F00E130A8A0300
:10DC6000054663DFA7000145EF2010523306550338
:10DC70009307000A130606053346F602420641865C
:10DC80005285D545EFC06032014503AAC1A8A94A13
:10DC9000EF20904F330555039307F00E130A8A03C4
:10DCA000054663DFA7000145EF20104E33065503FC
:10DCB0009307000A130606053346F602420641861C
:10DCC000D9455285EFC0602E03A5C1A81305C50331
:10DCD000EFC0401F03A5C1A81306F00F9305C002B3
:10DCE0001305C503EFC0E03E03A5C1A803D6018B11
:10DCF000930590021305C503EFC0603403A5C1A8C6
:10DD000021667D1685451305C503EFC0002A014530
:10DD100003AAC1A8EF2050479307B003130ACA0310
:10DD20007D5663DDA7000145EF201046130645012F
:10DD3000930780FD3346F602420641865285C1456F
:10DD4000EFC0A026014503AAC1A8EF20F043930726
:10DD5000B003130ACA037D5663DDA7000145EF2017
:10DD6000B04213064501930780FD3346F602420692
:10DD700041865285C545EFC04023014503AAC1A88D
:10DD8000EF2090409307B003130ACA037D5663DD6A
:10DD9000A7000145EF20503F13064501930780FD82
:10DDA0003346F602420641865285C945EFC0E01F60
:10DDB000014503AAC1A8EF20303D9307B003130A21
:10DDC000CA037D5663DDA7000145EF20F03B130633
:10DDD0004501930780FD3346F60242064186CD4554
:10DDE0005285EFC0801C03A5C1A813054502EFC0F2
:10DDF000600D03A5C1A81306F00F9305C00213051B
:10DE00004502EFC0002D9C5003AAC1A8898B130ABC
:10DE10004A02638F075637D5CC00130515FDEFE096
:10DE2000FFB22A86930590025285EFC0402103A5D8
:10DE3000C1A821667D16854513054502EFC0E01691
:10DE4000014503AAC1A89D4AEF20103433055503AC
:10DE50009307F00E130A4A02054663DFA700014547
:10DE6000EF209032330655039307000A1306060588
:10DE70003346F6024206418652858D45EFC0E012D8
:10DE8000014503AAC1A89D4AEF2010303305550370
:10DE90009307F00E130A4A02054663DFA700014507
:10DEA000EF20902E330655039307000A130606054C
:10DEB0003346F602420641865285CD45EFC0E00E5C
:10DEC000014503AAC1A89D4AEF20102C3305550334
:10DED0009307F00E130A4A02054663DFA7000145C7
:10DEE000EF20902A330655039307000A1306060510
:10DEF0003346F60242064186C5455285EFC0E00A28
:10DF000003A5C1A813058502EFB0D07B03A5C1A866
:10DF10001306F00F9305C00213058502EFC0601BC6
:10DF200003AAC1A8056513058588EFE0DF80130A01
:10DF30008A022A86930590025285EFC0401003A5FD
:10DF4000C1A813050504EFB0F0779C5003AAC1A83F
:10DF5000898B130A0A04638207443745310013058D
:10DF6000F504EFE0BF9E2A86930590035285EFC02B
:10DF7000000D014503AAC1A8EF20102193077007E7
:10DF8000130A0A04054663DDA7000145EF20D01FF0
:10DF900013068502930700053346F60242064186C2
:10DFA000528593050003EFC04000014503AAC1A8B4
:10DFB000EF20901D9307F00E130A0A04054663DD57
:10DFC000A7000145EF20501C130605059307000A22
:10DFD0003346F602420641865285C945EFB0F07CD1
:10DFE00003A5C1A811469305100313050504EFB05E
:10DFF000D07B03A5C1A813054504EFB0B06C9C50BD
:10E0000003AAC1A8898B130A4A04638D07380565E2
:10E010001305A5AAEFE02FF2A1652A86938595083E
:10E020005285EFC0C00103A5C1A8E54A1305C5028A
:10E03000EFB05069014503AAC1A8EF20F0143305E1
:10E0400055039307F00E130ACA02054663DFA700C3
:10E050000145EF207013330655039307000A13069A
:10E0600006053346F60242064186A16A93851A08E0
:10E070005285EFB0907303A5C1A8138981D9130508
:10E080000503EFB0306403A5C1A81306F00F930594
:10E09000C00213050503EFC0C00303A5C1A8D22425
:10E0A0009305900213050503EFB0707903A5C1A88D
:10E0B00003D6018B93859A0813050503EFB03078DA
:10E0C000B1679387E776014523A204009CC0EF90D7
:10E0D000905B4A856F20CF92375544001305A5B554
:10E0E0006FE05F9137F5E7001305C59E6FE0FF9283
:10E0F00037F5E7001305C59E6FE0BF9437F5E700DD
:10E100001305C59E6FE05F963765580013053527E8
:10E110006FE09F9E37958000130575A96FE05FA0A3
:10E12000370500017D156FE01FA9370500017D153A
:10E130006FE01FAC370500017D156FE0FFAD3705BF
:10E1400000017D156FE0FFAF0145EF20F003794935
:10E150006FE01FB30145EF20300333092503930718
:10E16000000A130909053349F90242091359090143
:10E170006FE03FB20145EF20300179496FE0BFB653
:10E180000145EF207000330925039307000A1309A6
:10E1900009053349F9024209135909016FE0DFB556
:10E1A0000145EF20607E79496FE05FBA0145EF20BD
:10E1B000A07D330925039307000A13090905334994
:10E1C000F9024209135909016FE07FB90145EF20B7
:10E1D000A07B79496FE0FFBD0145EF20E07A33096C
:10E1E00025039307000A130909053349F902420977
:10E1F000135909016FE01FBD0145EF20E078F9498F
:10E200006FE09FC1375545001305D5946FE0FFC8F7
:10E2100037454000130505046FE0BFCA37B5A500B8
:10E220001305D58A6FE07FCC37B5A5001305D58AD5
:10E230006FE05FCE37B5A5001305D58A6FE01FD01C
:10E2400037B5A5001305D58A6FE0FFD137554900D2
:10E25000130575F56FE05FD4376558001305352752
:10E260006FE0DFD837655F001305E556EFE00FEE8E
:10E270006FE07FDE37655F001305E5566FE01FE056
:10E2800037655F001305E5566FE0DFE137655F0036
:10E290001305E5566FE0BFE3370500017D156FE01C
:10E2A000BFE5130595996FE05FEB370500017D151C
:10E2B0006FE05FED130595996FE0FFF23765580049
:10E2C000130535276FE09FF837655800130535278C
:10E2D000EFE0CFE7AA851306C0046FE07FFA376549
:10E2E0005800130535276FE01FFF130585886FF071
:10E2F0000F813745400013050504EFE02FE56FF06F
:10E30000CF84370500017D156FF0EF8A37050001D6
:10E310007D156FF0EF8C370500017D156FF02F979D
:10E32000370500017D156FF02FA10145EF20C06575
:10E33000930980026FF0EFCB0145EF20E064514973
:10E340006FF00FD00145EF202064330925039307B8
:10E35000000A130909053349F90242091359094111
:10E360006FF0EFCE375545001305D5946FF0AFD65B
:10E3700003D6018B6FF0EFD803D6018B6FF02FEC33
:10E3800003D6018B6FF06FEF03D6018B6FF04FF167
:10E3900037857700130555F859B437B5A50013052F
:10E3A000D58AC1B637B5A1001305D5DBEFE00FDA8A
:10E3B000A5B1EF12FFE32E84D0510854130700409B
:10E3C00081468145EF00D044184C1C50998FB3878B
:10E3D000A702A9873305F700420541856F109FE327
:10E3E000EF121FE10547138581EDA38AE1A8EF0035
:10E3F0001022814511C1914503A501A9EF10D05705
:10E400006F105FE1EF123FDD03A581A93971EF20A5
:10E41000207883C741A9AA8493C71700138581ED8B
:10E42000238AF1A8EF00B01E2A8401E8EF202075AE
:10E4300023ACA1A821616F105FDD185C83C741A9DF
:10E44000A38A01A84983058B6302F712858B139772
:10E4500027008347A403ED9BD98F230DF402A18BE2
:10E460008DE31C54634FF000A69763CC07001C4457
:10E4700099C3228582978347A40393E78700230DDE
:10E48000F4021C54A6971CD463C40706585063D3E7
:10E49000E7003E871C4818D413050401A285B5C3C4
:10E4A00082975C4C638AA7005C4048CC91C7931567
:10E4B00005010840C185829718545C50634AF702F1
:10E4C0008346A4031A3C898AA1C23DE313060004D3
:10E4D000A2850A85EF007057A285138581EDEF00B4
:10E4E000101B2285EF005045EFF09FEFB24795EFEC
:10E4F00083C751A9A5CF138581EDEF0050112A8460
:10E500002DB7EFF01FEB71BF1C5811CB41667D1684
:10E510006308C7047D17420741831ABC31E3DDD786
:10E5200058543307E04018D411A80A858297C9B718
:10E530005C58B307F0401CD41C58DDDB0347A40330
:10E5400093B616008606759B558F1050144C230DFC
:10E55000E40210CC14D0098B11E35C5C5CD049BFA1
:10E5600058583307E04018D4C1D75DBFA285138542
:10E5700081EDEF00900A61B7EF129FC79305000489
:10E58000138581EDEF00E07F396581461146C14575
:10E5900013054540EF10301B23A8A1A8EFF05FE45E
:10E5A000A38A01A86F101FC7EF129FC49305000430
:10E5B0002A84EF00307F9307401F5CD0930740060A
:10E5C0001CD0232C040011469385418B13050401B4
:10E5D000EF101FC585471EBC8347A40393E71700B0
:10E5E000230DF4026F101FC3EF12FFBE2A8913859B
:10E5F00081EDAE84EF00B0012A84814A01E45685A2
:10E600006F10BFC0A285138581EDEF0010011C4083
:10E610002A8A639127035C406383970081ECA2857B
:10E62000138581EDEF00B0062285EF00F030854ABA
:10E63000EFF01FDB5284D9B7EF129FBB4C412A8405
:10E6400081C50841EFF05FFA138581EDEF00901866
:10E6500009C5EF20C05223ACA1A8138581ED152F69
:10E66000AA8439C15C5013060004A2855CDC03C790
:10E6700041A98347A403058B0A07ED9BD98F230D7E
:10E68000F402EF00903C1C406393870084C083C772
:10E69000A403858B81CBDC4091C7884001C583955D
:10E6A00084018297EFF0DFD36F10DFB6EF125FB413
:10E6B0002A84138581EDAE84992F19E16F109FB5DF
:10E6C0001C41639587005C41E38A97FEAA85138508
:10E6D00081EDA127DDB7918D93D6F541B3C7B60083
:10E6E000958F9306803EB387D7022A8733D5A7023A
:10E6F00063F3E70005058280831605008317450054
:10E700000947958D958FB3C7E7023621158E13976C
:10E7100007014183998D198EC2054206C185418644
:10E720003306C602B385B502B387F702B29533B597
:10E73000B7001345150082800EA132A156A17AA11F
:10E7400082801E21FD15AE975EA182803E21FD15BF
:10E75000AE977EA182805A217E2103580500362182
:10E760000EA132A1BA953E96B3850541158E4EA1F4
:10E7700072A18280831705000317450083162500C8
:10E780001D8F831765000507958F85073305F702F1
:10E7900082801E2296213E8713980601C207C187F8
:10E7A0001358084163D3070136873E2293180701A7
:10E7B0001AA1BA21BE86C20713180701C1871358D0
:10E7C000084193D8084163D30701BA865E2203D873
:10E7D00045001397060136A113130801BE86C20730
:10E7E000C1871353034141876353F300C2867E22DE
:10E7F000EE211398060156A113960501BE86C207A5
:10E80000C1874186135808416353F600AE8693973B
:10E81000060176A1C18701456346180133A7E700C9
:10E820001345170082801E2296213E871398060109
:10E83000C207C187135808416353F80036873E2248
:10E84000B6211AA13E8713980601C207C187135843
:10E8500008416353F80036875E22D6213AA13E87ED
:10E8600013980601C207C1871358084163D30701F3
:10E8700036877E22F6215AA13E8713960601C207EB
:10E88000C187418663D3C70036877AA18280EF12A1
:10E89000BF938399050003170500411163C3E91273
:10E8A000831C4500AA87014563C03C03039A2500E9
:10E8B000039B2700AE8B63496A01039D6700634594
:10E8C0004D016346C000054541016F107F9393944D
:10E8D0000C0113190D01931A0701C1801359090185
:10E8E000131C0B0193DA0A01135C0C017884930763
:10E8F00019001387140033075741B3878741420734
:10E90000C20789464187C1873347D702B3C7D702B9
:10E910003A8463D3E7003E8493170401C1876353AD
:10E92000F600328442044180A29A229CC20A420C20
:10E9300093DA0A01135C0C410146DE852800231698
:10E9400051012315610123178101913711C9A29A41
:10E95000231651015286CE852800EFF0FFD9ADB7BE
:10E96000330989404209135909010146DE8528000F
:10E97000231521012317A101193F09C9A29A2316C2
:10E9800051013309894023152101E9B7818CC20463
:10E99000C1800146DE852800648423169101C53DAF
:10E9A00001C5818C6484F1BF0146DE8528002315F2
:10E9B000610123178101E13DE30705F0818C648447
:10E9C00051BF014511B78316050003974500AA877B
:10E9D0006348D7028316450003970500014563C2CB
:10E9E000E6028396270003976500634CD7000395E2
:10E9F0006700839725003325F500134515008280B5
:10EA000001458280EF122FFD8319050083970500D1
:10EA1000411163D6F900014541016F100FFF8317C3
:10EA20002500039725002E84E3C7E7FE0319450060
:10EA300003974500E34127FF031A6500039765002C
:10EA4000E34B47FDB284054561DA6C00228523164D
:10EA500031017C87EFF0BFE35DDD26866C00228507
:10EA600023162101EFF0BFE25DD526866C002285DA
:10EA70002316310123174101EFF07FE149DD26869E
:10EA80006C00228523162101EFF07FE071B7514819
:10EA90003E211A216368C806378803000A06130856
:10EAA0000818429610420286522103D8450003D32B
:10EAB000050005060508198E33086840420642081D
:10EAC00089484186135808413346160333481803D2
:10EAD0003306064192A27221EA21AE210506050500
:10EAE0001D8EB305B5404206C2054186C185334639
:10EAF0001603B3C515030D8EB2A229A023900600FC
:10EB000023910600922232979AA2BA22BA97BEA205
:10EB100082805221CA218E2105060505198EB30572
:10EB2000B5404206C20509484186C1853346060301
:10EB3000B3C505030D8E92A2E1B79221CE210D8EB1
:10EB40004E212E96198EC5BF23900600B221EE21CC
:10EB50000D8E6E212E96C9A8522103D8450003D3ED
:10EB6000050005060508198E33086840420642086C
:10EB70008948418613580841334616033348180321
:10EB80003306064192A2D9B703D845009221330635
:10EB90000641035845004296198EEDB723900600B2
:10EBA0007221EA21AE21050605051D8EB305B5408B
:10EBB0004206C20509484186C18533460603B3C5EE
:10EBC000050315BF03D845009221330606410358BB
:10EBD00045004296198E4DA023900600B221EE21E9
:10EBE0007D1611BF5221CA2183D8050005060505EF
:10EBF000198E330515414206420509484186418573
:10EC00003346060333450503098E92A2C1BF922104
:10EC100003D845004A21330606412A96198EF5B7D6
:10EC200023900600722105061D8EF9B503D8450014
:10EC300052218E2105080506198EB305B8404206FB
:10EC4000C20589484186C18533461603B3C51503FD
:10EC50000D8E92A2C1BF9221CE210D8E4E212E96F5
:10EC6000198EC5BF9221CE217D16E9B5922103D818
:10EC700045007D163306064192A21DB7922103D8A6
:10EC800045007D16F5BD522105066DBD52210506D4
:10EC900091B75221050609B793160501139805018E
:10ECA000C1821358080193D7560013575800930890
:10ECB000F00FB388C84093F7F7031377F7033307D0
:10ECC0001703216313031308FD891358B800B38792
:10ECD000C702BA9793870708B3876702C98313F7F8
:10ECE000077E9377F501B387C70213D5B600B385C6
:10ECF00015033305C502AE97938707083308180339
:10ED00004295B38767021305050833056502DD8365
:10ED1000FD8BD98F5D812E055D8D82801397050156
:10ED200093773500418381C70EA17D160905C16720
:10ED30008507B307F702C14663E7C60006062A96B1
:10ED4000631FC50082801CC15CC11CC55CC51CC999
:10ED50005CC91CCD5CCD411613050502F1BF1AA19B
:10ED60000905F9BF2E86AA8501456FF0FFF281C51E
:10ED70001C41BE9590C1828081C51C41BE95D0C109
:10ED800082808D05F19923220500232405000CC102
:10ED90008280EF12EFC52A84084121050126AA844A
:10EDA0000DC5AA8501462285EFF07FFC5040A6855F
:10EDB0002285EFF07FFC4C4089C526862285EFF046
:10EDC0001FFB1C4444C091E304C426856F108FC40C
:10EDD000EF120FC22A8408412105C924AA840DC557
:10EDE000AA8501462285EFF03FF91044A6852285C9
:10EDF000EFF0FFF70C4489C526862285EFF0DFF798
:10EE00005C4004C491E344C026856F10AFC011C1BB
:10EE10004841828011C10845828001C51C41BE95D0
:10EE2000C841828001C51C41BE9588418280EF1295
:10EE30008FBA15C12E8985C15C41AA846398F500FB
:10EE4000EFF03FF52A8422856F102FBC0841210581
:10EE5000B1242A8419E10144FDB7CA852685EFF063
:10EE60007FFCAA892286AA852685EFF0FFF04E86D0
:10EE7000A2852685EFF0BFEF2286CA852685EFF0B2
:10EE80001FEF4A86A2852685EFF01FEF6DBFEF12B8
:10EE90002FB62A84AE8411EDA1E1A6852285EFF07C
:10EEA000DFF748C0AA85014629E9232404006F1032
:10EEB0006FB65C41E383F5FE1C45639FF500EFF000
:10EEC0007FF608C4AA8501E523220400CDB70146D8
:10EED0002285EFF07FEAE1BFA6852285EFF09FF45F
:10EEE0002A89A6852285EFF05FF32A86AA84CA853F
:10EEF0002285EFF07FE84A86A6852285EFF03FE77E
:10EF00007DB7EF12EFAE2E843689B285B284EFF072
:10EF10001FF8630809020146A6852285EFF03FE548
:10EF20005040A6852285EFF03FE54C4089C52686F6
:10EF30002285EFF0DFE31C4444C091E304C46F106A
:10EF40006FAD1044A6852285EFF07FE2A6850146CD
:10EF50002285EFF07FE20C4489C526862285EFF0FA
:10EF6000BFE15C4004C4E1FF44C0D1BF6383C50678
:10EF7000EF126FA62A84AE84B28939C6B285EFF04B
:10EF80007FEA2A8963009904A6852285EFF03FF085
:10EF90002686CA852285EFF03FDE4A86A685228531
:10EFA000EFF0FFDC2686CE852285EFF05FDC4E8613
:10EFB000A6852285EFF05FDC6393090004C4631328
:10EFC000090044C06F106FA401494DDD032985007D
:10EFD00055BF8280AA8701C95841014511E788477A
:10EFE000133515008280054582802205814733074D
:10EFF000F600B306E7026363D500BA87058265FAB7
:10F0000013D74700920793F7F70F9AA1BEA182800A
:10F01000AA873A8563D0C70263DDF5003305D74080
:10F020008D8FB387A7020D8EB3C7C7023385D70074
:10F03000828036858280AA8703A581AB91CF138712
:10F0400047009C438583BA9721672A979386470098
:10F05000014563F3E6003E8582801C418D05F199F0
:10F06000858313874500638FE700638DB700F11731
:10F070008D8F3307B50086075CC31C418605858BE1
:10F08000CD8F1CC18280371700209306078D23ACDB
:10F09000D1AAC167E1172328F78C8280EF124F9520
:10F0A00021C90D059374C5FF01442285EFF0BFF817
:10F0B0002A8405CD1C4113F7170065FB8583E3E621
:10F0C00097FEA685EFF07FF91C4093E717001CC060
:10F0D00083A781AB110463FA87009D8C03A701AB62
:10F0E000A2946374970023A891AA22856F108F922F
:10F0F000138441ABDDBFEF12AF8F03A481AB19E0E6
:10F100006F104F912285EFF01FF31C40858B9DC33C
:10F110002A84F5B7144193F71600FDFB1840858249
:10F12000935717009107B6978607058B5D8F18C018
:10F13000EFF07FF065F1E9B7938741AB6300F50627
:10F14000EF120F8B2A8429C98327C5FFBD46F99B7F
:10F15000232EF5FE83D7C1AA71158507C207C18387
:10F160002396F1AA63F7F602239601AAEFF0BFF8FF
:10F1700025A0144193F7160085E30327C4FF858279
:10F18000935717009107B6978607058B5D8F232E3F
:10F19000E4FEEFF05FEA71FD6F10CF878280AA87EF
:10F1A00011C9138741AB01456387E70003A5C7FF7A
:10F1B0000581828001458280B707002013874712AE
:10F1C000184393874712630CE5009847631BE500DB
:10F1D00005470E07BA97F823799BF8A38280014769
:10F1E000CDBF938601E40147938701E441468C42F9
:10F1F000E381A5FE0507A106E31BC7FE8280EF029F
:10F200009FFDB707002093874712F8238144C14927
:10F21000799BF8A3F827799BF8A7138401E4138955
:10F2200001E4084009CDEFF03FF19397340023202B
:10F230000400CA97F823799BF8A3231204008504DD
:10F240002104E39034FF6F005FFC9377350013F7E0
:10F2500035006396E712639207142A87BA8713076B
:10F260000002636CC714114761A2942193870702BF
:10F27000938505022380D7FE83C615FE0116A38061
:10F28000D7FE83C625FE2381D7FE83C635FEA38124
:10F29000D7FE83C645FE2382D7FE83C655FEA382D2
:10F2A000D7FE83C665FE2383D7FE83C675FEA38380
:10F2B000D7FE83C685FE2384D7FE83C695FEA3842E
:10F2C000D7FE83C6A5FE2385D7FE83C6B5FEA385DC
:10F2D000D7FE83C6C5FE2386D7FE83C6D5FEA3868A
:10F2E000D7FE83C6E5FE2387D7FE83C6F5FEA38738
:10F2F000D7FE83C605FF2388D7FE83C615FFA388E4
:10F30000D7FE83C625FF2389D7FE83C635FFA38991
:10F31000D7FE83C645FF238AD7FE83C655FFA38A3F
:10F32000D7FE83C665FF238BD7FE83C675FFA38BED
:10F33000D7FE83C685FF238CD7FE83C695FFA38C9B
:10F34000D7FE83C6A5FF238DD7FE83C6B5FFA38D49
:10F35000D7FE83C6C5FF238ED7FE83C6D5FFA38EF7
:10F36000D7FE83C6E5FF238FD7FE83C6F5FFA38FA5
:10F37000D7FEE36CC7EE01476317E6008280AA87D9
:10F3800013070002FDB7B386E50003C80600B38685
:10F39000E700050723800601C5B711471D8F2DCA59
:10F3A0002A97AA87942185078505A38FD7FE7D1606
:10F3B000E386E7EA65FA01467DB59441011694C3F8
:10F3C000D441D4C3944594C7D445D4C7944994CB6D
:10F3D000D449D4CB944D94CFD44D93850502D4CF4A
:10F3E00093870702BDBD94417116910594C391079F
:10F3F000E36BC7FE01476313E6008280B386E50036
:10F4000003C80600B386E700050723800601E5B7B9
:10F41000AA8755B7EF023FDC13843500AA847198A0
:10F4200011C58327C5FF858B91E381442685EFF0C5
:10F430001FD7AA8926896309A400637AA400A2853C
:10F440001385C4FFEFF07FC14A856F001FDC228562
:10F45000EFF0DFC42A896DD9E5D8638B090009C8AC
:10F46000228663F389004E86A6854A85EFF0FFDD8C
:10F470002685EFF07FCCC9BF61C5EF027FD7C147BA
:10F480002A8463E9A702B7070020138747127A236B
:10F4900093874712058B09CFFA27058B01EF0547A4
:10F4A0000E07BA97F823884313671700F8A31DA81F
:10F4B0000147FDB7938501E481467D57938701E4B9
:10F4C000FD584148139636003E966A2205890DE99B
:10F4D000CA2163678502631985007C22084293E78D
:10F4E00017007CA26F001FD36316170113978601C4
:10F4F000618739A0131637003E965222E368C5FE95
:10F500008506A105E39006FDFD56E31BD7F80147EC
:10F51000414693143700BE94F620858A89EE8840D0
:10F52000A285EFF03FEF5DDDFC20C2A088C093E72D
:10F530001700FCA045BF0507E31DC7FC01455DB7EB
:10F54000014582801377350019CB9147998F01CA05
:10F55000AA970CA105057D166383A7007DFA930782
:10F560001010B387F50213970501BA971397850119
:10F57000BA97130700026367C70011476360C702A9
:10F580006F00DFCD1CC15CC11CC55CC51CC95CC95A
:10F590001CCD5CCD011613050502F1BF1CC171160F
:10F5A0001105E9BF137735002E8619E7930700028E
:10F5B00063E1C7029147B1A09147998F89C9AA9782
:10F5C0002300050005057D16E382A7FE75FA0146B6
:10F5D000D5B7232005002322050023240500232678
:10F5E000050023280500232A0500232C0500232ECF
:10F5F000050001161305050265BF232005007116DD
:10F600001105E3ECC7FE81456F005FC51377350038
:10F610002E8609EB13070002FD576362C70291476C
:10F620007D572DA89147998F89C9AA977D5718A111
:10F6300005057D16E380A7FE7DFA0146CDB71CC106
:10F640005CC11CC55CC51CC95CC91CCD5CCD011668
:10F6500013050502D9B718C171161105E3EDC7FEF0
:10F660009305F00F6F009FBF6374D600B29588A119
:10F6700082808280EF025FB53E84E2573A8B525C13
:10F6800093FA270042572A89AE89B28B368A639350
:10F690000A0493F6170063090C0099C66315080065
:10F6A00013F6C70011C27D1C130600029305000368
:10F6B00029A033058B000CA105046374E400E31A50
:10F6C000C4FE89CA93060002130600036374840112
:10F6D0006319D40493F60701A1C293F60740D9EA4F
:10F6E00031C46304E400631784091303F4FF414742
:10F6F000630F03026395E80A13F707027914631294
:10F7000007165A941307800718A013041300130751
:10F7100000035A932300E300130700026306E40A80
:10F720002DA0B3058B0090A105044DB74147639A06
:10F73000E80213F7070235EF130780072300EB00F9
:10F7400013070003A300EB0009446308080833070C
:10F750008B009306D00214A305048DA8130720067E
:10F76000F1BF0947E38CE8FE130700032300EB0019
:10F770000544E1BF41476391E80413F7070271EFC5
:10F78000130700026302E404130314001307800745
:10F790005A9418A0130700026308E302BDB7094793
:10F7A000E395E8F633076B009306200614A30503E0
:10F7B000D5B71307800559B709472283E39CE8FCB6
:10F7C00013070002E310E4FE130400028D8BDE84B5
:10F7D000A9E7A284B38C8B403DA013F7470011C763
:10F7E00033078B009306B002BDB713F7870079DFAC
:10F7F00033078B0093060002B9BFD286CE8513056E
:10F8000000020299850433869C00E3E884FF81446A
:10F8100063648C00B3048C40DE94A2942685338606
:10F82000844019E863880A00B384744133859B00DF
:10F8300063ED84016F00DF9C7D14B3078B000385AB
:10F840000700D286CE850299D1BF2A86D286CE8580
:10F850001305000202998504D1BF13070002E305D6
:10F86000E4F613031400130780055A941DB7EF0242
:10F870003F987971964E19E713F30E4093FEFEFE02
:10F880006318030413FE0E021303100663040E0034
:10F89000130310043A8F930F01010147A540130E83
:10F8A00063FF93030002B3720F0313F3F20F63E0DD
:10F8B00050041303030362031353834123806F0037
:10F8C000050733530F0363650F01850F631F77002F
:10F8D000064376C446C01AC2C2883E88BA87180852
:10F8E000EFF05FD945616F00FF921A8F6DBF729381
:10F8F000D9B77571CED6D2D4D6D2E2CCE6CAEAC890
:10F90000EEC686DEBE8DA2DCA6DACAD8DAD0DECE9E
:10F910002ACA2ECC32CE46C7D98F4A4C7A4D368A67
:10F92000BA89C28AC68C81EB9377FDFE137D0D40A8
:10F9300063170D0A3E8D93770D021304100699C3C9
:10F9400013041004130901028144A54B5914130B2D
:10F9500000026686E2864E85EE85EFB0105D137379
:10F96000F50F6205618563CAAB06130303036203E7
:10F9700013538341230069006686E2864E85EE8537
:10F980008504EFB0302063E98D016314BC0163E5A9
:10F9900099010509639064056A477246E2453AC2D7
:10F9A0005A4752456AC43AC0E6885688A687181056
:10F9B000D286EFF03FCCF6506654D6544659B6592D
:10F9C000265A965A065BF64B664CD64C464DB64DBB
:10F9D00049618280AA89AE8DADBF229349BF3E8D19
:10F9E00081445DBFEF02CFFD01112AC82E89328A02
:10F9F000B68D63180552BD6493842467B71A12004C
:10FA00000144930C0002938A1A82E5AC93075002DA
:10FA1000050A6308F500C245130B1400CA86228646
:10FA2000F5A981471306B0029305300299A8130582
:10FA3000D0026306A708130500036301A704130798
:10FA400007FD1377F70FA546814B63F8E60A830697
:10FA50000A001307E002639CE61403061A00A5459A
:10FA600013071A00930606FD93F6F60F93E7074077
:10FA700063EFD5108148A545294849A893E71700A9
:10FA8000368A03070A0093061A00630DC702E34093
:10FA9000E6FA630C9703630DB7021306A002814BCD
:10FAA000E317C7FA83AB0D0013874D0063D60B0035
:10FAB00093E72700B30B7041BA8D368A49BF93E7AD
:10FAC00027007DBF93E7470065BF93E787004DBFE1
:10FAD00093E7070175B73383AB022E8A130303FD47
:10FAE000B38B660083060A0093051A00138706FD90
:10FAF0001377F70FE371E6FE99BF25462945DDB779
:10FB0000B38808032A87938808FDB2980306070084
:10FB100013051700930606FD93F6F60FE3F2D5FEE4
:10FB2000830607009305C00613061700638FB60807
:10FB300063C2D508930580066381B60A9305A006C3
:10FB40006388B60A0305070013068007130A170027
:10FB5000E343A6EC13073006634FA708930620067D
:10FB60006300D50E630FE522130750026301E53AE7
:10FB700013078005E311E5EA13F7074093F637FF13
:10FB800019C393F627FF93E606024148D1A09306D6
:10FB9000A0028148E316D6F883A80D0093864D0095
:10FBA00063D30800814813072A00B68D95BF52879A
:10FBB0008148BDB7930540076386B6009305A0074B
:10FBC000E392B6F893E7071039A883051700E39B83
:10FBD000D5FE93E707300907B5B78305170063869D
:10FBE000D50093E707083287B1BF93E7070CE5B765
:10FBF00093E70720CDBF9306C5F905473317D70014
:10FC00003377570105E713073007630CE520130727
:10FC10000007E312E5E093E7170203A70D003EC2D9
:10FC2000A147138B4D003EC04148A1AA13F70740DE
:10FC30006314C50493F627FF29FB93F637FFB1B78A
:10FC400013F7074093F637FF19C393F627FF0948C8
:10FC500093F70620638E07109D0D93FD8DFF03A77C
:10FC60000D0083A74D00138B8D0046C236C6C28897
:10FC70005EC402C00148B5A89306F0066319D5001A
:10FC800093F637FF19C393F627FF2148D1B79306A0
:10FC9000900613F6F7FE630DD50093064006630940
:10FCA000D50093F637FE294845D793F627FE4DB782
:10FCB00019C313F6E7FE93770620ADC79D0D93FD9C
:10FCC0008DFF03A84D0083A60D00138B8D00935567
:10FCD000F841AD8EB3C705013387B640B3B6E60031
:10FCE0008D8F46C232C65EC402C0A9481358F801BF
:10FCF000958FC245CA8622862685EFF09FBF2A844B
:10FD0000DA8D03050A00E31305D02286636424011B
:10FD10001306F9FFC245CA86014582942285056112
:10FD20006F00CFCD93770610138B4D0085C783A747
:10FD30000D0013D7F741B346F70032C25EC0294821
:10FD4000FD833387E640C245CA8622862685EFF0CA
:10FD50001FB275B71377060483A70D0001C7E2072A
:10FD6000E187C1BF1377060869D7C207C187D1B73A
:10FD700093F70610138B4D0099C703A70D0036C2E9
:10FD80005EC08147C9B793F7060403A70D0081C77A
:10FD90001377F70FEDB793F70608F5D342074183C2
:10FDA000F9BF13FB2700054C631A0B02014D31A06C
:10FDB000C245CA861305000282943306A401050DCC
:10FDC000E3687DFF814763840B009387FBFF3E94CC
:10FDD000894763840B0093871B003E8CC2450385D3
:10FDE0000D00CA862286138D4D009309140082945B
:10FDF00063060B0262844E8611A8C245CA861305AB
:10FE00000002130B1600829405045A86E36774FF00
:10FE1000814663E48B01B3868B41B699EA8D4E84AB
:10FE2000CDB503AC0D00138D4D00468763930800DC
:10FE30007D57B306EC0062870306070019C26313FF
:10FE4000D70213FB0740B309874163050B0063F337
:10FE50003801C68993FD270063940D042286338EF2
:10FE600089400DA00507C9BFC2459307160072CE91
:10FE700046CC3ECACA86130500028294D247E248A5
:10FE8000724E3E86B307C601E3E077FF814763E425
:10FE90003B01B3873B41138719003E94B389E700C8
:10FEA000A28729A8B688C245138E170046CC72CA0D
:10FEB0003E86CA868294524EE248F287B3868740D5
:10FEC000E2960385060019C5E30F0BFC9386F8FF45
:10FED000E39A08FC638A0D023E863384F94019A830
:10FEE000C2453ECACA8613050002130B160082944F
:10FEF000D2475A86B3068600E3E476FF814663E480
:10FF00003B01B3863B41B697EA8D3E84DDBBC245DB
:10FF1000130B1400CA8622861305500282945A8459
:10FF2000CDB3BD6493848466D1BC6FF0BFABEF02E8
:10FF30002FACE1451385C1EFEFE0BFE40547A38493
:10FF4000E1AC6F002FADEF020FA9AA891385C1EFB5
:10FF50002E8AB2843689EFE09FEBAA8519E91385D2
:10FF6000C1EFEFE01FE32A841DE5014422856F0005
:10FF7000CFA9DC491385C1EF9D8B63C5F400EFE089
:10FF80001FEBD5B7EFE07FE9AA8565F51385C1EFD3
:10FF9000EFE01FE4C9BF854A238351AD5C299D88EA
:10FFA00023204501E19BDD8CFD571CC9232435012D
:10FFB00044A9EF00D03C48C023262401A38251ADC0
:10FFC00075B7EF02EFA2AA852A841385C1EFEFE08F
:10FFD0001FEC85442285238391ACEFF0EF9583A736
:10FFE00041AA63948700A38391AC6F00AFA2EF0294
:10FFF0002FA02A844841EF00B0391C406369F50204
:020000021000EC
:10000000EF00F0371C4448C099C32285829783C70C
:1000100071AC99EB1C486354F000FD171CC81C48D8
:1000200081E72285EFF0FFF905456F00AF9E01459E
:10003000EDBFEF026F9983C741AC411189EB854752
:100040002382F1AC83C791AC81EB238201AC0544E0
:10005000228541016F00CF9AEF0070322A8B8144D4
:10006000954C1385C1EFA38301ACA38201AC23831C
:1000700001ACEFE0DFD92A8423A281AA0DC4A285B6
:100080001385C1EFEFE07FD92A8403A541AA5C293B
:100090009D8B91CB63039504639E9701EFF03FF531
:1000A00083C751ACE9C31385C1EFEFE05FD6AA85E2
:1000B0007D5489A899C45849DC481D8B9D8BE3F178
:1000C000E7FEEFF0DFF269DD83C751ACE9FF83C7DC
:1000D00071ACF1FB83A441AA69B7814471BFC841E7
:1000E0002EC6EF00F02AB245814798416374E500BF
:1000F000B307A74063F387003E841385C1EFEFE0A9
:10010000DFD1AA8581C5DC299D8BF1FB5A85EF00E3
:10011000302883A701ACAA9703A5C1AB23A0F1ACFB
:10012000EF0010279307301F63FCA70283A701ACE1
:1001300013074006B307F70233D5A70281471375AB
:10014000F50F6367A70093074006898F93F7F70FB2
:100150002384F1AC23A001ACEF00702223AEA1AA4E
:10016000238201ACF5B583C771AC95FF83C761AC41
:10017000E38407F08144F5B55C499D8B6387B70440
:10018000EF020F872A841385C1EFAE84EFE03FC8EA
:100190002A8619C55C4A9D8B63C3F40263078600F7
:1001A000A2851385C1EFEFE07FDC05472383E1AC37
:1001B0005C289D88E19BC58F5CA86F00AF85B285E8
:1001C0001385C1EFEFE07FC5E1B78280EF024F8278
:1001D0002A84EF00D01A1C40B307F540FD175CC01D
:1001E0006F004F838307050063D8070213F7070EDC
:1001F0009306000C09456302D70213F7070F930615
:10020000000E0D45630BD70013F5870F130505F19D
:10021000133515000A05828005458280411102C60A
:10022000AA8691E16C009841B387E6000385070038
:1002300093071700634505009CC141018280137636
:10024000050E1308000C631506039CC1B69783873F
:1002500007009306000813F6070C6313D60E1A0561
:100260001375057C93F7F7033E95090798C1F1B71D
:100270001376050F1308000E631606059CC1B6978A
:10028000838707001306000813F8070C631AC80ACF
:100290001306270090C136968306060013F6060C57
:1002A0006310060B32053D6693F6F603718D3695A5
:1002B00093F7F70F85669A07938606FCF58F3E95B0
:1002C0000D076DB71376850F1308000F9CC16319D6
:1002D0000607B69703860700930700089378060C75
:1002E0006390F806930727009CC1B69783870700A1
:1002F00013F8070C631618059308370023A015019F
:10030000C6968386060093F8060C639B080337089D
:100310001C004A0533750501320637F803003376B1
:100320000601498E93F7F70F0565130505FC9A073B
:10033000E98F93F6F603B6973385C70011073DB7EB
:100340000145E5BDEFF23EE99C4141112A89FD17C7
:100350002E849CC19144084083A7C1834A9582970B
:100360001C4011C93EC683A781836C004A858297D1
:1003700041016FF09EE999C7FD17FD141CC093F46D
:10038000F40FF1F80145EDB7EFF2FEE4AA84AE896F
:10039000014401496307390133858400830705005F
:1003A00081E722856FF07EE683A7C18382979377EA
:1003B000F50F11E185473E940509E9BFEFF2BEE173
:1003C00041112A89AE8402C60144B24763E6970010
:1003D000228541016FF07EE383A781836C004A850B
:1003E00082970504DDB7EFF2BEE041112A8402C610
:1003F0008144B247A2978387070089E72685410198
:100400006FF05EE183A781836C002285829785046B
:10041000CDB7130730021C216394E50281E78547BD
:100420001CA129A805476396E700230005000145A4
:1004300082800947E39DE7FE230005000545828091
:100440000547E396E7FE93070002E399F5FE894727
:10045000C1BFEFF27ED7011111E50144228505618C
:100460006FF01EDAB28A75DA83070500AA84F5D721
:1004700002CEA30D01002E8AEDD1B6890144137975
:1004800017000DA883A781836C08268582972A8B85
:10049000724583A781838145269582972A866315B5
:1004A0000902DA855685EF00207093170501C18790
:1004B0006345F002F247E3E747FDE35180FA330476
:1004C00034414204418459BF2AC6DA851305B1017B
:1004D000EFF03FF4324671D5F1BF4E9422951314DC
:1004E00005014184C1BFEFF2BECD39712EC832CAB9
:1004F0006305051C2A84014595C19377270195C39F
:1005000001452947B54611A00505B307A400838717
:1005100007006386E71A6384D71AFDF721616FF03D
:10052000FECD937727003ECCB68481C7A164938427
:1005300084C1A167938787C13ED0937717003ED2CD
:10054000B78703009387471DA309010202DA3ED44F
:10055000525CB30784013EC683870700A1CF635B6B
:100560009004E247A68C91C3825C83A7818302DC5E
:1005700002DE2C18330584018297E2572A8A01494A
:100580003EDEFD59014B814B0146814D7D5DB247F9
:10059000B385B701838505009DE57D576388E90C28
:1005A000CE8D630E0C0CD25789EF83A781834C1834
:1005B00022858297D25791E783A781834C182285A1
:1005C00082975255A1BF03A6818332456C180296CB
:1005D00093071B003ECE92572A8699CF2AD6D28502
:1005E00013053103EFF0FFE2325619C5F256E25D12
:1005F000724B36DC328A61BF4245D28532D66D23DA
:1006000033077501420542074185325641836356DF
:10061000A000D2473E9742074183931B070193DB1B
:100620000B416398A901D247B385FB4063D3BC005B
:10063000EE89A9476306FA02B5456303BA0281450C
:10064000A2573385B7000305050009E5E390A9FB30
:100650005E8969BF6306AA00850593F5F50FCDB7DE
:10066000E39D0DF2FD55E39DB9F25E8963080B0031
:1006700035476316EA0029476313E600E25D3389D4
:100680002441931409015257C184E38E0DF083066F
:100690000400B387ED003EDA2946E38DC6F0354706
:1006A000E38AE6F0B306F400838606006384C6009E
:1006B000E390E6EA85073EDAF5BD014585B5050517
:1006C000B1BDEFF2FEAF411136C623100500231174
:1006D0000500A5C1B28431CE3E89937728002A84D3
:1006E000AE8BBA89428A81C72169130989C1839C6B
:1006F0008400014CA16D939A0C0193DA0A01338DA9
:100700003A01338B8B0103070B001DE7630E0C00CE
:100710008307FBFF29476385E70035476396E700BA
:100720003E20CE9AD6973EA083172400A1E723113E
:10073000940141016FF09EAC32465287A685CA866D
:100740005A85EFF05FDA03172400AA852A9C6A977E
:10075000E371B7FFB2463AA0268652875A85EFF07A
:100760005FCF1A20BA86420741876353A700AA8643
:1007700016A041BFB38737413EA065BFEFF25EA729
:1007800041112A86AE862EC62AC481450145EFF066
:10079000CFF9930515002A842E852EC2EFE01F9015
:1007A000AA8409C9B246224692452A94230004002D
:1007B000EFF0AFF7268541016FF0DEA5EFF2BEA1A5
:1007C000AA8A2E893284B6893A8B19E081442DA0F9
:1007D000135A1400B3043A035685CA94A685029BA3
:1007E000635BA0001344F4FF0588330A8A40338911
:1007F00034015284D9BF75FD26856FF01EA1EFF23A
:100800003E9F930540032A84EFE0DFD9B707F0004D
:10081000938707141CC01E24717723260400F98FC8
:1008200093E717641EA49307007E23220400232469
:100830000402232604021EB8232A04006FF09E9DA2
:10084000EFF27E992A84AE84B289368993054002FC
:10085000EFE05FD504C02322340104C42326240121
:100860006FF0BE9AEFF2DE98AA84138501EFEFE0F5
:100870004FD209E5014422856FF0DE999305801877
:100880002A84EFE03FD2A685130640032285EFE0DD
:10089000DF9B9305800313058403EFE08FCE83A7CE
:1008A000C1AC2322041899E323A681AC6565A28616
:1008B0000D46C1451305857B03A9C1AC23A681ACB8
:1008C000EFF06FE848D85DD5835724182322041829
:1008D000232E040493F707C02311F41883D7C18B88
:1008E000232404048145231DF404FD572300F4064A
:1008F0000145EF60603768C081450145EF60C03653
:1009000028C881450145EF60203668C828488145E0
:10091000EF70804868488145EF700048284881455D
:10092000EF50306168488145EF50B0606840EF603B
:100930006005485823A621ADEFF05F892DBF03A5C0
:10094000C1AC8280AA8711E583A7C1AC130500144E
:1009500091CB98470583058B01C7039527008280BB
:10096000039507008280AA8711E583A7C1AC130510
:10097000000F91CB98470583058B01C703950700AE
:100980008280039527008280AA8711E583A7C1ACE6
:100990001305400689C7884711811375F53F82808A
:1009A000EFF21E85AA8411E583A4C1AC13040014E0
:1009B00089C42685EFF01FF92A842685EFF0DFFC35
:1009C000A947B307F4027547B3D7A7020145637C73
:1009D000F7001307100305456377F700130550046C
:1009E0003335F50009056FF0FE825C4123AC07004A
:1009F00023AE07008280EFF2AEFFAA85138501EFD8
:100A000089E5EFE0CFC06FF0FE80EFE00FC1E5BFFA
:100A100048418280035525181375F53F828083571E
:100A20002518014793F7F73F63C5B7008D8F13F77C
:100A3000F73F8357251893F707C0D98F2311F5186F
:100A400082805C41984309C7C8433335A000828047
:100A500001458280EFF2CEF92A84EFF09FFE01CDAE
:100A600083172400031504003305F5025C40DC47BE
:100A70001D8D133515006FF0EEF9EFF26EF7F145AD
:100A80002A84EFE03FB2B71703329387A7A05CC870
:100A9000B707640093870719230004001CCC6FF08C
:100AA0006EF7EFF2EEF45C45AA8499CB138541EE24
:100AB000EFE02FAE2A8411E9014422856FF08EF514
:100AC000EFF0FFE7C8C46DD9D5B793054006EFE056
:100AD0007FAD7146A6852285EFE02FF78347440559
:100AE0005965232C040493E72700230AF404232EDA
:100AF000040423200406A2861146F9451305854007
:100B0000EFF06FC408C855BFEFF28EEEAA851385CB
:100B100041EE89E5EFE0AFAF6FF0CEEFEFE0EFAF82
:100B2000E5BFEFF2EEEC2E84AA84C1452285EFE00A
:100B30007FA79C200547639EE7009E341EA0BE341D
:100B40003EA0DC40014581C7A285268582976FF0D3
:100B50006EEC09476395E700DC505CC0DDB71147D8
:100B6000E391E7FEA9475CC023160400D9BF2388A0
:100B700001AC83A741ADAA9723AAF1AC828003A55B
:100B800041AD85462388D1AC03C701AD65DF8280C6
:100B9000EFF20EE62A84EFF09FFE018D6FF08EE7F4
:100BA0005C4182871C418287EFF28EE44111B2865C
:100BB0002E864C00EFF01FFF09C5288241016FF01F
:100BC0006EE50145E5BF1C2198216385E70033856B
:100BD000E740828008319C311D8D82801E219A2140
:100BE0006385E7003385E74082802A21BE211D8D81
:100BF00082809307F6FF13D7350093F7F70F9D46D2
:100C00009D892A9763E6F604B78603008A079386D0
:100C1000C61DB6979C4382870D452E969D4763ED72
:100C2000C7001C23214705A01D45C5BF3D45F5B79D
:100C3000138685001305F00F1C231833A207BA97FB
:100C4000C207C1834147118FB3D7E7407D8D8280B2
:100C500005453315C5007D151375F50F7DBF32852C
:100C60006DBF8D47639AF6009D47914663E6C700C6
:100C70009387018CB297902393F775008D81C205FD
:100C80002147C1811D8F2E95FD57158FB397D70032
:100C9000142193E707F0B397E700F58F3316E600CA
:100CA000D18F1CA18280EFF2AED183A701AE41119A
:100CB0002A8C3EC483C4E1ADAE8B014B054D894DFA
:100CC00093170B01C18763C5770141016FF00ED304
:100CD00003A781AD15EF03A441AE22452686A28568
:100CE000EFF03FF1AA8911C803C7D1AD6317A70080
:100CF000238E01AC054723ACE1AC2694A38E31AD25
:100D000023A281AE33076C0123003701050B4DBFD1
:100D10006314A70903A441AE22450546A285EFF05E
:100D20005FED03C7C1AD9305140023A2B1AE050763
:100D30001377F70F238EE1AC6313A505AD4683C986
:100D4000D1ADE311D7FC224519461D04EFF07FEA2F
:100D5000238EA1AC23A281AE09C5094723ACE1AC27
:100D600055B72245A2852686EFF0BFE82694AA89CA
:100D7000A38EA1AC23A281AE23AC01AC61B7224506
:100D800026862EC6EFF0FFE6B245AA89A38EA1AC57
:100D9000A69523A2B1AECDB78149E315B7F703C736
:100DA000C1AD83C9D1AD7D171377F70F238EE1ACA9
:100DB00031FB03A441AE22452686A285EFF07FE3F6
:100DC0002694AA89A38EA1AC23A281AE75B70A216D
:100DD0009E211D8D8280EFF20EC0411185C5044910
:100DE0002E89DC486382B702B2288146D14513764A
:100DF000F61F93970601C18363EDC70023AA240160
:100E000023AC0400014411A0804C228541016FF005
:100E1000CEBFB389B6029C448506CE979843CA23B9
:100E20003307E940E367E5FCB42B09466398C60045
:100E3000E2233A9423AA240180CCC1BF99E6D44787
:100E400036970023FE233E94F5B70D466397C602FE
:100E50007887922B8C4745671307E7DC8946130593
:100E6000E100EFF0BF95014471D59C44CE979847BF
:100E7000E223198D05852A9475BF05460144E39B3D
:100E8000C6FA7887922B8C4745671307E7DC8946BB
:100E90001305E100EFF09F9251DD9C44CE979847F7
:100EA000198DD8472A97022371BFEFF26EB1A5477B
:100EB00041116394F5009305000203290501EFF049
:100EC0009FF109E5014541016FF04EB3032449004C
:100ED000035729010E0591672A946379F7001C4096
:100EE00003250900B207B1833E95F1BF4C205C3069
:100EF000B385F502E1D9832709010D47E583BD8B51
:100F00006381E710636CF70E0547638FE70E0947AF
:100F1000638FE70E03A5C1A92EC6EFE04FA8B24527
:100F20006379B50003A5C1A9EFE0CFCE41DD23AEC3
:100F3000A1A8035B2901F1774420337BFB001C400F
:100F4000834C54000324090103270900B207B1832D
:100F50006580BA97139A04013D880D4703ACC1A977
:100F6000135A0A41A28B6313E400914B23A0F1AE04
:100F7000238F81AC23AC01AC23A201AEA38E01ACC4
:100F80002685238E01ACEFE02FCF91672A89814916
:100F90006316FB002685EFE02FCEAA89D2854A850D
:100FA000EFF07FD0014D814D93170D01C18763C3D1
:100FB00047078547B384740363D997039167A68D68
:100FC0006316FB08054BD2854E85EFF0DFCDEE852D
:100FD000014D93170D01C18763C94705050B420BEE
:100FE000135B0B41A69DE3409BFF4A85EFE0CF9C3E
:100FF0004E85EFE06F9C03A5C1A9F1B51147E39BB6
:10100000E7F08505858139B79D058D8121B78D056F
:10101000898109B7B307A9019023EE85A28662856D
:10102000EFF03FC4DE9D050D41B7B307A90133873B
:10103000A90110239823A2866285398E90A32EC61B
:10104000EFF03FC2B245050DDE9561B7054BD28585
:101050004A85EFF05FC5EE85014D93170D01C187FD
:1010600063CA4701050B420B135B0B41A69DE3408E
:101070009BFFA5BFB307A9019023A28662852EC658
:10108000EFF03FBEB245050DDE95C1BFEFF2AE9465
:10109000A54741112A89AE89B68A631FF6068544A1
:1010A000930500024A8503240901EFF0DFD22A8A62
:1010B000014563000A065C44BDE301475C400E0A3B
:1010C0003E9A1E28B387E70203270A0051839187BF
:1010D00091C00607A107BA9791832390F90083472F
:1010E0005A002392F90083474A002391F90013978D
:1010F000070183076A0041832393F90083077A007D
:101100002394F9001C48E583BD8B2385F900F1EC9D
:10111000054541016FF06E8FB285814461B7D68578
:101120004A85EFF05FCB51D983260901096603A9EF
:10113000C600B62A03278900F18ED1E2B706004027
:101140006370D70493178500D297832A09007C86A1
:10115000832789001386F6FF4567130767BC894616
:101160007D8ED6856800EFF06FE5014721D9330504
:101170005541058583274900AA97038707003DBF8E
:10118000370600C0718FE31AD7F293170501D29783
:10119000832A09003EC6832789001306F7FF4567A7
:1011A0001307C7BD91467D8ED6856800EFF00FE12D
:1011B0000147E30505F033055541098565BF8326E1
:1011C00049002A971823D2969422E38806EEE30674
:1011D00007EE8347D900FD16B386F6028327090080
:1011E000BA97B6970387F7FFD1BD931717002391DE
:1011F000F90039BFEFE2DEFF03A5C1A909C5EFD0B1
:10120000BFF323AE01A86FF0EE809316050113988B
:101210000501C1821358080193D75600135758008F
:101220009308F00FB388C84093F7F7031377F703D9
:1012300033071703216313031308FD891358B800FC
:10124000B387C702BA9793870708B3876702C98332
:1012500013F7077E9377F501B387C70213D5B6005E
:10126000B38515033305C502AE9793870708330886
:1012700018034295B3876702130505083305650215
:10128000DD83FD8BD98F5D812E055D8D8280EFE240
:101290003EF33E898547011163FC27133A8D6309AC
:1012A00007122E8AB28B368BC28CAA89EF806050CF
:1012B0002A84EFF0EFF55C50032C8500AA8499C3D3
:1012C000228582975286CE852808EFD08FCC630185
:1012D0000510B4849A28B228B387E640FC84BC8504
:1012E000918FFC85BC863387E740F886B887118FDD
:1012F000F88763190B085C48CDEB639B0C0CEF80FF
:10130000404B83DA44019E288359C101850AB38A80
:10131000FA408317A101C20A93DA0A41B384FA02A0
:101320000317E101831681018509130A1700B389A8
:10133000D940330AFA4013940B01C209420AB69409
:10134000860485464180AA8D93D90941135A0A41E2
:10135000E2946310DD269307D00F63F927135C55E1
:10136000638307122808EFD0EFC09307000F63FCD8
:10137000A71083A7CD025E8734085686E2856E8566
:101380008297B9A01A24058B3DF78507958FC20770
:10139000C1878146E3D1F6F63306DB0018228506C5
:1013A000133717087D1718A2F5B7EF808040DE28A5
:1013B0009A280314A1018507B384E740C204854736
:1013C0002A8AC1846313FD048317E10163D5870072
:1013D00005616FE0BEE283198101931A040193DA7B
:1013E0000A418317C10163D437010504F1BF832883
:1013F0004A01939609014A88DE875687C186268668
:10140000E285528582988509E9BF8359C101831716
:1014100081018509B389F940C209330BFB4093D997
:1014200009418317E101E3C587FA831A8101931CFF
:10143000040193DC0C418317C10163D557014E9B16
:101440000504C5B7B3075B0103C8070063010802C1
:101450003308090383284A0193960A01DE876687C9
:10146000C1862686E2855285135888008298850AAF
:10147000D9B726854E86A285EFD05F8AD694050916
:10148000E34949FFB1B7860A0149DDBF1C55B1C721
:101490002808EFD02FAE9307000F63F0A704379A08
:1014A000002013070A8F814763C537030314A10186
:1014B000860A8317E101E3CD87F083A78D02A68515
:1014C0004A87CE8613060A8F6E858297D6940504C6
:1014D000CDB702A385070907C1BF4A8681455E854E
:1014E000EFF0BFD2931505019357B4001580C18169
:1014F0001374F40393FBFB0113D85500B307F902EF
:1015000021671373F501014B1378F803AD81860A47
:1015100001451307170833048902B30B79031349F4
:10152000F9FF1379F90FE35545EBA6860146ADA8FF
:1015300083D80600131E0B01135E0E01630A1E05FD
:1015400013D8580093D5B800468B1378F80393F856
:10155000F801B385250333082803BE959385050854
:10156000B3882803229813080808DE98938808088F
:10157000B385E5023308E802DD81FD89B388E8021E
:10158000135878011378F80393D8780113F3F8010E
:1015900093185800139EB500B3681301B3E8C8014F
:1015A0002390160105068906E34436F9D69405050D
:1015B0009DBF1306D00F9620860A6379261993875C
:1015C000C9FF3EC4014C930BF00F7D5DE3524CE12B
:1015D0002689DA8C814D35A0835509002285EFF0EC
:1015E000DFC22310A90019A813F73C0009CF03C6D6
:1015F0000C0009C6E31276FF23108900850C850DC7
:101600000909E3C33DFF13991D002699A24763DC36
:10161000B70113991D00EE86269963C13D0BD69440
:101620004E9B050C65B703A70C0019CB631EA701E1
:1016300023108900231189002312890023138900B4
:10164000910C910D2109D9B703C60C0009C6631F7F
:1016500076032310890003C61C0009C663107605B3
:101660002311890003C62C0009C6631176052312D5
:10167000890003C63C0069D6E30276FD8355690004
:101680002285EFF09FB82313A9005DBF83550900A1
:101690002285EFF09FB72310A90075BF835529005D
:1016A0002285EFF09FB62311A9006DBF8355490035
:1016B0002285EFF09FB52312A90065BF3387DD4077
:1016C0006697102309C66317760123108900850DDC
:1016D0000909A1B783550900228536C6EFF0FFB28C
:1016E000B2462310A900E5B73306AB01034C060050
:1016F00063020C04835D0A0063099C03CA8B6306C2
:101700000C01B30B2C0393DB8B0083550A005E8620
:1017100022853EC63AC4EFF05FAF4205B24722478A
:101720004181E28C1308F00F19A0E390B6FF23105B
:10173000AA00EE86050D090AE3483DFBD6944E9BB0
:101740008507E347F7C8268A014DFDB73685814BEB
:101750001308F00FFDB7EFE2BEA6BE848547011166
:1017600063FC971A3A8B6309071A2E84B28B2E8674
:10177000AA852808368AC289EFD0AF81630E051882
:10178000EF802003AA8AEFF0AFA883A74A020329BB
:101790008500AA8C99C356858297B48403D70C011F
:1017A00003D62C01B387E640FC84BC85918FFC8571
:1017B000BC863387E740F886B887118FF8876317B0
:1017C0000A0C83A74A01FDE76398091403DD4C0165
:1017D00083960C018318A101050D330DDD40420DE8
:1017E000135D0D4133071D0383178101035C440022
:1017F0000316040083952C01050C330CCC40420CDD
:10180000135C0C418359C1013E9706073A990317AF
:101810002400835AE101158E0D8F3384E840330490
:1018200084038509B389F940850A918FB38A1A41E7
:10183000C209C20A93D9094193DA0A413E94EF7072
:101840005077060485475E94AA8C931B1D00060CF6
:101850006314FB1C1C55638707162808EFC09FF113
:101860009307000F63F0A716031AA1018317E10184
:1018700063C4470B83A78C022286CA852687CE863F
:10188000668582975E996294050ACDB703D78A0070
:10189000058B05FB8507958FC207C1878146E3D27B
:1018A000F6F23306DA0018228506133717087D177B
:1018B00018A2F5B7EF70F06F835A440003160400C6
:1018C00083952C0103142400031DA101850AB38A0A
:1018D000CA40C20A0D8C93DA0A4133048D403304A6
:1018E000540383D94C0183960C018317C1018509E8
:1018F000B389D940918EC209031781012A8C36948D
:101900000604854693D909415E94860A6317DB0471
:101910008317E10163D5A70105616FE03E8E031ACD
:101920008101131B0D01135B0B418317C10163D5AB
:1019300047015694050DE9BF93171A00A297832813
:101940004C019E2393160A0126885A87C1864E862B
:10195000CA8562858298050AC9BF138B1700330BAD
:10196000EB40420B135B0B41330AEA408317E10162
:10197000E3C4A7FB831B8101931C0D0193DC0C4185
:101980008317C10163D677015A9A5694050DF9BFA2
:10199000B3077A0103C8070063040802338804030D
:1019A00093971B00A29783284C019E2393960B01CB
:1019B0006687C1864E86CA851358880062858298DC
:1019C000850B7DBF9307D00F63F69704860981448A
:1019D000E3D454F5A2854A854E86EFD01F875E99E1
:1019E00062948504F5B793171A00B30CF900A29717
:1019F00083D50C008A232686050AEFF01F812390E9
:101A0000AC00E3423AFF5E996294050BE3565BF14A
:101A1000014AC5BF014BDDBF9307D00F63F897188C
:101A20009387C9FF3EC202C0130BF00F8247E3D574
:101A300057EFCA84A286D28D014D3DA08A228E2006
:101A400036C4EFF08FFCA2468AA019A813F63D0019
:101A500011CE03C60D0009C6E31266FF922292A0C2
:101A6000850D050D89068904E3423DFF93141D0091
:101A7000B30C9400CA949247634EFD006A88931495
:101A80001D0063493D0B82475E994E9A850762941B
:101A90003EC069BF83A60D0085C2FD576393F60261
:101AA00083D60C0096A083D62C00B6A083D64C001B
:101AB000D6A083D66C00F6A0910D110DA10CA10447
:101AC0005DBF03C60D0011C66311660583D60C0009
:101AD00096A003C61D0011C66310660583D62C00B0
:101AE000B6A003C62D0011C6631F660383D64C0043
:101AF000D6A003C63D0069D2E30D66FBEE2003D5F8
:101B00006C00EFF08FF0EAA045BF8E2003D50C00EB
:101B1000EFF0AFEF8AA075BFAE2003D52C00EFF039
:101B2000CFEEAAA07DBFCE2003D54C00EFF0EFEDA5
:101B3000CAA0C1B7B3060D41EE96902209CAB306FA
:101B400099003305940063176601122192A2050DD6
:101B5000890405BF8E220A2142C636C4EFF0EFEA9F
:101B6000A24632488AA2E5B7B3076A019C2385C71B
:101B7000268663E6FD00B387F40213D68700931729
:101B80001B00330DF900A29783550D008A23EFF057
:101B9000CFE72310AD00050BE3483BFD5E994E9A5D
:101BA0006294850CE3DA5CD7014BFDB7814C930D51
:101BB000C00FCDBFEFE2CEE375712A846818AE8402
:101BC00032C6EF20D00E83D7818C7018A68522856F
:101BD000231FF102EF20101328083127B2463008E6
:101BE0000147A6852285EF00407349616FE08EE2D0
:101BF00081472147B386F5009022B306F50085079B
:101C000090A2E399E7FE8280EFE28EDB3971AA842D
:101C1000081832C22EC436843A8DBE8BEFF05FFDB9
:101C2000EF703039AA89EFE0BFDE16298357010330
:101C30003A292A8B958F2318F10283572103998F14
:101C40002319F10283574103958F231AF102835719
:101C50006103998F231BF102EF20C05D1246AA8C0D
:101C60001DE93E208DEB1A24930700106315F7023F
:101C700063130D02639E0B123C24894A8DE30348D3
:101C8000E4001C20224505478146A685EFF0BFAC45
:101C900021616FE0AED6938A2B0093FAFA0FD6201B
:101CA0008397040003182B018395240083182103D4
:101CB00085069D8EB3850541C206C186B385B840B1
:101CC000B385D50203170B010315010383544103A8
:101CD000998FB307F540420541818504898CAE9701
:101CE000B38757032A9742074183231CE102C208A6
:101CF00093D8080146984208135808413309F60062
:101D000093970401C183FD173E9783576103C20473
:101D1000231EE1028507B388174193970801C18705
:101D20003ECCB3875603231D0103231F0103C18447
:101D30003ED263970C1063150D103C24639207107C
:101D400063800B104E85EFE0FFBFAA890818EFC033
:101D50007FA263E6A9000818EFC0DFA1AA89139546
:101D60001900EFD06FF12A8A4E85EFD0EFF02A8B61
:101D7000814B0147A68CE24763CEFB088317E10342
:101D80000317A103630FF700FD17231FF102034898
:101D9000E4001C2022450947DA8652862C18EFF011
:101DA0009F9B5A85EFD04FC15285EFD0EFC0CDB584
:101DB0008D4AF5B5B022B305FB0090A109CA903257
:101DC0008C2222064D8E93951700D29592A1D6961D
:101DD00085073386E740E34F96FCE68763D304002C
:101DE0008147C207C1873E979257835601033E99A8
:101DF000835741038507958FC207C187BA9763FE52
:101E000037018357E1038507C207C187231FF1020A
:101E1000850B95B7CA86BA876DBF1C200348E400BE
:101E200022450947DA8652862C18EFF0DF92835755
:101E3000E10301478507C207C187231DF102F9B7F6
:101E40004E85EFE03FB0AA890818EFC0BF9263E665
:101E5000A9000818EFC01F92AA8913951900EFD0A6
:101E6000AFE12AC64E85EFD02FE138242AC293472E
:101E7000F7FF13FCF70F31CF5E2493D6B700B306FC
:101E8000D70236CA93D6570093F6F603FD8BB306F6
:101E9000D702B307F70236CE3ED00947639C0B004A
:101EA000631A0D003E2099E71624930700106393F0
:101EB000F600054763880C001245CE853AC8EFD07E
:101EC000EFF44247A16793871708814D014A3EC846
:101ED00025AA02D002CE02CAC9B7638E0B063C22E5
:101EE0001CA1A5EF0503569605058905E34793FE5A
:101EF000A68763D304008147C207C1873E9A6382E5
:101F00000C0E83572B01035621038356410383553F
:101F100001033E9683570B0185068D8E6E96BE9506
:101F2000C2064206C2054685C1864186C1853AD6AB
:101F300046D4EF208028A25832574DE18355410303
:101F400083570103468585059D8DC205C185EFD068
:101F50006FE5094779A0FD571CA11C321422A20786
:101F6000D58F63090D009306007E6395D70023008B
:101F700005008DBF3424ADC293D6570093F6F60307
:101F8000B386860313FEF7017248AD83330E8E03CA
:101F9000C296424893860608B3878703B386060332
:101FA0000258429E4248130E0E08330E0E0352484A
:101FB000C98293F6067EC297424893870708B38783
:101FC0000703135E7E01137EFE01B3E6C601DD83C7
:101FD000AE07D58FC207C1839EA129B78947E30AFF
:101FE000F5F69257835601033E99835741038507BF
:101FF000958FC207C187D29763F637038357E103F2
:102000008507231FF102850DE24763D6FD0692473F
:1020100093151A004A86B3884701B24746850143A3
:10202000BE95E9B51C200348E4009246324622459D
:102030002C18EFF04FF28357E10309478507C207D9
:10204000C187231DF102231FF102639C0B00631A59
:102050000D003E2099E71624930700106393F600C5
:10206000054763880C001245CE853AD4EFD00FDACD
:102070002257014A49BF8317E1038316A103638EE8
:10208000F600FD17231FF1020348E4001C209246CE
:10209000324622452C18EFF00FEC1245EFD0CF91CD
:1020A000324521B3EFE2CE94C1452A84EFD08FCFE1
:1020B000FD571CA0930700101EA47C3423160400B7
:1020C00093E717007CB46FE0EE948D476306F5004C
:1020D000691513355500828005458280B94763E94B
:1020E000A700A167938747FA33D5A70005898280A7
:1020F00001458280EFE2CE8C01112A84AE8B01EE85
:1021000037B6030013068660DE852285EFF09FAAAE
:1021100005616FE0AE8E982289473689E3FAE7FEC3
:10212000CE263285EF30C006AA8479D98329C5002E
:10213000104D93F9F90169FA4E85EFF01FF92A8CD9
:102140004E85EFF0BFF99C48AA8CB5CFA285080850
:10215000EFF01FAA835629000357890089E69307E9
:1021600000106303F70472203E204E2005061D8EEA
:102170001E208505C2069D8D4206C20593074900B3
:10218000C1864186C1850808EF20D07B1A20BC801B
:10219000B481BA97FC803E20BE96F481B482369713
:1021A000F882B883BA97FC831008DE852808EFC050
:1021B0004FDE39DD9048E6876287CA862C08228583
:1021C000EFF09FA4B1B72286DE852800EFC06FDC58
:1021D00021D18359C1003C840D458509B389F9405B
:1021E000C20993D909413385A902854DEFD0CFA803
:1021F0002C002A8A0808EFF0BF9F85450808EFC029
:10220000EFD483170400031B8100031DA100831A70
:102210002400330BFB40420BB30A5D41135B0B41BF
:102220008317E10063D6A7015285EFC0FFF8CDB553
:102230001008DE852808EFC0CFD531C113960A01FA
:102240005287CE864186DA852685EF30802B63095A
:10225000B5012685EF30A02C5285EFC0FFF54DB5B6
:10226000E6876287CA8652862C080808EFF0DF9955
:10227000BC81850A8507FC81BC838507FC83050D2D
:1022800045B719CD1C219306F0050545138707FEB8
:102290001377F70F63F7E6009D831395170082808D
:1022A0000D4582801377F50FAA87130507FD137577
:1022B000F50FA54663F8A6029306000663D6F6005E
:1022C000011793178701E18793F7F70F1387F7FB40
:1022D0001377F70F9546014563E6E600938797FC71
:1022E00013F5F70F8280EFD2BEF0930540022A84E7
:1022F000EFD04FABFD575CA4B7070020938747137F
:102300001CC4C167FD175CC81CCCFD47232004001A
:102310005EA0230004026FD0FEEFEFD27EEABA89FE
:102320005826697136CE82CE894763FDE71A1C466E
:1023300032843EC4838706006386071AAA8DAE8A5C
:102340002E86AA854819EFC0CFC4630D051803482F
:10235000140293772800639A071883D74D0003D798
:102360000D008507998FC207C187224703962D006C
:102370008316E4010319870003970D008314E4001A
:102380003AD00317C401CA94BADC3307D600420717
:102390004183638909029DE66356060283A689008C
:1023A000918E13D6F641B18E918E13060020058EC4
:1023B00006066355D600FD5623A0D90083A6090062
:1023C00063D40614931B070193DB0B4102C8C207B9
:1023D000C1874245BECCBE86F247034714020316AE
:1023E0000401A2453E95130B00C0EFE0CF8FC2471A
:1023F000AA973EC683962A00B3872B01034714028F
:1024000063CDD710F247C2463385D7009377470094
:1024100063820716B247C245831604012246B3857C
:10242000B740EFE00F8383D74D0003D70D0085073A
:10243000998FC207C187898F0947B3C7E70202573F
:10244000BA97C207C1873ED05C24BED45C483ED454
:102450001C4C3ED63257A2576374F7003AD43ED68E
:10246000834724028D8B95CBC801EF00D0331E200B
:102470002312F10CA2478387E70091E385472313DA
:10248000F10C5C24034734022306F10C8347D10C82
:102490000D8BF19BD98FA306F10CE809EF202001E9
:1024A0005E20A6561307D00F231FF10CFD5763645F
:1024B000D7008347810693F7F70F3ECC939704012B
:1024C000C183BED693970B01C183BEC68259C16733
:1024D000FD1782D2BECAF2474247BA97BEC483876D
:1024E0000700E1E355616FD07ED10317E400831646
:1024F00004011044F245A167938787C1E809EFE022
:102500004F9C8317C10D95B536C883A649003697F1
:10251000931B070193DB0B415DBDF247B2460316E7
:102520000401A245338AD700E6465285EFD0BFFBAF
:10253000B2473E95B3877401939B070193DB0B4130
:102540006383090263C16B0383A7090063DD07008E
:10255000B24723A0F90083972D003387FB4023A2C5
:10256000E90023A4F900B2473EC883070A00BDDB97
:102570002AC649B593778700E38807ECB247C2457E
:10258000831604012246B385B740EFD09FEC83D772
:102590004D0003D70D008507998FC207C187898F2A
:1025A00079BDE657424702D9BE9993970901C18781
:1025B0003ED2B24702CA998F3ECBCA55DA4763E989
:1025C000F51083472402898BA1C382570317610C3E
:1025D0008946231EF10A1C443347D7025686839747
:1025E00087008C096819B3C7D702D401BA97364758
:1025F000BA971257C207C187231FF10A2318E10CAB
:102600002319F10CEF00F01B83472402858B8DCF3B
:10261000825722475686231EF10A1C448306D700A0
:102620008C09BA279E2768193697998F3647D401A7
:10263000BA971257C207C187231FF10A2318E10C6A
:102640002319F10CEF00F017F2473247A245E64696
:102650003389E70003160401034714024A85EFD0CB
:102660009FE8B2470347140283990D00B384A70083
:1026700093774700AA85E383071083160401224657
:102680004A85EFD01FDD83D74D0003D70D008507A6
:10269000998FC207C187898F0947B3C7E702CE97D1
:1026A0009399070193D90941B6573657DE97939B03
:1026B0000701B64793DB0B41BA97C207C183BEC679
:1026C000B2473EC883976A00E3CE77E126C621B5BC
:1026D000A25756470149638CE700B2576389E70068
:1026E000424783A7C1827245BA9582972A8983A7F8
:1026F000818326450C1982972647AA844A5583A7C9
:10270000818381453A958297834714022A86858B77
:1027100063830720130730026392E402524709E7FC
:102720004A57BAD23ECA51BD524785476305F70A98
:102730008947E302F704835904004DA052478547B7
:10274000631BF71C93070002E399F4E6CA57165778
:10275000E5176390E708A64719468809B385E7009F
:10276000EFD01EAC0305010DEFF0DFB32A8903059E
:10277000110D1209EFF01FB32A990305210D13590A
:1027800039001379F901EFF0FFB1AA840305310D87
:1027900092042E09EFF01FB1AA940305410D8E0497
:1027A00093F4047EEFF01FB0AA890305510D92093E
:1027B000EFF05FAFAA9993D9390093F9F901B3E427
:1027C0003401B3E4240193970401C183BECE894749
:1027D00091BF1E20E5BF8359040002CA2245A68589
:1027E000EFE08FBCA2575647AAD06383E704B257E5
:1027F0006380E704A257636DF902B257637AF90266
:1028000092571257F0092318F10C1E28D685231968
:10281000710DFD17BA97AA97231AF10CB6578809BC
:10282000FD17DE97231BF10CEF10D04D83592400C8
:10283000834734022657BEC2854763F2E70C224520
:10284000814626868C09EFE0EFB555C90357410D47
:102850005DC78356210DC5C69257031D610D2246E3
:1028600003950A003E9DA247EA968315A60083972A
:1028700087000316810D63C4A60883964A0063C0CF
:10288000A6098D8FDE97998F83962A00918F3E97A8
:102890006347D70603976A003ED86342F70622458E
:1028A000A685EFE0EFAF2A8939C9A24713170D01BA
:1028B0000346A10DCC27C25741878D899396070106
:1028C000C1866389053E93F5F9012EC993D5590058
:1028D00093F5F50393D9B9002EC793F5F90F2EC5DB
:1028E0009305D6FF93F5F50F0545637CB51C91451F
:1028F00063E9C5026300A61E89456304B61E8657B8
:10290000E38D07CA12571E28BA970657BA97C2070F
:10291000C1873ED25DB152478947F649E31DF7E0D2
:1029200075BDA145E31DB6FC1306F00FB7B4030057
:10293000A14C32DE9384046103960A00035C210DEE
:102940008359410D014A6356C700198E0D4A330A57
:1029500046030D4503964A0062D8B345AC02BA95CA
:102960006357B600198E05063306A60232D80396C1
:102970002A00014B63D4C600330BD64003966A008D
:10298000B385D900CEDA6355B600158E0506B2DAE6
:1029900042558D453348BA02420D135D0D01DA9759
:1029A000C207C187231FF10A2311F10CB345B502F9
:1029B00033060D017D1D42064186231EC10A2E9D50
:1029C000420D135D0D412310A10DE35AA6F3B30888
:1029D0009C03B3874C03B3886803BE9893D73840F1
:1029E000CA97BEC0B3073C0313F978003EDA5256CB
:1029F0009307001463D3C7003EDA52553AC1B6DEDE
:102A0000C2D8EFC07FA7D2572ADC13951700EFC0BA
:102A1000BFA6AAC8EF60F059EFD09FFF035D450144
:102A20008315050183172501F656050D330DBD40AD
:102A3000420D135D0D41B387F640B387A7030A47E4
:102A400046581045BA973307AB038D8F4297BA9714
:102A50008607B309F600EF10E07DC2574257AADEA1
:102A6000B3874741BED8B3074C01998FB38797030B
:102A70004657014C3EC1F557B347F702EA97860720
:102A8000214D3EC3B3079D413ECDD6576342FB0661
:102A90008317210C0317E10B630EF700FD172311B9
:102AA000F10C1648E247E256464609476C1956852E
:102AB000EFE07FCA6255EFC02FF04645EFC0CFEF81
:102AC0003DBD1306000FB7B40300914C32DE938472
:102AD00004719DB513060008854C32DE9384018D88
:102AE000A1BD1306000C894C32DE9384C18CA9B5BC
:102AF000F2576287D285B3D6270101481306F00F3B
:102B0000C25763CDF506F6579DCF8356010C83154A
:102B1000C10BE25785068D8E0316210C3E9CC20622
:102B2000C18662853ACFEF1040697A4709ED835537
:102B3000010C8357C10B628585059D8DC205C1853A
:102B4000EFC05FA67A47C657D256BA9763D2D7145A
:102B50008357210C8507C207C1872311F10C8A47CF
:102B60008646050BB388270193D73840B697BEC079
:102B70009A4713F978003A8CBE9901BF864733858E
:102B80002C01330EAD409C23F58FB3D7C701014E06
:102B900081CFE2486398C80C6395AC0113FEF70F30
:102BA00021A0A69703CE0700930708099308010AFE
:102BB000C697238EC7F705088D47631DF80883D78E
:102BC0000900834FC10AAA4813D8B700330EF64153
:102BD0003308C8038342E10A8909B30E5640338E95
:102BE000F803CA48B3EF5F00729813FEF701330E83
:102BF000DE03958393F7F703135888002E08B38EEE
:102C00005802BA48769E834ED10A135E8E00137E18
:102C1000FE01330FD641B387E703338FD803E25861
:102C2000B3EEFE01B33ED001B30ED041FA978D83CF
:102C3000338FE800C64893F7077E2300DF01B3E730
:102C4000C701931E1700B3E70701C69E2390FE003D
:102C500005070148EA476357F9022A89B3D6960166
:102C6000850579BD6397AC01E248B3871703A1835B
:102C700035B7A69703CE0700E247330EFE02135E78
:102C80008E001DB78647F25601498507BEC0C9BFF1
:102C9000E2471648E256464609476C195685EFE06A
:102CA0009FAB8357210C01478507C207C187231FAC
:102CB000F10A65B59305D6FF231A310793F5F50F91
:102CC0000545637EB516914563EFC5006303A618FD
:102CD0008945E316B6C21306000C094C114532DAD9
:102CE0009389C18C31A8A145E31BB6C01306F00F30
:102CF000B7B90300214C1305001032DA938909613A
:102D0000E2451306C00F6366B60203C8C1AEE244D3
:102D1000B7950020938505B701466314981403A85E
:102D200081AE631088156245AE892386A1AE23A4C7
:102D300081AF835C210D03960A000358410DB384D3
:102D40008C03014A6354C700330AE64003964A00E5
:102D5000B385EC00668B6355B600198E130B160015
:102D600003972A0002D863D4E600158F3AD8039758
:102D70006A003306D800C2D86355C700158F05070F
:102D8000BAD83EDEC25733074C0342DCB384F402A8
:102D9000BA9413D734003A99EF60B021EFD09FBABC
:102DA00062589D88B3870C033EDC3E87F25763531D
:102DB000E5002ADC6255420DBEC0135D0D01EFC077
:102DC000AFEB33074D018647231EE10A42577D1DB5
:102DD0005A9DBA97C207C1872310A10D231FF10A7C
:102DE0002311F10C214D2ADEEF10C044B3078D41B1
:102DF000BEC8B3874C01B3876741B3878703AADE98
:102E0000014D3EC1B3074B41BEC0C257465763CFC9
:102E1000E7068317210C0317E10B6300F70216483E
:102E2000F25603564107FD172311F10C094793078A
:102E3000F00F6C195685EFE08FC5725541B113063E
:102E4000000FB7B90300114C414532DA938909717B
:102E500045BD13060008054C094532DA9389018DFA
:102E600045B5130EF00F3388C900034808006243CC
:102E70006306C80133086802135388003388C5000D
:102E8000230068000506E310A6FE71BDD2575286E6
:102E9000B3D69700F2573388A701C285634F660700
:102EA000814C63434B01864CF65785CF8356010C0A
:102EB0008315C10B0316210C85068D8EC206428533
:102EC000C18642C3EF10602F1A4801ED8355010CF3
:102ED0008357C10B428585059D8DC205C185EFC015
:102EE0006FEC8647BE9CE257EA9C63F2FC06814782
:102EF00063434B0186473E9D8357210C8507C207DC
:102F0000C1872311F10C8A47BE9493D734003E99B0
:102F1000C2579D8885073ED8CDBD834709004647E7
:102F2000F58F33059740B3D7A700014599C3CE97D6
:102F30008823C64788A163F8F400E294B3D68601DB
:102F400005068505A1BFD25605098144D5BF16489F
:102F5000F256035641079307F00F09476C1956853F
:102F6000EFE0EFB28357210C014D8507C207C187FF
:102F7000231FF10A79B702CA6FF02FE49377870015
:102F8000638407F28316040122464A85EFD06FCC92
:102F900083D74D0003D70D008507998FC207C187DE
:102FA000898F6FF0CFEFEFD2AEA4A9452A84EFC08E
:102FB0006FDFFD571CA48547231004003EA06FD08F
:102FC0006EA5EFD2EE9F83972600117132C0638207
:102FD000071C368494260947637DD71A2E8B031667
:102FE0000B00831505008316250003172B00AA8A02
:102FF0006394C500638FE6180945B3C7A7022E8501
:10300000C207C1836353B60032851D8DE8802E85CB
:1030100063D3C50032853E95E88236866353D70078
:103020003A861D8EF081368663D3E6003A86B297E3
:1030300002460C082E85FC83EFB0AFF5630B051438
:10304000039C2A00031A2B0063184C2B03498400AD
:10305000EF602076EFD0DF9B83172400AA89FD174D
:1030600013DA1740858BB3844701831764006385A7
:1030700007128317440063810712EF10A01B854BD2
:10308000014583160B0003970A00B6876353D700E8
:10309000BA872310F108B68763D3E600BA8703D74F
:1030A0002A00FD172312F108B30797405297231106
:1030B000F1082313E1086307050E03588400CA874B
:1030C00013588800137838001220054781460C01F8
:1030D0000808EFE0CF9B1E240567130707C0F98F90
:1030E000CDCB6811EF10A03C1E2018342317F10A35
:1030F000E17793C7F7FF2316F10A1C24118B230CE9
:10310000F10A8317240093D4174093C7F7FF13F9EC
:1031100017001DCF03D70A0093970401C183B3069C
:10312000F7402310D10883D62A0082453E97338684
:10313000F640B6972311C10833072741B3872741CB
:10314000701108012312E1082313F108EF10803BEE
:103150001834218B1DCF03570B0093970401C183B3
:10316000B306F7402310D10883562B0082453E97C3
:103170003386F640B6972311C10833072741B3873A
:103180002741701108012312E1082313F108EF1001
:10319000603711616FD08E86EF10C00913351500AE
:1031A000814BC5B510010C083285EFB08FDE05D517
:1031B00083D8290103162108839709010315010803
:1031C000B30516412311B1088315410813180501F1
:1031D000939607019394050113580801C182C18099
:1031E0003307D840B386D4402312D10883566108F0
:1031F000420785044187B3861641B3840441C20463
:103200002310E1082313D1082316A10A2318B10AB9
:103210002317C10A2319C10AC184014C638E0B0014
:10322000BA9783164400031764003697B3E7E702A2
:10323000139C0701135C0C412685EFC0EFA3031A12
:1032400021082A898317610863D647014A85EFB0B0
:10325000BFF651B5A6854A85EFC04FBB03D62901FD
:1032600083D509018357010852964206BE95C205CF
:10327000A6864186C1854A85EF0030742A87638817
:103280000B0215C5E286814705A003174400634978
:10329000D704BA97958FC207C18785070507C2076C
:1032A00093160701C187C186E3C197FE09470358FA
:1032B00084001C2412201358880013783800CA8612
:1032C0006C110808EFD0BFFC8357E10A050A850797
:1032D0002317F10A8357210B85072319F10A9DB79C
:1032E000031664003A960147E3D9C6FA3307F9009A
:1032F00023000700368755B783990A0003190B008E
:103300006390291B034A8400EF60A04AEFD04FF07E
:10331000831724002A89FD1793DB1740858BB3841C
:1033200077018317640081C783174400A9EBEF007E
:10333000707013351500814903D70A0083162B00DE
:10334000B30497405E972312E10803972A002310E5
:103350009108B6876353D700BA872311F108B6875F
:1033600063D3E600BA87FD172313F10811CD035884
:103370008400D2871358880013783800B1B3EF0067
:10338000706B854901454DBF10010C083285EFB0C7
:103390004FC0E30205D48315010803570901035800
:1033A000290183162108139505010316410841815F
:1033B000B307E5402310F108B38706412311F10854
:1033C00093170601C1833387E7408507898F23124E
:1033D000E10803576108139A0701135A0A4133079A
:1033E000074152852313E1082316B10A2318C10AA5
:1033F0002317D10A2319D10AEFC00F88AA8B031C07
:1034000021088144638E0900831429018317640015
:1034100003174400E294BA97B3E4F402C204C184EF
:103420008317610863D487015E8515B5D2855E85F3
:10343000EFC0CF9D03562901835509018357010829
:1034400062964206BE95C205D2864186C1855E85DA
:10345000EF00B0562A876381090201CD831644002C
:1034600063D39600014783176400B69763C3F400E3
:1034700081448504C204C1841C2412200148DE86D4
:103480006C110808EFD0BFE08357E10A050C8507EF
:103490002317F10A8357210B85072319F10A49B72E
:1034A00063484C01E287528C3E8ACE87CA893E89A6
:1034B000B30B3941B3078A413EC293D7FB41B3CD29
:1034C0007701B38DFD40B3078A41FD8733078A41F9
:1034D000B3CCE700B38CFC408316240063DEBC232E
:1034E00093975C00B3C7B70337B70300130707729E
:1034F000BA9703CD07004A87330DDD02130DFD0394
:1035000093547D4093970401C18363D329014E876F
:103510001D8FF8844A87635339014E873E97F8869A
:10352000528763534C0162871D8FF885528763531E
:103530008A0162872C08BA9710082E85FC87EFB0A5
:103540004FA5E30A05B8135D8D408588EA94C2044F
:10355000420DC180135D0D0163D1BC1F931C0C0192
:1035600093170A01C18393DC0C01B38D9C00BE94B8
:10357000B38CAC41338DA741C20DC204C20C420DC5
:1035800093DD0D41C18493DC0C41135D0D418147F6
:10359000635970196A87CA866686CE852810EF003F
:1035A000304B85472687CA866E86CE85C808EF00D1
:1035B000304A81452810EF00F03C2AC48145C808F4
:1035C000EF00503C1C342AC6C18B639A071A248230
:1035D000C20B93DB0B0133878B01B3869940420703
:1035E000C20662868D474187C186CE850801EF00FD
:1035F0003046330C9940D29B93160C0113970B0164
:1036000089474187C1865286CA856811EF005044B8
:1036100081450801EF001037AA8C81456811EF0041
:1036200070362A8CEF60E0182A89EFD06FBEB48420
:103630001E29A48632293387F640B387F440F884E4
:10364000FC86B885BC87AA89118F918F4A8585042D
:10365000958CF885FC87EFD0EFAE2A89C204280844
:10366000C184EFB02F91637625012808EFB08F90C9
:103670002A894A85EFB05FE083D70901B884CA85FB
:103680002A8A3E97131D0701B886135D0D4123104A
:10369000A103BA972312F10203D72901BC85814DFA
:1036A000BA97C207C1872311F1022313F102EFB0C9
:1036B000FFF583972901831BA101BE9B0317E1013D
:1036C000839629013697635F770B8317610203178F
:1036D00021026303F70203588400FD172313F1024C
:1036E00012201C2413588800137838000947D2860A
:1036F0000C080810EFD0BFB95285EFB0FFAB2245E0
:10370000EF00302F3245EF00D02E6685EF00702E8F
:103710006285EF00102EC1B293975D00B3C7970387
:10372000E1B32687CA866E86CE852810EF00503218
:1037300085476A87CA8666868DBD939C0901931D5D
:10374000090193DC0C0193DD0D01B3869D00E69425
:10375000C2069395040181475287C1866286C1855E
:103760002810EF00F02EB386AD41B385AC41C20600
:10377000C20585475287C1866286C18505BD7D5CCD
:10378000FD5C4DB5B307BA0113960B01A6864186C1
:10379000EA853E853EC2EF00502211E5A68533053D
:1037A000BA01EFB03FE0A69D33879D006379270102
:1037B0000357610205072313E102850B01B7035884
:1037C00084001C24122013588800137838000947FD
:1037D000D2860C080810EFD09FAB83576102CA85D0
:1037E00052858507C207C1872311F1022313F10215
:1037F000814DEFB0BFE1D1B79307C00F63E1B702CE
:10380000894763FDB7003305B502A16793871708A1
:103810003305F5025D811375F50F828001458280C5
:10382000EFC27E9BBA895E2B3A2B368983A60902AA
:10383000998D03C78902B307F640C207139A0501A1
:10384000AA84C187135A0A4113761700C1E203C73D
:1038500009019375270005C285C10D8B894613A503
:10386000F7FF6308D7008D463325F0006303D700C8
:1038700001456FC09E9999C10545E5BF0D8B8547F0
:10388000631DF700E34A40FFB3072A01E3C207FEC6
:10389000B3064041E3DE26FD3DA0B3052A0111EF4A
:1038A000E3CC05FCE34640FD33054041635525016B
:1038B0002695EFB03FCF09456DBFE3CB05FAE3593D
:1038C00040FDE35720FBB6852685E5B793762700B4
:1038D0006301061803A6C90113F7F60FB3054603E3
:1038E000A9856357C00063D4B7023335E00051B7F0
:1038F000E3CDF5FEB3064901B386C60213351700C2
:10390000A986E3C8D7F613841700220421A8B306BA
:103910004901B386C60213351700A986E3CBF6F436
:103920001394870083A789013304F40229849375D3
:10393000F40F2184330444416381051083A74902B5
:10394000930AF00FB385BA40B387F502A187B38A13
:10395000FA406346040263542403B385F502A58547
:1039600093F5F50F09E793C5F5FF93F5F50F338A46
:10397000840003450A00EFF03FE82300AA00130A81
:10398000140083A5490263C2550763502A0B634E96
:103990000A0883A5890183A7C901B385BA02A9854D
:1039A000B3855503A58593F5F50F63D6070093C539
:1039B000F5FF93F5F50F83C78902898B89C793C5F6
:1039C000F5FF93F5F50FB38A440103C50A00EFF044
:1039D000BFE22380AA0083C78902898BBDC3E34964
:1039E00089E8E34A04ECA285C5B563490A02635736
:1039F0002A0383C789028585B385BA40898B93F5ED
:103A0000F50F89C793C5F5FF93F5F50F338B440187
:103A100003450B00EFF05FDE2300AB0083A74902F4
:103A2000050AB38AFA40E34E2AF583C78902898BD7
:103A3000DDF7050AE34E0AE231A0228A930AF00F6D
:103A400089B7050AE34949E7B3054941338544018C
:103A50008DB503A7890113F5F60F3306F702B325D9
:103A6000E0002986B29563D545013335A00011B534
:103A7000B306490163D5C60013351500DDBB1388B5
:103A800017001396870022083306E6023308E8027F
:103A90009356264129861376F60F33844641935A6E
:103AA0002841638856016354071441E27D141306CC
:103AB000F00F634B0404635224079355A84093F519
:103AC000F50FB295858109C593C5F5FF93F5F50FFF
:103AD000338B840003450B00EFF01FD22300AB00B3
:103AE00083C78902898B81CBB3854A41E3D225D92B
:103AF000E3C305DCD1BB0504635389004A84B305E5
:103B000089403385840075B365F1930714006353CE
:103B1000F900CA87E38E07D479BB79F505046353AE
:103B200089004A84E30604D491AA03AAC901634820
:103B3000040A330A4041330ACA02135AAA406354A2
:103B40002403B3054603A58593F5F50F09C593C571
:103B5000F5FF93F5F50FB38A840003C50A00EFF073
:103B6000BFC92380AA0003C7890283A78901930ADA
:103B7000F4FF098B39CC63DB2A059306F00FB3867B
:103B80004641B305F040B385D502A985B385D5027A
:103B9000A58593F5F50F09E793C5F5FF93F5F50FA7
:103BA000338A540103450A00EFF01FC52300AA0021
:103BB00083C78902898B99C7E34F59CFD685E3958F
:103BC0000AD0D5B90504E35C89F27DB1E30607CAE2
:103BD000E5B7E31207CEE35120CB05440DB7E31C54
:103BE00005CC0504E34A89C8E31704CC09BF83A7C1
:103BF000C901130AF00F3306CA40B307F602930A4D
:103C00001400A987330AFA40634D0406635624035F
:103C1000B305F602A58593F5F50F09E593C5F5FF04
:103C200093F5F50F338B840003450B00EFF0DFBCF9
:103C30002300AB0003A7890133074703298783C704
:103C40008902898B63DB2A05B3054703A58593F5B4
:103C5000F50F89C793C5F5FF93F5F50FA69A03C530
:103C60000A00EFF07FB92380AA0083C78902898BFD
:103C7000E39707D60904635389004A84E35D80C251
:103C8000BDBDFD576317F40033074703814A2987F9
:103C90007DB711C5E35189C2E1BEE39207D409049F
:103CA000BDBD81472147B386F5009022B306F500DC
:103CB000850790A2E399E7FE8280EFC26ED0035A97
:103CC00027017971AA89AE8B281093058700031DFF
:103CD00007013289B684BA8D137A1A00EFF07FFC9F
:103CE0008317A102814C014B631A0A006346F90055
:103CF0000317E102635A2701014549A06347F90808
:103D00000317E1026343270903178102B306A701E2
:103D1000B30A774163CADB008316C102338674019C
:103D2000B386A64163DCC600B386A7010315E10292
:103D30006347D908B306A54163C3260963190A047A
:103D4000E3CC54FB8317C102B38777411384170078
:103D500063D70A00E3C207FA6351940209A8D68523
:103D60004E85EFB03F84E35980F8635C9400B385DF
:103D7000844033858900EFB0FF82094545616FC0FB
:103D8000EEC7E39C0AFEE39A84FE0545C5BF63D3F4
:103D90000A00814AE3C354FF8315C102B38575410C
:103DA000B38555418505B387BA0063D7F400B38561
:103DB000544133855901C1B7E3C105FCDDBF03544C
:103DC000C102C207C18305043309F940198C4209B5
:103DD000420413590941330CAD0341846353A90FC5
:103DE00093070010A16B63C5A701856B938B0B80B4
:103DF00083A74D0133092D416391271383A78D01BB
:103E00003ECC9307F9FF3385F7025E866C083EC609
:103E10003305AC40EFB06F9DB24723AAFD00BC87CD
:103E2000239DFD00BC86B886239CFD00BC847D17C5
:103E30006398E700B88709E71307F00FFC86F88757
:103E4000B886631EF712AC85B887BA95858593F559
:103E5000F50F63060A0093C5F5FF93F5F50FB30759
:103E6000FD401389F7FF338B2A01634E0B00635C1F
:103E70009B00B38B690103C50B002EC6EFF0DF97E3
:103E8000B2452380AB00330424417D14569463482B
:103E9000040A635A94003389890003450900EFF04E
:103EA000BF952300A900631B0A0AE3C764E5050464
:103EB00063460B00DA854E85EFB0CFEEE3CF84EAA0
:103EC0007DB505051D8D42054185B307A541E34636
:103ED000F9EA93070010A16B63C5A701856B938B6B
:103EE0000B8083A74D01330525413305AD401309F0
:103EF0001500631DF50283A78D013ECE330529030E
:103F00005E862C083305AC40EFB02F8EBC8523AA0B
:103F10002D01239DFD00BC8439B7330529035E863E
:103F20002C083305AC40EFB04F8CE1BD3305A50242
:103F30005E866C083305AC40EFB02F8BC1B7E31E33
:103F40000AE2E3CB64DB63460B00DA854E85EFB013
:103F50006FE5FD57E312F4DA01448DB713051B003A
:103F6000635305000145B385A44063C48400B305D1
:103F7000A440E35495E04E95E3DF05DEFDBB8507E5
:103F8000B307FD401D8C7D14338DFA0056946304F5
:103F90000A0213051D00635305000145B385A440C3
:103FA00063C48400B305A4406357950063C505004E
:103FB0004E95EFB02FDF835A81015E860C1033855A
:103FC0005A03938D1A003305AC40EFB00F8283572C
:103FD000210291EB83570102FD172310F102930791
:103FE000F00F2311F1028357010263CE2707B38D2F
:103FF000BD034C105E863305BC41EFA01FFFAC85AE
:10400000035961029307F00FB385B740B387274187
:10401000B385F502A58593F5F50F63160A0093C5E0
:10402000F5FF93F5F50F634E0D00635C9D00B38BB8
:10403000A90103C50B002EC6EFF00FFCB24523808B
:10404000AB00634C0400635A9400B38B890003C532
:104050000B00EFF06FFA2380AB007D1D05042311E8
:104060002103938D2A0003590102835AC10183550C
:1040700021021209814763F2BA0999C72313610328
:10408000231291032311B10283572102A9CBAC87DC
:10409000B385F502A58593F5F50F63060A0093C570
:1040A000F5FF93F5F50F634E0D00635C9D003389BA
:1040B000A901034509002EC6EFF00FF4B245230015
:1040C000A900634C0400635A9400338989000345B6
:1040D0000900EFF06FF22300A9007D1D0504E31E27
:1040E0000AC893051D00E3C9B4C063C505004E8529
:1040F000EFB04FCBE35204C601B193D74500C207DE
:10410000338BBD03C183CA973387F702330B6C41EE
:10411000220B330BEB4013971700334BEB023E9B04
:10412000935C4B40120B137B0B0FDA95C20C858509
:1041300093DC0C0193F5F50F63060A0093C5F5FFB8
:1041400093F5F50F634E0D00635C9D00B38BA901E1
:1041500003C50B002EC6EFF02FEAB2452380AB005B
:10416000634C0400635A9400B38B890003C50B00B1
:10417000EFF08FE82380AB007D1D0504850DDA8507
:104180008547D5BD938601DC8147138701DC414615
:1041900003A80600630A0800850793F7F70FA10636
:1041A000E398C7FE7D55828093963700369708C303
:1041B000139507014CC341858280EFC2CE81AA844A
:1041C0002E89B289368A138401DC814A094B184052
:1041D00009E713851A006FC04E831C43D2864E86B2
:1041E000CA852685829765D963136501854A2104AE
:1041F000F9BFFD57630CF5000E05938701DCAA9704
:10420000884323A2070023A0070082800145828003
:10421000938701DC2A87938607080145D0436317FB
:10422000E600884323A2070023A00700A107E39725
:10423000D7FE8280938701DC1387070801459443EA
:1042400081C605051375F50FA107E39AE7FE828085
:10425000EFB27EF8AE893289BA849305C0022A840F
:10426000368ABE8AEFB00FB463D82401CA87268984
:10427000BE84CE87D2893E8A1C2893FA3A00B306C0
:104280003A41F19BB3E75701338724411CA893D7E8
:10429000F64133C6D7009355F7411D8EB3C7E500ED
:1042A0008D8F33A6C700834784022314340123155E
:1042B0002401F99BD18F5166130606822304F40270
:1042C0002316440166A423193401231A2401232E42
:1042D0000400232C040010C023020400858BA1CF0E
:1042E00089CAB7071000B3C7D702B387E702A98707
:1042F0005CCC09CBB7071000B3C7E702B387D7027E
:10430000A9871CCC544C102814D0834784020D8AF2
:1043100013D7264029CA85456303B606894563102D
:10432000B6046352D00493E727002304F402BA874B
:104330005CD06FB09EED09CBB7071000B3C7E702A2
:10434000B387D702A9871CCC89CAB7071000B3C7A7
:10435000D702B387E702A9875CCC144C6DB76350D2
:10436000D002F59BD9B701460606F59BD18F2304F1
:10437000F402BA87E3DE06FAB307E04055BF05460C
:10438000E5B7EFB2FEE6FE21BA212A848507CA21ED
:10439000998F9A210505B684198D931605013E87DC
:1043A000C207C187C186328963D3F6002A87931773
:1043B0000701C187858763D6270113990701135920
:1043C000094113058400EFF0DF8D3C288588231810
:1043D0002401F99BC58F3CA8D1679387A7CB1CC04C
:1043E00089475CA0B70700805CC8232C04006FB02D
:1043F0007EE2031885003307B80221876344C700B3
:104400002A2182808317A500B386F502A186634422
:10441000D6004A218280B306E640B3870741C20630
:10442000B387B702C1869305F00F58413221216846
:1044300013081808135556001375F5039378F60101
:10444000B386B602A1872D82B3C6F60293575700F2
:1044500093F7F70393F6F60F958DB387D7023305DD
:10446000B5023E959377F701B387D7021305050888
:10447000B388B802C6979387070833050503B38747
:10448000070349811375057EDD83FD8B5D8D935791
:10449000B700FD8BB387D7023306B602B297938776
:1044A0000708B3870703DD83AE075D8D8280EFB217
:1044B0003ED4930540052A84EFB0CF8E83D7418D3B
:1044C00037070020130747133EA09307F00F3EA4C1
:1044D000FD575CA47CAC5CA8230BF4022302F4041B
:1044E0002305F402BD4723120400231704002313FD
:1044F000040423100402231A040218D838C03EA86A
:104500006FB05ED1EFB2DECB83596500035B25004F
:10451000757193871900B3876741C2072EC6C1879B
:104520006356F044835A4500835B05002A849387D1
:104530001A00B3877741C207C1876359F042034A23
:10454000C6008947328963FA4715AA852146880043
:10455000EFB01ECD03170901854763D7E704034772
:1045600049019307C00F63F1E704831709008DCF5A
:104570000317290193170701C18393D62740858A22
:10458000B69B93D617408D87858A858B058B369B86
:10459000B38AFA40B389E9402310710523116105FC
:1045A00023125105231331059307D00F63F44701FC
:1045B000130AF00FEF50E01FEFC08FC532462A8C70
:1045C0008C00A800EFA0EF9C69C903570C0183562B
:1045D000810403562C01B387E6402314F10483576A
:1045E000A104918F2315F1048357C1043387E74059
:1045F00085072316E104958F0357E104C207C1879D
:10460000118F3E852317E1043ECCEFA0FFE6035750
:104610002900835749002AC8834A6900631BF7347D
:10462000EFF05FC1AA8C933D1500814A835B410482
:104630008357010483596104850BB38BFB40835777
:1046400021048509C20BB389F940C20993DB0B41F0
:1046500093D9094163D33B01DE898317090093D9BC
:10466000194063D33701BE89FD573ED2638E0D30AA
:10467000639C093063990A320348D9000356290024
:104680003245D287054781468C00EFC05FC0125586
:10469000EFF03FB64245EFA03FB28344490189475E
:1046A00063F6972C831709016382072C03172901EE
:1046B000630E072A83466901858A6399062A4A2080
:1046C0007220035804002E2093091500930616004B
:1046D000B38909418D8EC206C209C18693D90941A9
:1046E000031A090063D33601B68993D9194063537D
:1046F0003A01D289C207C18393784700BE86639886
:104700000800B3863701B306D040C206C18236988E
:10471000231C010313788700BE8663180800B38644
:104720003701B306D040C206C182158D231EA102F7
:1047300013752700BE8619E5B3863701B306D0404E
:10474000C206C182B695231DB1029376170091E689
:10475000CE97B307F040C207C1831D8E231FC1024D
:10476000BD47E313F70083475901835DE9003EC865
:10477000231CB101EFF01FACAA8C031CC103031D65
:104780004400831B040083196400031B2400EF50C2
:104790004002EFC0EFA73246AA8AA2858800EF90B8
:1047A0005FFF6305051C93170C01420DC183135D68
:1047B0000D013ECEB307FD40C207C1833ED01309B1
:1047C0001D009387190033097941B3876741C207F8
:1047D0004209C1871359094163D327013E891359FF
:1047E000194063532A01528903D70A0183560104F1
:1047F00003D62A01031C0102B387E6402310F1040B
:1048000083572104918F2311F10483574104338787
:10481000E7402312E104850703576104958FC2071F
:10482000118FC1872313E1043ECA330689416353C4
:10483000060001464206854641862C18A808EFF07E
:104840005FB48145A808EFF0FF9313160901814674
:1048500041862AD4A285C818EFF0BFB28145C81896
:10486000EFF05F922AD652454A8BEFA0FFC0AA898B
:1048700063548901130BFCFF03962A01831604007D
:104880005A2093170601031A2104C18363960C660C
:10489000831B2400D297C207C187B38BCB40931CE4
:1048A0000901DA9B2314D1042316E1042315F10432
:1048B0002317F10493DC0C0163DB4B4783972A0138
:1048C000831C6400B38CFC40B38C6C4163C49B01BB
:1048D000938C1B00E697C207C187131A09012315A1
:1048E000F1042317F104135A0A018317610463D2F8
:1048F00097533E20420B135B0B018507DA97231574
:10490000F1047E2002574248FD17B3876741231701
:10491000F10483170400324581462314F104FD1786
:10492000BA972316F1040547A6876E86AC00EFC040
:104930001F96F2470317440042488507BA9732454D
:10494000B387A7412314F1042316E104A687054782
:1049500081466E86AC00EFC09F932255EFF07F89B1
:104960003255EFF01F894E85EFA01F8549616FB06A
:10497000FE88EFF03F8CAA8C814DE31905CA938D18
:10498000EAFFB33DB0015DB1635F300113960901E9
:10499000814641868C00C818EFF0BF9E8145C8183B
:1049A000EFF04FFE2AD28357290002CEFC828947BE
:1049B000639AFA0013951B00EFA01FAC2ACE014D9D
:1049C00063437D138317410403170104031DA104EE
:1049D000938B1700231AF10483572C01B38BEB4000
:1049E000C20BEA972318E104C2071397090193DB6E
:1049F0000B4193961900C1874183B38BDB40231988
:104A0000F1043AD0231BF1048317E10463DBA70F01
:104A100063940A0C63920C0C9307200363DE770BFC
:104A200083570104C20993D90901CE972318F104D1
:104A3000835741040348D90003562900B3873741FF
:104A4000231AF10483172104324505472319F10481
:104A5000CE97231BF1048146D2878C08EFC03F8399
:104A60008316610483176105338736414207418706
:104A70002319E10463C5E70085072319F1040348FE
:104A8000D900035629003245231BD104D28705479C
:104A900081468C08EFC0AFFF835701040348D9005B
:104AA000035629002318F104835741043245054772
:104AB000231AF1048357210481468C088507CE9779
:104AC0002319F10483576104FD17B3873741231B72
:104AD000F104D287EFC0AFFBF247E38A07BA3E8505
:104AE000EFA08FED6DB613160D014186DE854A8568
:104AF000EFF03F90724793171D00050DBA978AA3F8
:104B0000C1B50317210483172C014E97EA970507B7
:104B10006352F70803176104330737417D1763DBDE
:104B2000E70663880D0005476399EA1A528B8544AE
:104B30005DA062464245D2853ED4EFA0BFA0035798
:104B4000810403562C0183550C01E2464245BA9577
:104B50006A964206C2054186C185EFF00FE6094715
:104B6000A257AA846304E5020547528B6385EA06CF
:104B700089476397FA1A0348D900C24672463245FC
:104B8000DA8726878C08EFC01FBDADAA0547130B37
:104B9000F00FE9BF62464245D2853ED4EFA09F9A0E
:104BA0000357810403562C0183550C01E24642450C
:104BB000BA956A964206C2054186C185EFF0EFDFDD
:104BC0000947A257AA84528B6314E500130BF00F18
:104BD0000547639EEA0283556104035721044A8511
:104BE00085053386E740998D4206C2054186C18519
:104BF0003ED4EFF01F80E882A257639C0D0003486B
:104C0000D900C246B082DA8726878C08D9A0E38112
:104C10000DF61307200363537711031721044E97F2
:104C20006358F700031761043307374163C4E70C87
:104C30008317010402570348D900231CF104FD1710
:104C4000BA97231EF10483572105C246B082231D63
:104C5000F1048357610532452687231FF104AC0810
:104C6000DA87EFC0CFE285476397FA02025783578E
:104C700001040348D900B082BA97231CF10483577A
:104C8000410432458146998F231EF1040547D2879E
:104C9000AC08EFC0CFDF8316410402570348D900A8
:104CA00093871600998F231CF10483170C010317B7
:104CB0008104231ED104B38636418506BA979D8EA2
:104CC00063D3060081464246DA872687B296B082D1
:104CD000AC083245EFC0AFDB35A0130720036348B3
:104CE00077018947528B8544E39BFAF069B5528B73
:104CF000854425B78947E380FAE88547E381FAF0E0
:104D0000E39F0CEE83572105050D85072319F10458
:104D1000835761058507C207C187EDB18947E9B7A8
:104D2000E39F0CEC93072003E3CE77FDC9BDD2458A
:104D30004E85EFA0BF8D8357010403D62A0183D58A
:104D40000A01D2465296BE954206C2054186C185E9
:104D50004E85EFF08FC68357A1042A872AD22319E4
:104D6000F1048357E1044248B084231BF104831704
:104D700004003245CE862318F104FD17E697231A66
:104D8000F1048C08A687EFC08FD083172400031787
:104D90006105E2976354F7021E204248B084E6970B
:104DA0002318F1045E2032450547B3879741231A43
:104DB000F1048146A6878C08EFC06FCD83164400AE
:104DC0000317010493871600B38797412318F10452
:104DD00083970A01231AD104B38626418506BA9720
:104DE0009D8E63D30600814642481257B0843245F7
:104DF000A687CE968C08EFC08FC98357A104050AF9
:104E000085072315F1048357E10485072317F1046F
:104E100065B4D2454E85EFA06FFF8357010403D6DA
:104E20002A0183D50A01D2466696BE954206C2057E
:104E30004186C1854E85EFF04FB8831704002A875D
:104E400042482318F104FD17D297231AF10483571F
:104E5000A104B084AA8B2319F1048357E1043245DD
:104E6000CE86231BF1048C08A687EFC04FC28317A0
:104E7000640003176105B387874163D4E7021E20EE
:104E80004248B084D2972318F1045E20324505478A
:104E9000B3874741231AF1048146A6878C08EFC0E7
:104EA0000FBF831644000317010493871600B387CE
:104EB00047412318F10483970A01231AD104B386CA
:104EC00026418506BA979D8E63D3060081464248E7
:104ED000B0843245A6875E87CE968C08EFC02FBB84
:104EE0008357A104850C85072315F1048357E1043A
:104EF00085072317F104D5BAD297C207C1872314B7
:104F0000D1042316E1042315F1042317F1048317B8
:104F10006104E3C447A5D2454E85EFA02FEF835728
:104F2000010403D62A0183D50A01D2465296BE95C2
:104F30004206C2054186C1854E85EFF00FA82A873B
:104F40004248B0843245A687CE86AC00EFC02FB46D
:104F50008357A104050A85072315F1048357E1044B
:104F60008507C207C18755B79307D00F63F4970031
:104F70009304F00FEF40F003EFB09FA93246AA8AE6
:104F8000A285A800EF90FF80E302059E83D70A0167
:104F900083568104035AC10403D62A013387F6409D
:104FA000B307FA40050A2314E1042316F10403575A
:104FB000A1048357E104330ADA40420A135A0A4132
:104FC000118F918F52852315E1042317F104EFA06F
:104FD000AFCA2A8BFD5B635F3001139609018146DE
:104FE0004186A285A808EFF0CFB98145A808EFF067
:104FF0006F99AA8B0356090185462C183386C94040
:1050000042064186C818EFF0CFB78145C818EFF0C7
:105010006F97831709012A8C63D4F9009389F7FFEE
:105020005E208316A10403170400231AF10483D71A
:105030002A012318E1041146B697C207C187231934
:10504000F104231BF10483172901035DE900834C5C
:1050500059016391C7044E97230B0102231AE104FF
:10506000A30B010203476103814709E783477103EB
:1050700093C71700858B2300F10436898317E10459
:1050800063D327056285EFF0CF965E85EFF06F96CC
:105090005A85D9B8230B0102A30B01020947639675
:1050A000E7008547230BF10275BF05476395E700CD
:1050B000A30BF10245BF0D46E396C7FA230BE102AD
:1050C000A30BE10245B78347010485E783476103EA
:1050D0000317210591C783172400CE9763DBE700F0
:1050E00083477103A1C783176400B3873741634FB8
:1050F000F702D2855A85EFA06FD18357810403D67A
:105100002A0183D50A01D2864A96BE954206C20577
:105110004186C1855A85EFF04F8A2A8732456688D5
:10512000A687DA866A868C08EFC06F9683572105BA
:10513000050985072319F104835761058507231B9A
:10514000F1042DBFFD157D16231005002311050068
:105150004EA172A18280EFB2AE892A84AE84EFD0D4
:105160004F9211E5330594401335150031A0854762
:105170002A896305F50001456FB0CE892685EFD0F9
:105180004F90E31A25FFA6852285EFB02E8EE9BF4A
:10519000EFB28E83AE8983D5E1AEBDC903AA81AAE1
:1051A000370600802A8913070A028147090614433B
:1051B00063C4C600FD1614C38507C207C183130765
:1051C0004702E396F5FE939B09018144130B4002CD
:1051D00093DB0B0183D6E1AE63EED40213074A02E0
:1051E0005284854763E4D7065C4099C32285052E27
:1051F000EFB0FF98AA844E86CA852285812C25E5CA
:10520000930540022285EFA0EFB9B70700801CD0BC
:10521000014435A03384640352941E246394FB023A
:105220004C404A85EFF03FF311CD58481C50BA97D7
:105230001307803E6354F7009307803E1CD02285FD
:105240006FA01EFC8504C204C18069B708530C50CE
:105250003A866343B50022868507C207C1831307D8
:105260004702328441B75C4823200402E9FB2685CB
:10527000EFB01F9219C148C8D9B785475CC8C1B7FC
:10528000EFA27EF503AA81AA2A890144930A40026B
:1052900083D7E1AE6364F4006FA03EF7B304540318
:1052A000D294CC40631A0900DC4099EF9305400288
:1052B0002685EFA02FAF29A04A85EFF0DFE96DF535
:1052C000050442044180E9B72685912CC5B7EFA2B9
:1052D0003EF283A781AA41112A8481CB0145EFF0D8
:1052E0003FFA03A581AAEF903FE593054002B3057D
:1052F000B4022E852EC6EF907FDA23A4A1AAB24570
:1053000011E5239701AE41016FA0DEF0239781AE36
:10531000EFA04FA9CDBF01458280EFA27EED2E8583
:10532000AE843284EFC0FFF529E59C40294693F610
:10533000F7011387C6FF1377F70F636AE602184079
:10534000A9833706E0FF93F7F77F1306F63FAA0716
:10535000718FD98F1CC09C40D5831840D607D58F3C
:10536000B70620008116758FD98F1CC005456FA028
:105370007EEA8947631EF5001C403707E0FF1307EC
:10538000F73FF98F93E707401CC0AD468547F1B75B
:105390000145F1BFEFA2DEE5C44D99CC88402E84D3
:1053A00019C1EF907FD9C84019C1EF90FFD8268569
:1053B000EF909FD8232E04006FA0DEE5BC250547A3
:1053C0006381E70499CBDC450947FD8BF11793F71F
:1053D000F70F6361F70205458280DC41984715C3EA
:1053E000DC458946FD8BF11793F7F70F63E4F60070
:1053F00098C9D5B7EFA2DEDFEFF0DFF901456FA066
:105400007EE101458280EFA21EDD2E89AA899145A9
:105410004A85EFA02F991385C1ECEF905F9F2A84F6
:105420008144854A01E426856FA03EDE1C4081CB85
:105430004A86CE8522858297AA84E30655FFA285F7
:105440001385C1ECEF907F9D2A84E9BFEFA2DED7E0
:10545000AE89930500022A84B284EFA0AF944E85F2
:1054600006A4EFC01FE228A485476312F5044E8509
:10547000EF9000790505EF907FC248C001490DC546
:10548000CE85EF90E0761385C1ECEF905F98AA840B
:105490000149930AC400054B91EC382485476315F4
:1054A000F7004840EF905FC94A856FA07ED5232260
:1054B0003401D1BF9C409DCFD8400DCF5686CE85BC
:1054C000268582972A89AA8B63166503DC4004C06F
:1054D000A285268582972A89E30875FD9145568520
:1054E000EFA04F8C232C040023280400232E04005B
:1054F000232A0400A6851385C1ECEF901F92AA848D
:1055000061BF2A8808418328850063880800BA871C
:105510003687B2862E86C285828801458280EFA2B8
:105520003ECD2A84084111CD5C4599C3A28582975E
:10553000382485476317F7004840EF90FFBF2322C8
:1055400004006FA03ECDEFA2BECA1385C1ECEF9060
:105550005F842A8401C5C145EFA0CF8422856FA056
:105560007ECBEFA2FEC8C1451385C1ECEF907F81D1
:10557000EFF07FFD0DC1D5679387A7311CC1D567BB
:105580009387C73B5CC1D567938767311CC5D567D7
:10559000938747395CC56FA0FEC7EFA27EC5AA847A
:1055A0000841EF10802C2A84284519C583478405BB
:1055B000858B99C3EF10D03388402324040423261D
:1055C00004048145EF10D046A165B105EF40B01746
:1055D0006FA05EC4216693F6F50F310681456F20FA
:1055E000607D09E9EFA2DEC0EFB06FB511C168417F
:1055F0006FA05EC268418280EFA29EBFEFB02FB461
:10560000EFF03FFE6FA01EC109E9EFA27EBEEFB032
:105610000FB311C128456FA0FEBF28458280EFA2BD
:105620003EBD2A84EF10602409C560C12285EF10B9
:1056300060356FA03EBEEFA2BEBB2A840841EF10CA
:10564000C022AA84EFF05FFBA8C40840EFF03FFD42
:105650006FA05EBC09E9EFA2BEB9EFB04FAE11C1B9
:1056600028496FA03EBB2849828009E9EFA25EB8B5
:10567000EFB0EFAC11C168496FA0DEB96849828014
:10568000EFA27EB51971AE84B28A368ABA892A89A8
:10569000EF10A01D2A84EFF03FF62A8B68440DCD51
:1056A000630C6503EFF0BFF768448145EF80DFF3DB
:1056B000684401468145EF10C03468448145EF10CD
:1056C0003037A165B105EF40100883478405858B0D
:1056D00081C75A85EF10D02128442326240509C903
:1056E00083478405858B89C7EF1090202324040409
:1056F0000347840593F919008145799B3367370186
:10570000230CE4044A85EF803FEEEFF0FFEE814585
:10571000EF809FED014681454A85EF10802EEFF026
:10572000BFED01468145EF10C02D81454A85EF1040
:105730003030A1699385C900EF40F000EFF0DFEB56
:105740008145EF10F02E9385C900EF40C07F0A8598
:10575000EF809FE5D567938767633EC4D5679387DE
:10576000A759330A404188003EC64AC056D252D497
:10577000EF809FE37C40D6D2D2D4BEC0A54763E180
:105780009702B7B70300938747748A04BE949C407E
:105790008287DD679387A7C43EC202CC02CE02D0C7
:1057A0000A85EF807FE98800EF801FE909616FA01B
:1057B000DEA5DD679387A7C422853EC2EFB08F9830
:1057C0002ACC2ACEE9BFDD679387A7C422853EC2D3
:1057D000EFB04F973305A04042054185D5B7DD674F
:1057E0009387A7C122853EC2EFB0EF97D1BFDD6797
:1057F0009387A7C122853EC2EFB0EF96E1BFDD647B
:105800009384A4C4228526C2EFB0CF932ACC2ACE9B
:10581000228502D0A6C2EFB0EF923305A040420528
:1058200082CC82CE4185AAD0A5BFDD649384A4C476
:10583000228526C2EFB00F913305A0404205418575
:105840002ACC2ACE228502D0A6C2EFB0AF8F82CC5E
:1058500082CED1BFDD649384A4C1228526C2EFB07D
:105860008F902ACC2ACE228502D0A6C2EFB0AF8F6D
:105870006DB7DD649384A4C1228526C2EFB0AF8EDC
:105880003305A040420541852ACC2ACE228502D08C
:10589000A6C2EFB04F8D65BFD5679387475D3EC207
:1058A0009307F00F02CC02CE3ED0DDBD0345850349
:1058B0009377250099C323A801AE058105898280CD
:1058C000EFA21E9301E9014422856FA0BE942285B8
:1058D000EF10A02D2A84EF1010197DD56DF8E5B7D3
:1058E00003474505937727008DCF8347A504719B18
:1058F00023280502819B93E7C7002305F504232A8B
:105900000502232C0502232E05022313050423146C
:1059100005042326050423280504230AE50423A8F7
:1059200001AE82808347E502898B63890714EFA269
:105930009E8A2A8408510111EFF09FF8AA8405C9B4
:10594000EF10F01105E98347E40203A641AFCD450E
:10595000F59B2307F402DC4C268582972285EFF025
:10596000FFF411E50146A5452685EF00106B0561A2
:105970006FA0BE892685EF10100E03A641AF8317D6
:10598000840193064006583A2A893387E640B38754
:10599000E702B3C7D7021EAC8317A401B387E7029F
:1059A000B3C7D7023EAC1C4CF9C30C082685EF10D8
:1059B000E0242685EF1040250E2CAA95C205C1854E
:1059C00026852EC6EF104027322C8D47B2452A96E9
:1059D000420641866317F9062685EF1080022C08DF
:1059E0002685EF10A02103170101831781016305AC
:1059F000F70083178401A5FF031721018317A10175
:105A00006305F7008317A401BDF38347E40203A6EF
:105A100041AF23280400F59B2307F402DC4C232C20
:105A20000400CD45268582972285EFF03FE821F1DD
:105A30000146A5452685EF00505E2285EFF01FE761
:105A40003DB785476316F9002685EF10002041BF5A
:105A500089476317F900B2852685EF10001C41B70E
:105A60009147E31EF9F683174401F5D7F1BF834749
:105A7000E402F59B2307F402DC4C65B78280EFA2B9
:105A80002EF7834785032A8413F7870001CFDD9B18
:105A9000232E05002320050223280502232A0502C0
:105AA000230CF502484C23A8A1AE31C9C145EF1023
:105AB000C07C51CD03A501AF03A641AFB945584DF8
:105AC00002972285EFF09FDE49E18347E402898B4C
:105AD000A1C703A501AF01469D45EF0010542285E3
:105AE000EFF0DFDC3DE103A501AFEFF07FDDAA843D
:105AF00055E5232E040023280402232A04021C5007
:105B0000A9C783478403898BA9E32285EFF09FE12E
:105B10002285EFF0BFD915A883478403858B81CFF9
:105B200003A501AF01469945EF00304F2285EFF004
:105B3000FFD745D119A803A501AF01468D45EF0058
:105B4000D04D2285EFF09FD661DD6FA0AEEC03A5AE
:105B500001AF03A641AFB945584D02972285EFF03A
:105B6000FFD465F5034784038347E40203A501AF2F
:105B7000058B11CB8347E40203A501AF898BB1FBF1
:105B80000146994555B7898BA9F701468D45EF0028
:105B9000D0482285EFF09FD171DD45BFEF10206C1A
:105BA00029D98347E402898BA9D7DC4C89C70146F0
:105BB000C945268582972285EFF05FCF59F50146CA
:105BC000A9452685EF0070452285EFF03FCEE30220
:105BD00005F2A5BF03A541AF8280EFA26EE12E843E
:105BE00029C503474505AA8713672700230AE5044B
:105BF00003A741AF6314A70023A801AE01E823A0C7
:105C0000070423AC070223AE070231A8B84363148C
:105C1000870023A00704985F6314870023AC070262
:105C2000D85FE30287FE6FA0EEDEEFA0FFED65DD3B
:105C30008347450593E72700230AF50483A741AF6F
:105C40006394A70023A801AE01E823200504232CB8
:105C50000502232E050231A83C41639487002320CE
:105C600005041C5D63948700232C05025C5DE382C0
:105C700087FEEFA07FE965BF814501456FF0FFF525
:105C8000AA8709CD1821854601451377D70F6318D8
:105C9000D70003C5A704058105898280014582805C
:105CA000EFA26ED3AA842E89EF20E03B01E50145E7
:105CB0006FA0AED5938944004E85EF904F952A840E
:105CC00019E52685EF10405826841DE1CDB7CA8519
:105CD0002285F93771FDA2854E85EF900F94C5B7E7
:105CE0002285EF10E05511E52285EF00106C2A8423
:105CF00065F8930500042685EF10205819E945F84A
:105D000081452685EF102058137505024DF1268533
:105D100045B775DC69BFEFA22ECB2A848347840385
:105D2000484DA18B23A8A1AE41116399073E83A7DB
:105D300041AF03A9C70029E54A85EFF01F93130A75
:105D40004400D285EFF0DFF523A8A1AE15E14A8526
:105D5000EFF05F90D285EFF0BFF423A8A1AE09E980
:105D60004A85EFF01F88D285EFF09FF323A8A1AEFC
:105D70001C5099CF232C04002285EFF0BFBA09A84C
:105D80008347E402898B89E7C145EF10004F4DD569
:105D90000329C40103A701AF5C40631FE9261E2449
:105DA00052207620031784011D8E3E24954533072B
:105DB000B7029D8E8317A4014206C2064186C186A2
:105DC00012A836A8B387B7020D871AAC8D873EACF0
:105DD0006359073805071AAC63D9073885073EAC05
:105DE0001E2C058685863E963E2C03A501AF12AC7F
:105DF000BE9636AC630405325C4D03A641AFB14597
:105E000082972285EFF09FAA631A053003A501AFA0
:105E100001468545EF0070202285EFF03FA9631F02
:105E2000052E83A741AF83C74705A18B6398072E33
:105E3000484CEFF0FFA82A8921C9EF1040412A8A77
:105E400021C54A85EF1020418347E4022A8B858BC8
:105E5000639A07405E281A2836280546BA977A289A
:105E6000C207C1873697420741875EA87AA86312A6
:105E7000C53013D7F740B98F998F03A741AFC20739
:105E8000C183582B63F7E7328347E40293F7070295
:105E9000E9E70329C4016302090C4A85EF10203D9C
:105EA000631F05548316040103A641AF8315240123
:105EB00013D5F640B3C7A600898F782AC207C183DD
:105EC00063FFE70013D5F540B3C7A500898FC2076C
:105ED000C18363F6E70023150402231604023A3453
:105EE0005E343697AE9742074187C207C187935603
:105EF000F740B345D70013D8F7403AB45EB4958D58
:105F0000683AB3C60701C205B3860641C206C1811D
:105F1000C1826364B5006372D504B327F00063F5F2
:105F2000B600B327E00089070347E4022304F40224
:105F30008327C901136707022307E402D1454A8575
:105F400082972285EFF09F9609E90146AD454A8583
:105F5000EF00B00C2285EFF07F952285EFF01F95C2
:105F6000631E051A8347E402898B6399071A8347E6
:105F70008403858BADE30858EFA09FC103A641AF12
:105F80001E2E63F0A70403A501AFBD455C4D8297AB
:105F90002285EFF0BF916313051803A501AF0146F9
:105FA0009145EF0090072285EFF05F90631805168A
:105FB0008347840393E71700230CF402EFA03FBC50
:105FC00048D88347E402898B639A07148347840384
:105FD000858B638507144858EFA09FBB03A641AF8C
:105FE0003E2E63FDA71203A501AFC1455C4D82970C
:105FF0002285EFF0BF8B6313051203A501AF0146A5
:106000009545EF0090012285EFF05F8A6318051037
:10601000EFA0FFB648D819A21CC4631C090C83A7C3
:1060200001AF5CCC1CD0E38C07D6EFA05FB58347F3
:10603000840308D803A501AFF99B230CF40283471E
:10604000E402231504022316040293F707FC93E7E6
:10605000C7002307F40223280400232A040001496F
:1060600069E1630509004A85EF00F01503A501AF5A
:1060700003A641AFAD455C4D82972285EFF01F83AB
:1060800051ED03A501AF01468145EF00007922855E
:10609000EFF0DF8141E503AA41AF83474A05A18BB9
:1060A000B5EF03A501AFEF2070682A8903A501AF02
:1060B00093050002EF10601C59ED03250A04630CE0
:1060C000A908930ACA0135E50146D9454A85EF007A
:1060D00080765685EFF08FFD3DED0146B5454A854A
:1060E000EF00A0735685EFF06FFC35E523202A05FD
:1060F0009DA08327C90103A641AFB5454A85829774
:106100002285EFF0AFFA19E9014689454A85EF008B
:10611000C0702285EFF08FF9E30305F041016FA015
:106120002E8E5E3993F7070291C32A89EF00F0277C
:1061300005BF0146DD45EF0000705685EFF00FF713
:1061400019E903250A040146B945EF00006D56859B
:10615000EFF0CFF535D92285EFF04FF5E30105C417
:1061600075BFE30B07C67D17BDB1E38B07C6FD17EF
:10617000BDB18D466301D50C9306E5FF93F6F60F8E
:106180006376D60C9146E311D5D093D6F740B58F00
:10619000958F83A641AF1356F740C207CC2AB3466A
:1061A000C700918EC206C183C18263F1F60AE3ED96
:1061B000B7CC8347E40293E717002307F402858BEB
:1061C000E38407CC1C48E38107CC4A85031D090101
:1061D000831C2901EF00701DEF00705A2A8C4A853C
:1061E000EF00B01CEF00B05AAA8B4A85EF00D02117
:1061F000AA8A4A85EF0050248D472A866316FB063B
:1062000063040A028347E4028D9B93E7C7002307D8
:10621000F4025E28D697939A07017E2893DA0A4102
:10622000AA971396070141861E28D697939A0701CD
:1062300093DA0A411DA293D6F740B58F958F83A6B6
:1062400041AFC207C183D42AE3F5D7F69357F7408D
:106250003D8F1D8F83A741AF42074183DC2BE36550
:10626000F7C281BF014AB9BF85476315FB0CC20A5B
:106270001A2893DA0A0163130A0ABA9AC20A93DA4D
:106280000A4183A741AF32C6C847EFA0AFF83246F4
:106290002A8BD6854A85EF00C0768347E40293E7D0
:1062A00027002307F402831709016393A7058317C7
:1062B0002901639F97034A85EF00300FEF00304CB0
:1062C000AA8A4A85EF00700EEF00704C63125C03DF
:1062D0006390AB0283A741AFC847EFA0AFF383A79A
:1062E00041AFB3056541C205C847C181EFA02FF397
:1062F000E30C0AB88327C90103A641AFC5454A8507
:1063000082972285EFF08FDAE31005B80146A145A8
:106310004A8521232285EFF06FD9BDB68347E40279
:10632000231B04008D9B93E747002307F4025E289C
:106330003E97A1B789476318FB0263000A028347AF
:10634000E402231A04008D9B93E787002307F402DD
:106350007E28AA971396070141863E28B297139686
:106360000701418639BF9147E31DFBF063040A042E
:10637000831644010317640193D7F64033C5F60032
:106380001D8D9357F740B345F7009D8D8347E40279
:106390004205C2054181C1818D9B63F4A504D69657
:1063A00093E74700939A06012307F402231B040096
:1063B00093DA0A41831744015A2883166401BD8782
:1063C0003D8F1D8F7E28BD864207B58F958FC207F2
:1063D0004183C18363F2E7021E28D697939A07018F
:1063E00079BD329793E78700131607012307F4025C
:1063F000231A040041867DBFE361F7F659B54A854B
:10640000EF00A07A2A8941BCEF921EDC4045411181
:106410005C4423AA81AE638307142285EFF04FCC3E
:1064200083474405918B639B07128549114B8D4B24
:1064300003A541AF8A85EFA0CFEE03A441AF2A8A1E
:106440002285EFF0EFC91C8723A801AE5CAC6398EE
:1064500037014044EFA0AFF22322A41839A01C203A
:10646000639567018317C100EDF703A441AF1C20BA
:10647000639E3707544483150100031621009E26AE
:106480000EB432B413F7470021E7998B0947639A9A
:10649000E7003C80031721007C81BE22998FFD1705
:1064A0007C80284C11C9585082476307F7000316B7
:1064B000210083150100B12382471305C4011CD0BC
:1064C0005C2C63923703EFF01F851C505CD0ADA8A5
:1064D0009A22898B0D8F7D177880BA22118F7D17B4
:1064E0007881E1D37DB7EFF08FD9C5B7639E77058B
:1064F0003C50B9CB22471309C4010A07BA97839CC1
:106500000700039C27001C87639D37018317440203
:106510006396970183176402638587014A85EFF0CC
:106520000FD64A85EFF08FB805E118872310940342
:106530002311840385474A856315F702EFF0AFFD09
:106540004A85EFF0AFB651D103A541AFEFF04FB997
:10655000E3100AEE23AA01AE23A801AE41016F9019
:106560003ECAEFF0CFD1E9BF930720072A8763EF38
:10657000A7069307300563EBA7029307300363EE8A
:10658000A704D14763EDA7029307F5FFC207C183B4
:10659000C946014563FCF6028280938707F81165BE
:1065A0003E972D053355E500058982801307C5FA0E
:1065B000371500440505FDB741651505E5B7130717
:1065C000B5FE371580781305F580E9BFB7070F00D2
:1065D0009387670F33D5E700C1BF130705FC420758
:1065E0004183C1470145E3F9E7FC8280A1679386B7
:1065F000E70863EAA6029386F707E3E0A6FA9307A3
:10660000F00F0545630CF70063EBE7009307F00715
:106610006306F7001307F7F6133517008280E1775A
:10662000D1173E97D5BF9387070A0545E308F7FEC4
:10663000E177938737F5F5B7EF929EBB13044500DA
:1066400041112285AE843289EF806FFC01E5410162
:106650006F905EBC1E291397040141833629BA97B7
:106660001EA993170901C183BE9636A95629A6858E
:106670004A8636975AA97A292AC6BA977EA96D3FC3
:106680003245AA852285EF804FF9C9B78147214756
:10669000B386F5009022B306F500850790A2E39932
:1066A000E7FE8280EF92DEB483C701B0A5EBEF80F6
:1066B0009F9DEF90DF87EF703FECC145138501ECA4
:1066C000EF802FEC93058018138501EFEF806FEBBF
:1066D00093054006138541EEEF80AFEAB706002030
:1066E000916593874613138846131387461309460B
:1066F000938646139385656913056051EF60AFA6D5
:10670000EF503FF3EF20707EEFF00FD7EFE07FE523
:106710000545EFE0DFBB85472380F1B06F909EAF6A
:1067200082805E3985899E0593F7F7F7CD8F5EB934
:1067300082805E398589F99BCD8F5EB9828089C55B
:106740005E3993E717005EB95E3985898605F59B4A
:10675000CD8F5EB982805E3985898A05ED9BCD8FAC
:106760005EB982805E3985898E05DD9BCD8F5EB9ED
:1067700082805E398589A60593F7F7DFCD8F5EB9F4
:10678000828083476503DD8D230BB50282808347BA
:10679000650393C5F5FFED8F230BF50282800CCDC9
:1067A0008280EF925EA383A7C1AF41113EC65C0019
:1067B00003AB81AF2A8A2E84B28436892EC2230489
:1067C000010023AEF1AE23ACD1AEEFF0AFC009C5EE
:1067D0001C4599C3A685829763050A00A685228574
:1067E000029A83A7C1AF23AC61AF01459C4723AE9A
:1067F000F1AE1C8485E3054511CC5E3893F70704A0
:1068000091CB1C4081CB4A86A6853E8539207D15DB
:106810001335150041016F905E9F19C5B2862E8613
:10682000AA85084D6FF0FFF70545828003A581AF6B
:1068300082804CCD828009C5584D854719C3028797
:1068400085473E8582800CD18280EF927E9A2A8491
:106850004851EF803FBC11C148D06F90BE9B5C4D4A
:1068600001469945231905028287EF92DE961C4165
:10687000AA8489C7A6878440F5FCBE84138501EFEE
:10688000EF80EFD82A8401E522856F901E98930946
:1068900084034E85EF80AFD7AA8519E5A2851385BD
:1068A00001EFEF808FD7F9BFE380B4FE4E85EF8014
:1068B000CFD6DDB7EF923E925A394111418B11C7C5
:1068C0000144228541016F905E94AA842E89AA8793
:1068D0003E849C43F5FF2285EFF03FF9AA89EFE063
:1068E0005FD0631CA404039424039385040128004F
:1068F000EFF0DFD9388493170401C1831D8F7884AA
:1069000038853000CA851D8F788538864A853E9740
:1069100078863887BA977C87EF70BFE72A844DD195
:106920008440C5D013860401CA854A85EF707FE68E
:1069300041D9DE38C18BEDD761B74E85EFE0DFCCB2
:10694000E303A4FA4E85EFE0FFD0E30EA4F84E85F2
:10695000EFE0BFD1E316A4F679B7EF927E8941113B
:106960002A842800EFF09FD22C002285EFF09FF4BC
:1069700019C52285EFF07FEF2C00EF203057410141
:106980006F905E89EF92DE86411103142503AA847D
:10699000930505012800EFF07FCF38849317040199
:1069A000C1831D8F788438852C0026851D8F7885BE
:1069B00038863E9778863887BA977C87EFF0FFF95C
:1069C00041016F903E85EF92BE8204412A84138973
:1069D00044004A85EF80AFC36303A4022685EFF02D
:1069E0007FFA85462286CA854A85EF808FD1DC4CA6
:1069F00022868545268582972685EFF0BFF86F9021
:106A00007E81EF924EFD0329050001112A84630C5B
:106A1000090083570901BE9583572901C205C18525
:106A20003E96420641861E289D8D3E28139A0501FA
:106A3000135A0A011D8E93190601420693D90901C2
:106A400041869394050132C6B3673A01C184A1CF50
:106A50002285EFF03FF3930504012808EFF01FC3F0
:106A60001E283246A685D2971EA83E282285CE979C
:106A70003EA85E283E9A7E28231A4401BE99231B15
:106A80003401EFF07FBB5C4C30088945228582974A
:106A9000630809008327C901228685454A858297B4
:106AA0002285EFF03FEE05616F902EF6EF924EF4E7
:106AB0002A844111B6843A892E8591E108407400F8
:106AC000930504014105EF709FFC1C4030872C8624
:106AD000039727019E2B4A96A6959D8D198EC20578
:106AE0004206C185418622856C867087EFF07FF172
:106AF00041016F902EF2EF92AEEF5E291A294111FB
:106B00008507998FC207C1872A84AE843289639A28
:106B1000F5007E293A298507998FC207C187630747
:106B2000F6042285EFF01FE6930504012800EFF03C
:106B3000FFB53E287D19FD14CA977EA81E28300097
:106B40008945A6975EA85C4C22858297084009C5B6
:106B50005C4D228685458297130944004A85EF8063
:106B60000FABAA8419E52285EFF0DFE141016F90B8
:106B70006EEADC4C30008D4526858297A6854A85D5
:106B8000EF80AFA9F9BF72293E2905061D8E420686
:106B900041866FF05FF65E291A292E868507998F48
:106BA00093950701C1856FF01FF508418280EF9230
:106BB0002EE4110589E5EF808FA56F90AEE5EF809B
:106BC000CFA5E5BFEF92CEE2AA841105EF802FA4F6
:106BD0002A8419E16F900EE42285EFF0BFDA5C4C55
:106BE00001469145228582972285EFF0BFD9228503
:106BF000D13FA2852685EFF09FFBD9BFAE879305D5
:106C000005013E856FF09FA81C410315050189C74A
:106C10009E2B1D8D420541858280EF926EDD4111D4
:106C20002A842EC6EFF05FFE3246AA852285EFF059
:106C30005FDD41016F900EDE1C410315250189C700
:106C4000BE2B1D8D420541858280EF926EDA411187
:106C50002A842EC6EFF05FFEB2452A862285EFF029
:106C60005FDA41016F900EDBEF92EED641112A8977
:106C7000AE845DEDEF90BFCC11E50144228541016A
:106C80006F90AED813058503EF80AF902A8475D539
:106C900093058003EF801F915E3869777D17F98F28
:106CA0005EB8E5679387C7F35CCCE1679387871786
:106CB0001CD0232C0400232804000145EF909FC81A
:106CC0007D154AA80145EF901FCA7D156AA8930556
:106CD000800313054400EF80CF8AB3372001056796
:106CE000130717C0A2075458D98F49777D17F98F1A
:106CF0003967758FD98F13058402232804025CD865
:106D0000232204022AC6EF30400332456396040E64
:106D1000630F090C89452285EF501F928327C90113
:106D2000228685454A8582972285EFF0BFC5B9B78F
:106D30001105EF800F862A8429D193058003EF8007
:106D40007F865E3869777D17F98F5EB8E567938730
:106D5000C7F35CCCE167938787171CD083172901A1
:106D600023202401232C04003EA80145139A070187
:106D700093092003EF905FC1330535031307F00E2D
:106D8000135A0A018547635FA7000145EF90DFBFF3
:106D9000B30735031307000A93870705B3C7E70254
:106DA000C207C183D2977EA88317090101459309C1
:106DB00040061EA8139A0701EF901FBD3305350347
:106DC0001307F00E135A0A018547635FA7000145B8
:106DD000EF909FBBB30735031307000A938707059E
:106DE000B3C7E702C207C183D2975EA8CDB5854578
:106DF0002285EF507F8459B593858402EF3000538C
:106E00009385040113050401EFF05F888397240341
:106E1000E976FD163EB883C704032308F40283C74E
:106E20001403A308F402D85899677D8F5E38F58F54
:106E3000D98F5EB89C4CD858F9761CCC5E38137745
:106E400007089386F63F93F7F7F7D98F5EB8D858BF
:106E5000C207C183058BF99BD98F5EB8D858C2078A
:106E6000C183098BF59BD98F5EB8DC585A38A9834A
:106E70009D8B758FAA07D98F5EB8D858C207C1837A
:106E8000118BED9BD98F5EB8D858C207C183218B77
:106E9000DD9BD98F5EB8D858C207C183418BBD9B9B
:106EA000D98F5EB8D858C207C1831377070293F70A
:106EB000F7FDD98F5EB8D858C207C183137707048E
:106EC00093F7F7FBD98F5EB883C76403230BF402F3
:106ED000D8585E381377071093F7F7EFD98F5EB85D
:106EE000D858C207C1831377072093F7F7DFD98FEC
:106EF0005EB89C4085C3E30309D82685EFF0DFD058
:106F00002AC62685EFF05FD3B2452A862285EFF0A8
:106F10005FAF29B5E31409E095B31C41A5C3EF9217
:106F20008EABAE84B1C92A84EFF0DFA52285EFF0E5
:106F3000BFD0032904002A8A2285EFF0FFCC8546C2
:106F4000AA8922869385440013054900EF707FFBD0
:106F50005286CE85228504C0EFF0BFAA8327C901DF
:106F6000014685454A858297DC4C228685452685E3
:106F700082972285EFF01FA16F902EA982805E2953
:106F80001A2985073385E7404205418582807E299D
:106F90003A2985073385E7404205418582800145CE
:106FA000828081E5130585028280EF926EA44111F3
:106FB0004C843000A14502C6EFF0FF872A87854741
:106FC00001456313F700324541016F90AEA4EF9283
:106FD000AE9FAA89138501ECAE843289368AEF70A0
:106FE0007FE32A84930BF00F19E06F906EA1E30EFC
:106FF00044FFA285138501ECEF70DFE22A8B084085
:10700000631F35036C2063849500639A74035E20CC
:107010006384270163157903EFF0BFF8EF30002A8E
:107020004E20EF20507281452285EF70EFDB1385F3
:1070300001ECA285EF70BFE52285EF80EF8F5A84C7
:1070400065B7EF92EE9A2A8441110146D545EFF0DB
:10705000CFFC930444002685EF707FDB31ED814542
:107060002285EF706FD881461306F00F9305F00F5D
:107070002285EFF0DFF583A7C1AF0547A1E3014506
:10708000EF909FA831E15C4C0146814522858297B3
:10709000084021ED2285EFF04FFDA2851305850301
:1070A000EF70FFDE485019C1EF800F892285EF8015
:1070B000AF8841016F900E96693771BF9443631397
:1070C000D400D8A39C475DBF1C5D638587005C5DD1
:1070D00063978700A2852AC6EFE03FB032453C4166
:1070E000E39087FA2320050461BFA28511054DBFF7
:1070F000EF920E902A84EFF0FF880440228599C811
:10710000EFF03FF4DC4C014685452685829701452A
:107110006F904E90EFF06FF5AA8475D968416306C1
:1071200085002285EFF0FFF1DDB7EFF09FF123A29C
:107130000404F1BFEF92CE8B2A84AE84EFF07FE699
:1071400011C9EF30C01881461306F00FA6852285BD
:10715000EFF0FFE76F900E8CEF92EE8793F915003A
:107160007D7A2A892E848144AE09130AFA7F930A14
:107170000004A6854A85EFF0DFE201CD5C4185047D
:1071800093F4F40FB3F74701B3E737015CC1E3921F
:1071900054FF0588FD79930400042E049389F97F38
:1071A000130AF00FA6854A85EFF0BFDF19C95C41CD
:1071B000850493F4F40FB3F73701C18F5CC1E393F7
:1071C00044FF6F908E84EF920E810041138501EC95
:1071D000EF70FFC337090001AA8581497D1995E544
:1071E000639B09006C200840EFF0BFDBEF30000D1F
:1071F0004E20EF205055A285138501ECEF703FC95A
:107200002285EF707FF36F904E80638D85009841EB
:107210001C406319F700DC415840B98FB3F72701D0
:1072200091E38549138501ECEF703FBFAA8545BF07
:10723000EF821EFCEFF0FFD6EF3080066F809EFDE0
:107240004A391181058982804A39058982804A3903
:10725000058105898280485929811D8982804A39A2
:107260000981058982804A390D81058982804A39E0
:107270002181058982800145828083476503FD8DD8
:107280003335B00082801307F0036365B700034510
:1072900075038280EF82DEF541114C867000A545B2
:1072A000A3060100EFF02FD9888641016F809EF67A
:1072B000EF827EF2135A8600620A4111AA842E8957
:1072C000B2893284054B135A8A4199ECE17793874E
:1072D000F70F7D8C130474FD8547014563EC87022D
:1072E00003D5818D05A80149CA852685EFF07FCB9E
:1072F000AA8ACA852685EFF01FF9131485004E94DB
:10730000420441807000A2855685EF30E01F63166D
:107310006501288641016F805EEFE3590AFAE314A4
:1073200009FC84405DB7EF823EEA135B8600856A04
:10733000620B617AB7BB03004111AA842E89B2891E
:107340003284938A0A80135B8B41130AFA0F938B62
:10735000CB7663820414054C11A00149CA852685A9
:10736000EFF03FC45C41AA8C33F7570105EB13F7EC
:10737000F7030DC793F7074091E733764401CA85B9
:107380002685F122B3774401130710036385E714C0
:107390006342F70661476342F70485EBCA85268599
:1073A000EFF07FEE93158500CE9513940501418093
:1073B0001306E100A2856685EF30400C631E85153B
:1073C0000315E10041016F80BEE3FD175D47E367F0
:1073D000F7FC8A07DE979C438287130700026383CA
:1073E000E70813070003E39BE7FA03A74C00B7077E
:1073F000200079A813070005638DE70E634AF702A2
:1074000013070004638EE70C634FF7001307200394
:10741000638AE70413073003E392E7F803A74C00FD
:10742000B7078000B5A013072004638DE702BDB73E
:1074300021679306170863CFF6021307F707634324
:10744000F708130720076344F70213073005E357D3
:10745000F7F41387C7FAB71700408507B3D7E700DB
:10746000858B8DDF03A74C00B707040015A0130719
:10747000100965BF93062708638BD7089306370862
:10748000E382D7FE1307070A4DB703A74C009167A5
:10749000F98FE38507F0E1779387F70FB375F40071
:1074A000930720021305F00FE38EF5F063ECB706A7
:1074B0008D471545E388F5F0E51593B5150013954F
:1074C000850009B703A74C00B7070020D1B703A771
:1074D0004C00A16775BF03A74C00B70740004DBF24
:1074E00003A74C00B707000165B703A74C008567E9
:1074F00045B703A74C00B707000459BF03A74C00CA
:10750000C16779B703A74C00B707020051B703A7BB
:107510004C00B7070040ADBFE35F0BF6E31F09E285
:10752000844005BD930710033D45E38DF5E89307BF
:10753000000C3145E388F5E8014569B5EF825ECB83
:107540000946EFF05FDE3335A0006F80BECCEF82DE
:107550009EC8AA8432852E89EFF00F81630B052621
:10756000CA852685EFF0FFA35C31216A2A8493F750
:1075700077FD93E787028329450013062A085CB14B
:10758000CA852685EFF03FDA5C401375F50F3707A3
:1075900000C07D1713351500F98F7A05C98F5CC0BF
:1075A0001306EA08CA8526854D2EB7070020938763
:1075B00047137830B307F54093B717009E0793E75A
:1075C00007021377F705D98F93D9B9007CB013065A
:1075D0000A08CA85268593F91900EFF0DFD4630CF9
:1075E000051E5C40370700E07D17F98F5CC013066D
:1075F000C002CA852685AD247820930715F093B77D
:107600001700133515000E0592071D9BC98FD98FE2
:107610007CA013060003CA852685EFF0DFD05C400E
:107620003707E0FF7D1713351500F98F5605C98F11
:107630005CC013061003CA852685EFF0DFCE5840E4
:107640009377F50FC517B706C0FFFD1693B7170060
:10765000758FDA07D98F130630035CC0CA8526857B
:10766000EFF07FCC5C40370780FF7D1713351500A6
:10767000F98F5E05C98F5CC0CA852685EFF01FECC7
:107680005C401345150071777D170589F98F3A0520
:10769000C98F216A5CC01306DA0ACA852685C92209
:1076A0005C40370700F07D1713351500F98F720520
:1076B000C98F5CC013060004CA852685EFF0BFC6DB
:1076C0005C40370700FF7D1713351500F98F620501
:1076D000C98F5CC01306E006CA852685BD2C5C40B8
:1076E000370700FE7D1713351500F98F6605C98F22
:1076F0005CC00546CA852685EFF0FFC25C407D77F9
:107700007D1713351500F98F3205C98F5CC013063C
:107710000005CA852685EFF01FC15C40370700FCD5
:107720007D1713351500F98F6A05C98F5CC01306E4
:10773000F007CA8526851524584093371500B7866B
:10774000FFF7EE07FD16B3E74701758FD98F5CC0D1
:107750001946CA852685EFF01FBD59C55C40617783
:107760007D17F98F5CC05C4041674146D98F5CC092
:10777000CA852685EFF03FBB51CD5C4041777D1730
:10778000F98F5CC05C40370702005546D98F5CC05A
:10779000CA852685EFF03FB94DC15C4001777D1762
:1077A000F98F5CC0B707040093870740AE09B3E9BF
:1077B000F900B7170400938707C0B3F9F9005C40DC
:1077C00037F7FBFF1307F73FF98FB3E9F9002322DF
:1077D00034016F809EA313061A08CA852685EFF030
:1077E0009FB4E31005E021B51146CA852685EFF068
:1077F0009FB32DF51546CA852685EFF0DFB239FD1A
:107800001D46CA852685EFF01FB293070010E317C7
:10781000F5F491BF4546CA852685EFF0DFB031FD0E
:107820004946CA852685EFF01FB021F94D46CA8525
:107830002685EFF05FAF31F1B1B75946CA8526858D
:10784000EFF07FAE39F95D46CA852685EFF0BFAD12
:1078500029F56146CA852685EFF0FFAC1DFD99B775
:10786000EF829E96935B8600056BE20BE17A216CBA
:1078700041112A89AE89328A3284130B0B8093DB43
:107880008B41938AFA0F130DCC006305090A854CCE
:1078900011A08149CE854A85EFF0AFF05C41AA8402
:1078A00033F7670139E713F7F70321C793F7074069
:1078B00099E733765401CE854A85EFF05FC9B377F7
:1078C00054016384A7031307DC0A638AE7041307E0
:1078D000C0026390E702DC40370710007D8F0DCFB8
:1078E0001305F00F41016F80BE91D8408967F98F71
:1078F000B1E3CE854A85EFF01F99131485005294A9
:10790000420441801306F100A2852685EF207048CD
:10791000631B95018887F9B737070800C9BFD840AE
:10792000B7070010E9B763D70B00E39409F6032902
:107930000900A1BFE1779387F70F7D8C9307D006ED
:107940000145E301F4FAA1679387D70AE30CF4F841
:107950009307C002E316F4F871B7EF82FE86935BDB
:107960008600056BE20BE17A216C41112A89AE8910
:10797000328A3284130B0B8093DB8B41938AFA0F8C
:10798000130CEC08630F0904854C11A08149CE85C6
:107990004A85EFF00FE15C41AA8433F7670135EBCC
:1079A00013F7F7033DC793F7074099E73376540180
:1079B000CE854A85EFF0BFB9B37754011307F007BE
:1079C000638CE700638487051307E0066393E7048D
:1079D000D840B707000221A0D840B7070008F98FA8
:1079E0008DCBE1779387F70F7D8C9307E00B630DC9
:1079F000F404A1679387E7086307F4009307E0079F
:107A000001456319F402EF405FCA2DA0DC40E3CAD0
:107A100007FCCE854A85EFF01F871314850052942A
:107A2000420441807000A2852685EF20503F6316F6
:107A30009501324541016F80AEFCE3D40BFAE39728
:107A400009F4032909003DBF1385418BE5B7EF8297
:107A50002EFA00412147462008406C2093F7F4009D
:107A60006361F7022686EFF01F8C0AA46C200840A1
:107A700023120400A2862686EFF06FD546A06F8001
:107A80006EF92D476366F7002686EFF07F82F1BF1F
:107A9000354726866366F700EFF09FDC08A4F9B748
:107AA000EFF0BFEB08C4D9B7EF820EF2856A797B9D
:107AB000B70B00C0370C008041112A898144938A9A
:107AC0000A807D1BFD1B7D1CA6854A85EFF06FCDCE
:107AD0002A8479C95C41A1691386C90013DAB70009
:107AE000B3E757015CC1A6854A85EFF07FD75C40BC
:107AF000130515F0133515003605B3F76701C98F67
:107B00005CC013862908A6854A85EFF0DF815C40BA
:107B10001375F50F133515007A05B3F77701C98F83
:107B20005CC01386E908A6854A85EFF01FE3AA8C9E
:107B3000EF40BFB75C4033059541133515007E0516
:107B4000B3F78701C98F5CC01386D90AA6854A8519
:107B5000EFF01FD1783093371500920793E70702B3
:107B60001377F7FCD98F7CB013860908A6854A8560
:107B7000137A1A00EFF02FFB21C15C40370700E0B9
:107B80007D17F98F5CC05C407D771307F77FF98F15
:107B90002E0A33EA470185042322440193F4F40FAB
:107BA00093070004E392F4F213054900EF702FA647
:107BB00001ED41016F80CEE413861908A6854A8540
:107BC000EFF06FF65DF9C1B72AC6F93D3245AA85D7
:107BD0004A85EFE0DFFDE9BFEF828EE141112A84A3
:107BE000814413090004A6852285EFF08FBB15E1BF
:107BF000930400041309F00FA6852285EFF06FBAF5
:107C00001DE113054400EF708FA005E941016F806D
:107C10006EE05C41850493F4F40F93F7F7BF5CC109
:107C2000E39324FDF1B75C41850493F4F40F93F7DB
:107C3000F7BF5CC1E39224FDE9B72AC6EFF0DFE6A7
:107C40003245AA852285EFE09FF6C1B7EF824EDA72
:107C5000AA8432853284EFE03F9101C52685EFF09A
:107C6000BFF79307000963E6870A9307200763ECD1
:107C700087049307300563E487089307F00363E202
:107C800087069D4763E58706854763F88704268551
:107C9000EFE05FCFDC4C0146914526858297E147B6
:107CA00063EA8708D14763FA870288401DC55C4DA7
:107CB0000146854582972685EFE0DFCC9307F00FDC
:107CC0006305F40871A0B72700201307D4F8938741
:107CD00077A0B3D7E700858BDDFB2685EFE09FCA51
:107CE00085A8B7170F00130704FC8D07DDB79307AE
:107CF00004FFC207C1832147E361F7FE49BF930731
:107D0000C005E306F4F8930704F9C207C1830547E9
:107D1000E5B7A16713871708636B87009387F70799
:107D2000E3E787F69307F00FE319F4FA8DB793872B
:107D3000E708DDBF9307F00F630EF40042042685C9
:107D40004184EFE03FC4635504002685EFE09FE7E0
:107D50006F804ECC884021FD2685EFE0BFC2F5B78D
:107D60001DCAEF82EEC82A84AE843289EFF06FA379
:107D70000DC1CA85EF2020071306F00FA6852285C6
:107D80008146EFF0CFA41306F00FA6852285EFF011
:107D9000FFEB6F802EC88280EF828EC52A84AE846E
:107DA000EFF04FB91306F00FA6852285EFF01FEA1A
:107DB0006F804EC6EF82CEC3411132842E89AA84D1
:107DC00036C6EFF00F9E3246A285EF2060698146ED
:107DD0002286CA852685EFF08F9F61761306F60FFF
:107DE000618ECA852685EFF07FE641016F808EC2E5
:107DF000EF826EBE41112A89AE840144130A001835
:107E000093090004A2852685EFF0AF991DCD584156
:107E100081479375F70313780718AE8663F2B702AC
:107E20003E8763164801138717001377F70F9DE607
:107E3000631F09021306F00FA2852685EFF01FE1EC
:107E400005041374F40FE31F34FB13854400EF6043
:107E50001FFCAA850DE141016F802EBBE37AB7FCC0
:107E600010410A0732971843E314E9FCE1B785078C
:107E700093F7F70F65B74A852EC69D3FB245268515
:107E8000EFE0FFD2F9B7EF82AEB6AA844111014507
:107E9000EF807FB62A8401E541016F80AEB71309F8
:107EA00084034A85EF60BFF6AA8519E12285CDB724
:107EB00026852EC6EFF0DFF3B2454A85EF60FFF569
:107EC000E5B7EF82EEB22A84AE846C210841EFF070
:107ED0004F8DEF20A03E4E20214793F7F500636EB3
:107EE000F70281EC03168400EF20200C52206C2056
:107EF0000840EFF0BFD56F80EEB19307F00F031687
:107F0000C400E383F4FE831784001D8E33069602BB
:107F100021863E9642064186C1BF2D47636CF70815
:107F2000634690001224EF208011C9B79307E00F39
:107F300063D497005224C5BF5C4414441308F00F67
:107F400013D6570013D75600330898401376F6031C
:107F50001377F7033307070313F3F601AD82FD8AA6
:107F6000A16893881808330696023A9613F7F7012A
:107F7000AD8333079702FD8B130606083303030313
:107F8000B38797021A9713070708B3860603B697B5
:107F900033061603938707083307170349821376BE
:107FA000067EB38717035D837D8B598EDD83AE0715
:107FB0005D8E95BF35476366F702634690001024D7
:107FC000EF20201125B79307E00F5024E3CA97FE56
:107FD0001C241D8E330696022186B29713F6F70FE6
:107FE000C5B79307F00763C697001044EF20E0176A
:107FF000F5BD5044E5BFEF82AE9F494681452A84D6
:10800000EFF06FB2AA844D4681452285EFF0AFB103
:108010005E281A288507998F858F3385A7404205EA
:1080200041856F802E9F484D828008518280485143
:108030008280EF82EE9B834705031A294111014696
:108040001D8F78845A29BA977C863A29834715036D
:108050001D8F78857A292800BA977C87EF603F8347
:1080600041016F802E9BEF82AE985639411193F6F5
:10807000060881CE5C4D05472EC458863000A945C0
:108080008297088641016F80EE98EFF09FFADDBF7E
:1080900081479D46139727002A97184311CB8507E0
:1080A000E39AD7FE9D478A073E950CC1054582801D
:1080B00093F7F70FCDBFEF82AE9332840546AA84C3
:1080C0002E89EFF04FA65C240AA0ADC31306C002B0
:1080D000CA852685EFF0CFF848A4894763F8A7043E
:1080E00013069002CA852685EFF08F9C2AA01306FE
:1080F0003002CA852685EFF00FA31375F50F68A02F
:1081000015C51306A002CA852685EFF06F9A4AA00E
:1081100013061002CA852685EFF0EFA00AA4130605
:108120002002CA852685EFF00FA02AA413060003BB
:10813000CA852685EFF02F9F0AA80DCD5C289DCB20
:108140001306C003CA852685EFF08FF148A889473A
:1081500063F2A70213061003CA852685EFF0AF9CD1
:108160001375F50F2AA813069003CA852685EFF02C
:108170002F946AA46F800E8AEF82EE858947597129
:108180002A84AE89B2846314F60C8145EFF00FBBEC
:108190004DED054681452285EFF0EF98AA8A1146FC
:1081A00081452285EFF02F9815462A8A8145228540
:1081B000EFF06F972A89930504016808EFE00FCD6F
:1081C000B88693170A01C1831D8FF88603570102F1
:1081D00056866C08BA97B8872310F10293170901E5
:1081E000C1831D8FF887035721024E85BA9723114B
:1081F000F102EF603F8131C51306C002814522853F
:10820000EFF00FE61309C00F637DA9021306000209
:1082100081452285EFF02F911375F50F1DE11306AF
:10822000200381452285EFF00F901375F50F11E9BA
:108230002166310681452285EFF08FE26373A90044
:108240008544268565616F705EFC8D44DDBF6317D4
:10825000060E6808EFC0AFA51306300381452285DE
:10826000EFF06F8C19C58347210393E717002309AB
:10827000F102700881452285EFF0FFE31146814548
:108280002285EFF04F8A15462A8981452285EFF035
:108290008F89130A0401AA84D2856800EFE00FBF1A
:1082A0003C86131509014181898F7C86BC80CE856F
:1082B00070083E953C87E880139504014181898FC1
:1082C0007C87BC813E95E8816800EFC0AFA3814503
:1082D0002285EFF0AFA631CD7145EF70EF990546DD
:1082E000AA8481452285EFF00F84834721032A86E3
:1082F000858BB1C303470103854763FEE7028317FC
:10830000C102635AF0021E2881464C088507FC8290
:108310003E288507FC835E28FD17FC847E28FD1718
:10832000FC852685EFC0EF859305041C2685EFB0FC
:108330007FE5014501BF8146D285E5B78547E31A50
:10834000F6FE8145EFF08F9F19C51305041CEFB0B1
:108350003FECEF607FE61306300381452285EFE0B6
:108360009FFC61D96808EFC08F9470082285814511
:10837000230401022309010423030104230001064D
:10838000EFF07FD3114681452285EFE0DFF92A899E
:10839000154681452285EFE01FF9AA849305040163
:1083A0004808EFE0AFAEBC82131509014181898F07
:1083B000FC82BC847008CE853E95BC83E88413950E
:1083C00004014181898FFC83BC853E95E88548087E
:1083D000EFC04F93B9BFEF721EE0A16932841386DC
:1083E000C908AA842E89EFF0AFC748A4894763FC67
:1083F000A70613869908CA852685EFE07FEB0AA0B9
:1084000013860908CA852685EFE0FFF10AA81386BE
:108410001908CA852685EFE01FF16AA4138629088A
:10842000CA852685EFE03FF02301A4021386E90800
:10843000CA852685EFF06FD25848C16708C4FD177A
:108440006303F702184C6300F7021386A908CA8574
:108450002685EFE0FFE52AA01386B908CA852685A0
:10846000EFE01FE54AA06F705EDAEF72DED6A16919
:1084700032841386C90A2A89AE84EFF06FBE08A041
:108480000947637CA704930700101EA48357490182
:1084900083560901231104008507958FC207C18700
:1084A000B3C7E702835629011386D90AA6854A85F0
:1084B0005EA0835769018507958FC207C187B3C73F
:1084C000E7027EA0EFF0CFB928A401C91386990A6C
:1084D000A6854A85EFE0DFDD4AA46F701ED3EF72F8
:1084E0003ED1328413060009AA842E89EFE0BFE34F
:1084F0002AA035C11306C009CA852685EFF04FB6FC
:1085000008A4894763F9A70413069009CA8526853C
:10851000EFE01FDA0AA013062009CA852685EFE0DE
:108520009FE04AA001C913063009CA852685EFE0FD
:108530009FDF6AA013064009CA852685EFE0BFDEEB
:108540001C343335A0001317250093F7370F0E05A1
:10855000D98FC98F1CB46F70FECBEF72FEC62E8907
:1085600085453284AA84EFE03FBF9305C00B228586
:10857000EF704F832285EFB09FF3930B44055E8528
:10858000EF907FD6130B24085A85EF90BFB1930A62
:1085900084075685EFA03FA1CA852685EFE07FA01E
:1085A0005C41AA89228613DA870093E707105CC131
:1085B000CA852685EFF03FB05E86CA852685EFF036
:1085C0009FE15A86CA852685EFF03FEA5686CA851E
:1085D0002685EFF0DFF0CA8541462685EFE0BFD45F
:1085E0002319A408CA8545462685EFE0DFD3231A60
:1085F000A408CA854D462685EFE0FFD2231BA408B8
:10860000CA8549462685EFE01FD2231CA408CA85E7
:1086100051462685EFE03FD1231DA408CA85554663
:108620002685EFE05FD0231EA408CA85594626851B
:10863000EFE07FCF231FA408CA855D462685EFE0C3
:108640009FCE2310A40ACA8561462685EFE0BFCDE0
:108650002311A40ACA850D462685EFE0DFCC23123C
:10866000A40ACA8511462685EFE0FFCB2313A40A8E
:10867000CA8515462685EFE01FCB2314A40ACA85B8
:1086800019462685EFE03FCA2315A40ACA851D4670
:108690002685EFE05FC92316A40ACA851306000CDD
:1086A0002685EFE05FC82317A40ACA851306100CBD
:1086B0002685EFE05FC72318A40ACA851306200C9D
:1086C0002685EFE05FC62319A40ACA851306300C7D
:1086D0002685EFE05FC5231AA40ACA851306900C0D
:1086E0002685EFE0FFBC231BA40ACA851306A00C55
:1086F0002685EFE0FFBB2166231CA40A3106CA854C
:108700002685EFF0EF95230DA40ACA852685EFE0B4
:10871000FFE28347B40B058913063003F99BC98F29
:10872000A30DF40ACA852685EFE0FFBF8347B40B8B
:108730003335A0000605F59BC98FA30DF40A8145CA
:108740002685EFE07FA183A74900137A1A00220A49
:1087500093F7F7EFB3E7470123A2F9006F705EAA22
:10876000EF721EA6034B75032571630ABB182A849A
:10877000AE8A8144014993090004A6852285EFE071
:108780005F82630605123010A6852285A30B640361
:10879000EFF0BFDCD011A6852285A30B5403EFF0C8
:1087A000DFDB1306C00BCC112810EF6020427DC91F
:1087B0000317A10B831761176316F7140317C10B77
:1087C000831781176310F7140317A1178317010C80
:1087D000639AE7120317E10B6316F7120317210CD4
:1087E0008317E1176310F7120317410C8317011861
:1087F000631AF7100317610C831721186314F7101D
:10880000831761180317810C631EF70E0317A10C61
:10881000631AF70E0317E10C8317A1186314F70E00
:108820000317010D8317C118631EF70C0317210DE1
:108830008317E1186318F70C0317410D831701190B
:108840006312F70C031721048317E10F631CF70A67
:1088500003174104831701106316F70A265783276D
:1088600041126311F70A0347810783474113631BD2
:10887000F708031701058317C1106315F7080317DD
:10888000A10483176110631FF7060317C104831740
:1088900081106319F7060317E1048317A11063130E
:1088A000F7060549850493F4F40FE39834EDA30B20
:1088B000540363060904E167938727EC3EC8E16728
:1088C0009387E7A43ECADD679387671C81443ECC4B
:1088D000A6852285EFE0EFEC2A8C01CD5C4193F771
:1088E00007209DC3850493F4F40F93070004E391DC
:1088F000F4FE85476315F9002285EFE0AF881D611E
:108900006F70DE8F094965B71306000BA6852285B7
:10891000EFE07FA12AC41306100BA6852285EFE0A5
:108920009FA0AA891306E00BA6852285EFF0EF82AF
:108930002AC21306200BA6852285EFE0DF9E2314B2
:10894000A1021306300BA6852285EFE0DF9D2315DB
:10895000A1021306400BA6852285EFE0DF9C2316BB
:10896000A1021306500BA6852285EFE0DF9B23179B
:10897000A1021306600BA6852285EFE0DF9A23187B
:10898000A1021306700BA6852285EFE0DF99B307DD
:1089900030412319A102930C81023EC683D90C00F9
:1089A000638009166285EF101027A6852285EFE007
:1089B0004FDFAA8BEF10901003AA4B002AC013F7C9
:1089C000F900135ABA00A146137A1A0063E8E614B4
:1089D00003C75B004E86A685599B13679700A38249
:1089E000EB00A30B64032285EFE0FF934E86AA8D74
:1089F000A30B5403A6852285EFE0FF9283A64B00CC
:108A00007D761306F67F93F6F6EF2E0AF18E33EAA3
:108A1000460123A24B012A8D6384AD0E4E86A685A6
:108A2000A30B64032285EFE01F902A86AA8D2A8A71
:108A30000245A30B5403CE85EF102057854763975B
:108A4000F904A167FD176383FD026311FD045E282D
:108A50001A288507998FC207C1870947B3C7E7025C
:108A60008507139D0701135D0D410DA05E28162893
:108A70008507958FC207C1878946B3C7D702938DF3
:108A80001700C20D93DD0D41E30C4DFD138501EC84
:108A9000EF602FB02A8A2DC52314B5012316A50136
:108AA00023208A0023123A0123039A00C811EF50B1
:108AB000BFAFC247D2D382DFBED5D2472320011039
:108AC000D819BED7E247BED99307F00F2322F11081
:108AD000A2472324F110B2472326F1109247938630
:108AE0008700902385070507A30FC7FEE39BD7FEEA
:108AF0008347E111C811F99B230FF110EF50DFB349
:108B0000890C5C18E39C97E989476310F91C1306EC
:108B1000F00FA6852285EFF06F93E9B3AD4663E9C8
:108B2000E60803C75B004E86A685599B136797002E
:108B3000A382EB00A30B64032285EFE06FF7AA8DFD
:108B40004E86A30B5403A6852285EFE06FF603A79C
:108B50004B007D761306F67F1377F7EF2E0A718FA1
:108B6000AA86336A470123A24B01C20D93970601DF
:108B700093DD0D01C183E886E384FDF84E86A6856A
:108B8000A30B64032285EFE0AFF22A86AA8D02458B
:108B9000CE85A30B5403EF10804A138501ECEF60E0
:108BA0004F9F2A8A31DDB4862314B50156A5CDBD69
:108BB000B54663E4E60803C75B004E86A685599B6D
:108BC00013679700A382EB00A30B64032285EFE0F9
:108BD0003FC92ACE4E86A30B5403A6852285EFE01B
:108BE0003FC803A74B007D761306F67F1377F7EF98
:108BF0002E0A718F336A470123A24B01F246AA8DD8
:108C0000E380A6F04E86A685A30B64032285EFE0E1
:108C10003FC52A86AA8B0245CE85A30B5403EF10CD
:108C2000404B138501ECEF60CF962A8AE30A05ECEE
:108C3000230475012306B501A5B5A30B640303C77F
:108C40005B004E86A685599B13679700A382EB00B5
:108C50002285EFE09FD02AD24E86A685A30B54032F
:108C60002285EFE09FCFAAD303A74B00FD76938622
:108C7000F67F1377F7EF2E0A758F336A4701AA8DB7
:108C800023A24B011146CC114810EF503074E30978
:108C900005E64E86A685A30B64032285EFE0FFCB95
:108CA0002A862AD22ACE0245CE85A30B5403EF1082
:108CB000C04B138501ECEF60CF8D2A8AE30205E4F7
:108CC00072462326B50110C5E1BB2285EFE0DFF037
:108CD00011B983477503DD8D6384B7006FF05FA81A
:108CE00082808347750393C5F5FFFD8D6384B700CC
:108CF0006FF01FA78280EF720ECE011113060005E0
:108D00002A84AE84EFE02FE2631E051801491306A2
:108D1000F007A6852285EFE05FC4AA8963080510E5
:108D20001306C007A6852285EFE09FB3894763FF3E
:108D3000A70E13060007A6852285EFE0CFDE2AC620
:108D400013061007A6852285EFE0EFDD2AC413067F
:108D5000E007A6852285EFE05FC02247B246A16703
:108D600001482A86CE85938787C10808EF707F95D2
:108D7000BC8013065007A685FD17FC86BC812285A2
:108D800002CCFD17FC87EFE00FDAAA8A1306300742
:108D9000A6852285EFE02FD92A8A13064007A685EB
:108DA0002285EFE04FD8AA8954081305040113F671
:108DB000FA0F2C08EF50BFCDBC82B884A883D2979D
:108DC000C207C183831604013E9742074E9541872F
:108DD0004205998E418163D32601CA86B085031767
:108DE0002401C2062A9642064186C186118F63532A
:108DF000D7003687B48642074187B6978316440169
:108E0000C207C187958F63D3E700BA87B887C207C7
:108E1000C1873A950317640142054185198D635353
:108E2000F5003E8513190501135909411306000485
:108E3000A6852285EFE02FCFAA8905C91306C004B5
:108E4000A6852285EFE0DFA1894763F0A70213061C
:108E50001004A6852285EFE00FCD4E9563532501C2
:108E60004A8513190501135909411146A685228522
:108E7000EFE06FCBAA891546A6852285EFE0AFCA41
:108E8000AA8763533501CE8713970701418763573C
:108E9000E000CA9713990701135909414A850561F2
:108EA0006F70AEB62A891306C005A6852285EFE04D
:108EB0003F9B8949E3FCA9E413063005A68522857A
:108EC000EFE06FC63349390313061005A68505097F
:108ED0002A992285EFE02FC5AA8913062005A685C9
:108EE0002285EFE04FC41357F540B347E500998F53
:108EF00013D7F940B3C9E900B389E9409396090152
:108F00003E87C2074209C183C1821359090163F335
:108F1000D7004E87B307E900139707013E896353D3
:108F200007000149420913590941D5B319E182806B
:108F300008415E3993F70720E5FF8280DD4763E44F
:108F4000B70AEF72EEAAB7B703009387477D8A0589
:108F5000BE959C412A84328582871C2291E71304A6
:108F6000840240C2054511A823220600E5BFB7B51B
:108F700003009385C57CEFF0AF916F70AEA90345F8
:108F800064031345F5FF0589CDBF81452285EFF0C8
:108F90009FD63E383E87C207C18763D3A7002A8782
:108FA0003AB8C9B72285EFD09F8B6DBFC1452285E6
:108FB000EFF03FD245BFC1452285EFF09FD25DB7AC
:108FC0002285EFF0BFF689452A84EFF09FD09145C6
:108FD000E5B72285EFF09FF59945C5B78145228514
:108FE000EFE04F9541B705458280EF72CE9E41116B
:108FF0002E840146C1052A89EF50DFA009CD5E38D5
:10900000C18B91EB1C500946CA85228582978D47FA
:10901000AA846316F500014541016F700E9F930904
:1090200044004E85EF50BFDEAA8511E585472285B5
:10903000E384F4FECDB74A852EC6453F71FDB245A7
:109040004E85EF509FDDCDB75E39C18BF9E7EF72EA
:109050002E9A7971831425032E892C082A84EFD047
:10906000FFB9B88493970401C1831D8FF884B88534
:109070003008CA851D8FF885B88608083E97F8869F
:10908000B887BA97FC87EF50CFF015CD1C5089C731
:1090900001460C08228582972C082285EFD01FB646
:1090A0003008CA852800EF50CFEE01C913094400EB
:1090B0004A85EF503FD6AA8411E91C5089C705465E
:1090C0000C082285829745616F70CE942C102685FE
:1090D000EFD0DFB2BE380357810230102C001D8F55
:1090E0002314E1020357A10208101D8F2315E1028A
:1090F0000357C1023E972316E1020357E102BA97D4
:109100002317F102EF50EFE801C50C1026852D3F23
:10911000A6854A85EF501FD179BF8280EF72AE8B52
:1091200041112E892A8419E503A541B0EFC06FCB08
:109130002A8411C92285CA85EFF01FF12285EFD05C
:10914000DFA6AA8401E541016F702E8C938944004B
:10915000A2854E85EF501FCD01ED9C5089C7054675
:10916000CA85268582972685EFD03FA42684D1BF65
:10917000CA852AC6EFF05FED3245AA85D9BF81477F
:109180002147B386F5009022B306F500850790A22B
:10919000E399E7FE8280EF72AE8203A541B0797158
:1091A000EF701F8704452A8403A541B0EF707F89C3
:1091B00019ED03A541B0054718CC54419C52858B4D
:1091C00081EF232E040031A85C4D81C7829703A54F
:1091D00041B01C4CF5FBF1BF9C528583858BF5D3C8
:1091E00058CC5C5181C72AC28297124558455DC34D
:1091F0001E259306040136CA93F667006383063A78
:10920000A18B6380073A83A441B0832C8400268518
:10921000EF705F849E2401C513F7870025EF13F7D5
:1092200067001146631EC708035844018358640150
:1092300012282E289307180013871800918F0D8F7E
:10924000C20742074187C187B387E7026685138358
:10925000F7FF8607E6971A87330EE340F917636630
:10926000EE04BE202685FD17C207C183B385B74033
:10927000B38717413EA89E206EA8D245FD17C207AE
:10928000C1833386C740B38707411EA8DC4452A878
:10929000668682971C4099C7584009C71444639753
:1092A000D73018C445616F607EF5835E050003DE2C
:1092B00007007D172390D7012310C501090569BF59
:1092C000898BE9DB03A541B0EF708FF403174401EC
:1092D00003160401035D6401130A170093170601C6
:1092E000420AC183135A0A013309FA403EC2931756
:1092F0000901C1833EC4831724014209135909415E
:109300003EC6856793870740B3D72703835BC100B9
:10931000050D2A8B330D7D41420D135D0D41BE8934
:109320006353FD00EA8993970901C1873EC89E24D3
:109330008945998B6392B706BE2092461387F7FF43
:10934000158FB38747417AA83EA889473347F9026A
:109350003AD013071900B347F7023ECECA876353CA
:1093600009008147C207C18786073ED28D67938770
:1093700007803ED4A247814D014C938AF7FF939713
:109380000A01C18399493ECC63CBAD01E3040CF0E3
:109390006285EF507FE2FDBD32A87AA87DB7C24753
:1093A0003307BD4163D3E7003E870546931A0701A3
:1093B000232CCB0093DA0A4163960D1263442D13DC
:1093C00003DF8400814F0145137F6F00025793171D
:1093D0000501C18763DAE708E247338EA740420EF2
:1093E000135E0E41B3032E038147B1A86247939EDB
:1093F000070193DE0E013307D74142074187B3854A
:10940000F7013386E300B307F9028605E695060601
:1094100083D2050066963307E902F2978607E6973E
:109420002A970607669763163F0383500700239029
:1094300015000E220EA39A231AA223905700850E20
:1094400093970E01C1877247E3C2E7FA0505CA9FE9
:10945000B5BF83D00700239015000E228EA31E23D4
:109460001EA223105700E1BF9E240947998B639DDC
:10947000E704B24722471EA89387FBFFBA975EA86E
:10948000CA8AD69D63C7AD1103270B02058B630201
:10949000071003270B020583058B65CF0547232E95
:1094A000EB00D844628663130C006686D24526859D
:1094B000029703278B016DE3B3872A03C20D93DD67
:1094C0000D418607BE9CC9B59E201247FD17B38784
:1094D0007741C207C18305075EA8BA97B3874741A2
:1094E0001EA879BF63180C0022553AD6EF50DFF85A
:1094F00032572A8C330E59038A24668F1989B30395
:109500005E419E857D1E33867540420641866344DA
:109510005603922493950D014207198A0945C1818A
:109520004183631CA604DE95C205C1810EA8FD150A
:10953000BA954EA8B9B72E86631435013306BE40DE
:10954000814E939F0E0193DF0F4163C62F01925707
:1095500085053E9F4DBF93921E00FA9283D2020072
:10956000931F1600E29F23905F0063153501569606
:10957000850EC1BF33065641E5BF92207D163306E6
:1095800076410D8E4206418252A80506198E12A818
:10959000CDBD232E0B0031B7D84C01DF26850297B5
:1095A00009BF2686930504010297EDB11CC4DDB9FD
:1095B000EF621EC42A8903A541B05971EF704FC5EF
:1095C000AA8403A541B0EF70CFC731CD1386040143
:1095D000CA856800EF50EF9B03A541B0EFC06F80D4
:1095E000AA856800EFF07FA083A741B0AA84AC47AA
:1095F000A1E145E983A741B0FC4FA1EB6808EFA0CA
:109600001FEB83A741B06C00700803D7A7052E8518
:10961000F88783C707062304F102EFA0BFEE9DA8D9
:109620005C4D81C7829703A541B09C4CF5FB79BF87
:109630006800EFF09F9B03A741B0C5E045DD3C47C4
:10964000B1CF6C00EFF09FAD91A86808EF809FA5A7
:1096500083A741B02C0003C70706230EE100E84FA3
:10966000EFB07FDA85476317F502A24601468145D0
:1096700013D75601A98293F6F67FFD1648087D1789
:10968000EF508F8B83A741B074086C00F04F4808EF
:10969000EF805FA683A741B0A84745F583A741B0F7
:1096A000E4436C002685EFF07FA703A541B0EFB03F
:1096B0007FFA6C00EFF09FA603A541B0EFB0FFFA70
:1096C0006C00EFF0BFA503A541B0EF70AFB819E192
:1096D000EFF07FAC65616F60FEB3384779D36C0003
:1096E00011E13A85EFF09FA36DBF8280EF62BEAEBD
:1096F0004111AE842A8409E5EF706FA42A8401C960
:1097000091E88357241893F707C02311F4184101F7
:109710006F60BEAF228502C0EF70CFA27D15688258
:109720002285EF704FA47D1568830A86A6852800E0
:10973000EF502F8669DD1C4881C72C002285829757
:10974000130924068144CA89035524181375F53F6B
:1097500063EDA402FD4763E5A7040E051305250686
:109760002C002295EFF0BFA103572418835724182B
:10977000485805071377F73F93F707C0D98F231190
:10978000F4188D45EF605F9F59B7CA8501462800E0
:10979000EF504FA7210925FD8504C204C1806DB794
:1097A000835724188A854E8593F707C02311F41830
:1097B00055BF03A541B08280EF629EA00111AA842B
:1097C000EF70EFBBDC442AC28145268523A2F1B0AD
:1097D000EF609F9A83A741B0F8436308070E814961
:1097E000054B83A741B003D927181379F93F63E7E5
:1097F000290F4A8723A401B07D19FD56631007186D
:1098000003A541B08357251893F7F73FD5CBEF70E9
:109810006FA425C503A541B05C49A5E3EF704F9F38
:10982000AA84EFF05F979C4CFDFF83A741B003959E
:1098300007000605EF505FC403AA840003AD0400CF
:10984000AA8963144D0103AD440003A541B0014C46
:10985000EF704F8FAA8C931D150083A741B093160C
:109860000C01C18203D727181377F73F63ECE63268
:10987000638509004E85EF503F9403A541B09305E1
:10988000001013052506EF50FFD103A541B0930545
:10989000000213052516EF50FFD003A741B0124573
:1098A0008357271893F707C02311F718EF704FAEAF
:1098B000AA8503A541B01C4D81C703A681B082973C
:1098C000EF50FF93EF701F9339A003D7271813773A
:1098D00007C02391E71805616F605E92CE9783C73A
:1098E000271699C38509F5BD13993900130929066F
:1098F000814403A541B08357251893F7F73FE3F35D
:10990000F4FEB307950083C72716ADE3638099067D
:10991000939A3400938A2A06B30555014A95EF506D
:109920008F8A29C583A541B0280833865501CA9579
:10993000EF407FEF2808EF40FFE32A8C03A541B0FA
:109940004A95EF403FE32A8A03A541B05695EF4080
:109950007FE22A9A637C4C0103AA41B02C083305AC
:109960002A01269AEFF0BF8123016A17850451B7B7
:10997000338727010347271609C77D19E31AD9FE44
:109980000149DC43814A03C70702799B2380E70230
:1099900003C70702759B2380E70283A441B083D7E6
:1099A000241893F7F73FE3DDFAE4B387540183C744
:1099B0002716639B0712DC4063982A0103C707023E
:1099C000136717002380E70203C70702139A3A00C0
:1099D000930C2A06759B2380E7022685B3879401A2
:1099E0003EC0EF702F8739C103A541B0EF704F82A1
:1099F000AA842318050003A541B0EF60BFF47D15CC
:109A0000CAA803A541B023990400EF60DFF583A73E
:109A100041B07D15EAA8D84383470702024593E782
:109A200027002300F702EFF0BFB86DA003A541B0F7
:109A3000D294EF60FFFD83DD640683D72406039A8A
:109A40008406850DB38DFD4083D74406AA89130D86
:109A50001A0003A541B0330DFD40C20D420D93DD48
:109A60000D41135D0D41EF601FF06341AA0803A58E
:109A700041B0EF605FEF130AF5FF420A135A0A4143
:109A800083A7C900B3DDB7036353BD01EA8D83A784
:109A900041B09C4BB5C3139D0D0102CC231E0100A8
:109AA000135D0D4103A541B0EA8B7D1D1C49420D9C
:109AB000135D0D41231FA1012C0882970317E101BB
:109AC000BC850507B307F740C207C18763D3FD0212
:109AD000E34AA0FD03A541B06695EF40BFC983A747
:109AE00081B0AA9723A4F1B0850A45BD039A8406E4
:109AF00041BFBA8DE35070FF139C0D01839744065C
:109B0000135C0C01814B9305FCFF52883387B7012E
:109B10007D176354EA02E30F7AFB8396240603A7BA
:109B200041B02398D9008396640658432399F900DD
:109B3000239AD900239B4901C5B503972406139D99
:109B40000701135D0D012398E9000397640623992B
:109B5000F900B307BD00C207239AE900C1873E8719
:109B60006353FA004287931B0701239BE90093DBB1
:109B70000B4163CB470183A741B0D843834707021A
:109B800093E727002300F7020245231701012EC4A3
:109B9000EFF01FA2B307AC01C2070358E100A245D2
:109BA000C187ADB7338787010347271619C3050C53
:109BB0006DB113173C00BA97839A470683D46706A2
:109BC0000397270633895C038504998CC204C184FA
:109BD00086043A991307CC000609931B370083A724
:109BE00041B0DE9783978700E3C357FDB3052D018E
:109BF00026864E85EF506FE5850A33052A012686B5
:109C0000CE85C20AEF506FE46E9993DA0A41C1BF64
:109C10005C41930600182A8713F607186315D600CF
:109C2000850593F5F50F93F7F703014599C763F69B
:109C3000F5001C438A05AE97884382809377F50030
:109C40002D4711456378F700354719456364F700E0
:109C50000D4582808280EF62AED92A840841AE84AD
:109C6000EF504FFBAA8799C0014599C31CC0054519
:109C70006F604EDA81473387F50014233307F50010
:109C8000850714A3E319F6FE8280EF626ED64111B8
:109C9000AA9509461305E100EFF0DFFD2887410191
:109CA00021816F602ED749C5EF620ED2032A0500CD
:109CB00041117D5563080A0493D4850093FAF40793
:109CC00093FBF50F01497D547D5B130CF00F93CA94
:109CD000FAFF0946B3052A011305E100EFF09FF9E9
:109CE0008349E10063948901228529A8639D3B0390
:109CF000CA855285EFF07FF9B3C7A40093F7F70741
:109D000089E74A8541016F60AECF9377F50733F756
:109D1000FA0011EB6359FB00139B070113140901AF
:109D2000135B0B4141844E85EFF05FF12A9955B7E3
:109D30007D55828091456F50FF86A1456F509F866B
:109D40005C4193F7F703D9CFEF628ECA2A842E893C
:109D500013F7F70F814613F6F60F6364E6006F60A2
:109D60006ECB08401396260085062A961042E3140F
:109D700026FF8546639BD700EF500FBC5C20232055
:109D8000040093F707F85CA0D9BF1305F7FF0A0595
:109D9000EF50CFB0AA8461D554400840014793F6F4
:109DA000F60381471376F70F636FD600EF50CFB8F5
:109DB0005C4004C01387F7031377F70393F707FC9E
:109DC000D98F5CC069BF131627002A961042630919
:109DD0002601938517008A07A69790C393F7F50F7E
:109DE0000507C9B7828059CDEF62EEBEAA892E8AD7
:109DF000EFF01FF583A5490093F5F503ADED11458F
:109E0000EF50CFA92A8935C503A4490093547400A3
:109E100093770404858891C385041374F40333078E
:109E200094401377F70F9147636594008547998FA6
:109E30008A070146636494001316270093152400D3
:109E400013152400F115BE953E958A04CA954A95CE
:109E5000CA94EF604EBE23A0440183A749000504C5
:109E60001374F40393F707FCC18F23A2F90023A016
:109E700029016F608EB903A5090085058A05EF5099
:109E80006FD949B78280EF62AEB64C4193F70504B3
:109E900089CB9D818589EFF0BFD72A8422856F60A9
:109EA0006EB7AA841145EF506F9F2A8465D9EFF0F1
:109EB0007FE8A2852685EFF01FF3DC4093E70704D7
:109EC000DCC0E9BFEF62CEB22A840841EF50CFA6D2
:109ED0002285EFF03FE66F60EEB31DCDEF624EB12D
:109EE00004414111014595C001441309F00F1305C8
:109EF000E1000946B3858400EFF0DFD708876319D6
:109F00002501130524004205418141016F608EB097
:109F1000EFF0DFD22A94E1BF01458280EF624EADBF
:109F20004111AA842E852E84EFF03FFB2AC609C971
:109F3000EF50CF9688C009C532460C40EF50EFB0C5
:109F400041016F602EADEF620EA9AA84AE89EFF0D9
:109F50009FD5634A0504AA852A848840EFF0FFD282
:109F600093D78900A98F93F7F70701459DE32685CD
:109F7000EFF0BFF62A8913F5F90FEFF03FCC137518
:109F8000F50FB305A9406368B4002685EFF0BFCC98
:109F900005456F608EA79C40A2973387A7001823C2
:109FA000050498A3CDB70145EDB7EF62CEA201112C
:109FB000AA842E846C877086EFF0FFCE634805027A
:109FC00083A90400AA852A894E85EFF01FCC218041
:109FD000218D1375F50719E91305290009466C0051
:109FE0004E95EFF03FC905616F602EA29307F00F09
:109FF0002685FC87EFF07FEE11E10945130445004B
:10A0000042044180A2852685EFF0FFC469DD8840C7
:10A010009307A4FF09463E959305E100EFF09FC525
:10A0200088409307C4FF09466C003E95EFF09FC43B
:10A030008840791409469305E10122955DB7EF62E6
:10A040008E990111AA842E8470866C87EFF0BFC5AB
:10A050006348050283A90400AA852A894E85EFF08A
:10A06000DFC22180218D1375F50719E91305290039
:10A0700009466C004E95EFF0FFBF05616F60EE98EA
:10A080009307F00F2685FC87EFF03FE511E10945C6
:10A090001304450042044180A2852685EFF0BFBB32
:10A0A00069DD88409307A4FF09463E959305E100CA
:10A0B000EFF05FBC88409307C4FF09466C003E95F3
:10A0C000EFF05FBB8840791409469305E1012295C2
:10A0D0005DB7EF624E900111AA842E846C87D08602
:10A0E000EFF07FBC6349050283A90400AA852A8991
:10A0F0004E85EFF09FB92180218D1375F50701ED95
:10A100001305290005469305D1004E95EFF09FB643
:10A1100005616F608E8F9307F00F2685FC87EFF047
:10A12000DFDB11E109451304350042044180A285BB
:10A130002685EFF05FB269DD88409307B4FF0946DA
:10A140003E959305E100EFF0FFB288409307D4FFFE
:10A1500005469305D1003E95EFF0DFB188407914B4
:10A1600009469305E101229555B7EF62CE860111AC
:10A17000AA842E8432C46C87EFF0FFB263480502D4
:10A1800083A90400AA852A894E85EFF01FB021809B
:10A19000218D1375F50719E91305290011462C00C7
:10A1A0004E95EFF03FAD05616F602E869307F00F7F
:10A1B0002685FC87EFF07FD211E109451304650085
:10A1C00042044180A2852685EFF0FFA869DD884022
:10A1D000930784FF09463E959305E100EFF09FA9A0
:10A1E00088409307A4FF11462C003E95EFF09FA8EE
:10A1F0008840791409469305E10122955DB7EF5235
:10A200003EFFAA843289EFF01FAA634305028C4007
:10A21000930725002A84BE9509464A85EFF09FA53D
:10A220008840A285EFF07FA61375F5076F509EFE5C
:10A230007D55EDBFEF52DEFBAA843289EFF0BFA659
:10A24000634305028C40930725002A84BE9505468A
:10A250004A85EFF03FA28840A285EFF01FA3137557
:10A26000F5076F503EFB7D55EDBFEF527EF8AA8497
:10A270003289EFF05FA3634305028C40930725000A
:10A280002A84BE9511464A85EFF0DF9E8840A2855C
:10A29000EFF0BF9F1375F5076F50DEF77D55EDBFEB
:10A2A0005C4113F7070409CB93F70708184199C3DA
:10A2B0004843828008438280014582805C4193F755
:10A2C000070881C71C41884382800145828031CDC7
:10A2D000EF521EF25C412A8493F7070491CBEFF012
:10A2E0003FFCAA8411C5EFF0FFBD2685EF40DFE4F7
:10A2F0005C4093F7070899CB2285EFF03FFCAA84D6
:10A3000011C5EFF03FBC2685EF401FE35C4093F79B
:10A31000F70381C70840EF403FE25E20232004009E
:10A3200093F707E05EA06F50FEEE8280EF525EEC86
:10A330002E84AA84EFF0BFF929C41C40B9C35C4045
:10A3400013F7070813F5F70393F70704B9EB05CFE5
:10A350007D150A05EF409FD488C005C550400C40CC
:10A360001376F6037D160A069105EF401FEE58405E
:10A370001307F703DC401377F70393F707FCD98F34
:10A38000DCC06F503EE90A05EF405FD188C075D947
:10A3900050400C401376F6030A06EF401FEB58407E
:10A3A000D1BF39C779150A05EF405FCF88C005C511
:10A3B00050400C401376F60379160A06A105EF40CB
:10A3C000DFE858401307E703DC401377F70393F700
:10A3D00007FCD98FDCC02685EFF0FFAAAA8455D1EF
:10A3E0002285EFF05FAAAA852685EFF03FB351BF23
:10A3F0007D150A05EF409FCA88C071DD50400C40B2
:10A400001376F6037D160A069105EF401FE45840C7
:10A410001307F70355BFEF52BEDD5C4193F7070802
:10A4200099C7EFF0BFE92A8422856F50BEDEAA8467
:10A430001145EF40BFC62A8465D9EFF0BF8FA285D2
:10A440002685EFF05F9ADC4093E70708DCC093F7BE
:10A450000704F9DB9C409843D443D8C394C3E9B7BD
:10A46000EF521ED941112EC632C4EFF0DFA12246B1
:10A47000B245EFF01FC641016F50DED941C5EF5222
:10A480009ED51C412A8941110145A9C7AE89328A4E
:10A4900093DA85002317010081447D548327490006
:10A4A00093F7F70363C8F4001345F4FF42054181B5
:10A4B0003D810DA093F5F40F4A85EFF06FF513067B
:10A4C000E100CE85EFF0BFD36399AA003C87054534
:10A4D0002310FA0041016F505ED38327490013F720
:10A4E000070819C76346050081E493F70710F9DFF1
:10A4F0006356A4003C872A842310FA008504C20412
:10A50000C18469BF0145828059C1EF52DECC1C4134
:10A510002A8941110145A1C7AE89328A93DA8500A3
:10A520002316010081447D548327490093F7F703E4
:10A5300063C8F4001345F4FF420541813D8105A045
:10A5400093F5F40F4A85EFF0AFEC7000CE85EFF095
:10A550001FCB6399AA003C8605452310FA004101F0
:10A560006F50BECA8327490013F7070819C763460F
:10A57000050081E493F70710F9DF6356A4003C86D9
:10A580002A842310FA008504C204C18471BF0145E6
:10A59000828041C5EF523EC41C412A8941110145C8
:10A5A000A9C7AE89328A93DA8500A30701008144E6
:10A5B0007D548327490093F7F70363C8F4001345DC
:10A5C000F4FF420541813D810DA093F5F40F4A85CA
:10A5D000EFF00FE41306F100CE85EFF0BFC56399ED
:10A5E000AA009C8705452300FA0041016F50FEC177
:10A5F0008327490013F7070819C76346050081E45C
:10A6000093F70710F9DF6356A4009C872A84230080
:10A61000FA008504C204C18469BF0145828049C132
:10A62000EF527EBB1C412A8941110145B1C3AE895D
:10A63000328A93DA850081447D548327490093F759
:10A64000F70363C8F4001345F4FF420541813D81DF
:10A6500005A093F5F40F4A85EFF08FDB7000CE85EF
:10A66000EFF0BFC06399AA00B24705452320FA0066
:10A6700041016F509EB98327490013F7070819C796
:10A680006346050081E493F70710F9DF6356A400E1
:10A69000B2472A842320FA008504C204C18471BF12
:10A6A000014582801303F00F216E86068148330333
:10A6B000E340130E1E08639316018280B38E1501CA
:10A6C0003308160103D50E00035F0800890893576D
:10A6D000550013585F0093F7F7031378F803330816
:10A6E0006802937FFF01135FBF00B387E702C29741
:10A6F0001378F5013308E8022D8193870708B38F9B
:10A700006F023305E5027E9813080808330F6F02C5
:10A710007A95B387C703130505083308C803C983AF
:10A7200093F7077E3305C503135878011378F801B2
:10A73000B3E707015D812E05C98F2390FE00A5BFF9
:10A7400083972600839866003305F6020606060501
:10A75000AA9563D3F8008280039506000393460010
:10A760006355A300B2958507EDB7131815002E9811
:10A770002310E8000505EDB7EF52FEA5039925006B
:10A780002A8A2E84B2848317640063D727015285F6
:10A79000EF60AFA56F507EA783190400931A0901DB
:10A7A00093DA0A018317440063D437010509E1BF36
:10A7B000922013950901D6854181EF60DE958904C9
:10A7C0008509CDB7EF52DEA237A400208566B79584
:10A7D00000203971938606C80146938505C7130585
:10A7E0000457EF60EF856800EF606F81B707F000F6
:10A7F000938707143EC6834741011304045768003A
:10A80000C59B230AF100E967938787773ECCE96708
:10A810009387476A3EDAE9679387077422C83EDC6C
:10A82000EF604F8421616F50FE9EB7070020938731
:10A83000C702038547010147635C0500AA2B9E2BD5
:10A8400013070014098F2397E1B02396F1B0054751
:10A8500083D7E1B0F8A501459EA183D7C1B0BEA1C1
:10A860008280EF52FE980111EF709EAF4800EF60BA
:10A87000CFA085475C82ED679387A78248003EC4DE
:10A88000EF602FA223A8A1B005616F50BE9883A7E7
:10A89000C18137177A0013070720B3D7E70293F770
:10A8A000F70F238BF1B01307803EB387E702239A9B
:10A8B000F1B08280B7F700E0D8438146799BD8C3D6
:10A8C00003C761B13306A70290CBD4CB984313677B
:10A8D000070198C398431367170298C3D843058BA1
:10A8E00075DF9843799B98C38280B7F700E0D8431F
:10A8F0008146799BD8C303D741B13306A70290CBD9
:10A90000D4CB98431367070198C398431367170282
:10A9100098C3D843058B75DF9843799B98C3828091
:10A92000EF527E8B37490140AE893284814413094E
:10A93000098063C5840022856F503E8D9305000415
:10A940004A85EF90EE837DD9B38799008385070010
:10A950004A858504C205C181EF908E81D9BF01115E
:10A9600022CC26CA4AC84EC62E89AA8906CE81287C
:10A97000AA842E844E86CA864E85CA85EF20F03C76
:10A9800015E5014681464E85CA85EF105068635F24
:10A990000500EF40402393071002014681461CC189
:10A9A000B6853285EF10E07FAA842E84F240A2851E
:10A9B00062444249B2492685D24405618280011130
:10A9C000B706F07F22CC26CA06CE4AC84EC652C46D
:10A9D0005AC25EC0B3F8B600AA842E84639AD80225
:10A9E0002A86AE86EF10706E2A86AE862685A285F0
:10A9F000EF10A00CAA842E84F240A2856244424942
:10AA0000B249224A124B824B2685D244056182808C
:10AA1000AE872A876342B002939615008582C98E5D
:10AA2000E1DE81468DC52A86AE86EF20A03E2A86CD
:10AA3000AE86EF1000777DBF93D645419DEA014673
:10AA40003705100009A89357B700AD165607E5DF84
:10AA5000FDB786070506B3F5A700E5DD9305F6FF0C
:10AA60008D8E93050002918DB355B700CD8F3317AE
:10AA7000C700138616C0B70610009385F6FFED8F4A
:10AA8000DD8E9377160091C79357F7018606BE9621
:10AA900006079357F701860613541640B697060724
:10AAA000D946014A0146B70520003305B60063C602
:10AAB000A7003386A500898F2E9A1355F7018607C4
:10AAC000FD16AA9706078581EDF2014913080002D9
:10AAD00037050080B305D500634EF600631CF6020F
:10AAE000636AB702B306B50063D4050063DB0600F2
:10AAF000814739A8B306B500B28863D6050063C4A0
:10AB0000060093081600918F46866373B700FD1701
:10AB10000D8F2A999355F70186077D18AE97060782
:10AB20000581E31908FAD98FA1C793848184938999
:10AB300001848840CC4003A6090083A6490003ABEA
:10AB4000040083AB4400EF20E02C2A86AE865A85B1
:10AB5000DE85EF10D04B634DA0008840CC4003A6AB
:10AB6000090083A64900FD576317F902050A014948
:10AB7000B707E03F93551A4013771A00BE959357D5
:10AB8000190001C737070080D98F13164401BE840E
:10AB90003304B60095B503AB040083AB4400EF006B
:10ABA000D0712A86AE865A85DE85EF1050466358EE
:10ABB0000500F9576313F900050A090955BF930702
:10ABC000190013F9E7FF6DB7011106CE2EC60DCDA2
:10ABD0001841AA8705C358417D5511CB8546631B93
:10ABE000D70098472300070023A207000545F2403D
:10ABF000056182809847B24614A39847050798C715
:10AC0000D8437D17D8C3DDB705466C00EFF05FD1A0
:10AC1000F1BF797122D426D24ECE52CC56CA06D676
:10AC20004AD05AC82A8AAE8A3284814493090002E3
:10AC300063440602B3879A00838707009DE363D6C7
:10AC4000840263D2E402198C93F726009309000270
:10AC500081C719E393090003858A014985EA22899E
:10AC600031A88504C1BF058CC5B70144F1BFCE85AD
:10AC700052853AC6EFF05FF532477D19E34920FF70
:10AC800022896353040001493304244163CBE40265
:10AC9000CA84B3872441D69783850700A1E122891E
:10ACA0006343200563530400014433059400B2500C
:10ACB000225492540259F249624AD24A424B4561A7
:10ACC0008280B3049740268B9305000352857D1B39
:10ACD000EFF09FEFE31A0BFE26995DBF5285EFF070
:10ACE000BFEE85047DB7CE855285EFF0FFED7D196F
:10ACF00045BF5D71A6C252DC86C6A2C4CAC04EDE84
:10AD000056DABA843E8A9DE1930700030147D28652
:10AD100026862C08FC84EFF0DFEFB64026449644EC
:10AD20000649F259625AD25A616182802A89368470
:10AD3000C68A91CAA94701446317F60063D5050086
:10AD4000B305B0400544A30701029307F102A546ED
:10AD5000130568FC33F7C50263D3E6002A9713078F
:10AD60000703A38FE7FE9389F7FF33D7C50263FB81
:10AD7000C50409CCB9C813772A0021CB9305D002AA
:10AD80004A8542C6EFF05FE43248FD1493774A00EB
:10AD90008DC393071006930500034A85631FF802CD
:10ADA000EFF09FE2930580074A85EFF0FFE1090489
:10ADB000F9145687D2862686CE854A85EFF07FE540
:10ADC0002295A1BFBA85CE8771B71307D002A38F92
:10ADD000E9FE01449389E7FF55BFEFF0FFDE9305DD
:10ADE0008005D9B71D71CAC8CEC6D6C2DAC03A89A5
:10ADF00086CEA2CCA6CAD2C45EDE62DC66DA6AD88F
:10AE00006ED633E7C500BE89AA8A428B8347010606
:10AE100031E38DCF8D679387D7027C8423050100B2
:10AE20000147DA864E862C005685EFF09FDEF6400D
:10AE30006644D6444649B649264A964A064BF25BD2
:10AE4000625CD25C425DB25D256182809307000343
:10AE50007C84F9B7368AAE84328463000902A9473C
:10AE60000149639CF600635A0600B304B040B3374F
:10AE700090003304C0401D8C0549A30F0100130D41
:10AE8000F101935DFA41A54C138C68FC5286EE8665
:10AE90002685A285EF00700963D3AC006295130587
:10AEA0000503A30FADFE5286EE862685A285930B81
:10AEB000FDFFC9296366B401639A8D0263F84403F8
:10AEC000630D09006388090293772B0085C79305FA
:10AED000D0025685EFF05FCFFD190147DA864E8626
:10AEE000DE855685EFF0FFD24A9591B7AA842E846D
:10AEF0005E8D69BF9307D002A38FFBFE0149930BC0
:10AF0000EDFFE1BF5D71A6C2CAC0AA842E892E855D
:10AF1000B28586C63ACE42CCA2C44EDE52DCB2899D
:10AF2000368A56DA5AD8BE8A5ED662D466D2468C43
:10AF30006AD0EF20E0782A8BAE8B01468146CE8521
:10AF40004A85EF10D00C724762487D81BA872AC0CB
:10AF50000547E288D286DA855E862685EFF09FE88F
:10AF60002A8D9305E0022685EFF01FC6050D814767
:10AF7000854C0144294763CE57075A85DE85EF206B
:10AF8000E07F2A86AE864A85CE85EF10B0682A8992
:10AF9000AE896685A285EF20607E2A86AE864A85C8
:10AFA000CE85EF109012EF20A07113D6F541318DB0
:10AFB000B347B600B305C5403335B5003386C74047
:10AFC00002C0E288D687D286098E094826850547C1
:10AFD000EFF05FE1B64026446A9596440649F2597F
:10AFE000625AD25A425BB25B225C925C025D616142
:10AFF0008280B3068702850733349703B30C970327
:10B00000369495BF5D715AD837CB0300A2C4A6C24F
:10B01000CAC04EDE52DC56DA5ED662D486C666D22E
:10B02000AA892E893284014A8144930B5002930AE3
:10B03000B002294C130B4B83830509008DE5638611
:10B04000090081454E85EFF03FB8B640264426857D
:10B0500006499644F259625AD25A425BB25B225C6C
:10B06000925C61618280638875014E85EFF0DFB587
:10B0700085040509D1B783071900930C1900639A59
:10B080007701930550024E85EFF01FB48504668961
:10B09000CDB7D5D76387570563C8FA0013073002C9
:10B0A0006384E704814705A01307D002638AE700A1
:10B0B00013070003E398E7FE930C2900894721A0BA
:10B0C000930C2900854703870C006303570563C170
:10B0D000EA0293063002630BD70266890145A54553
:10B0E00035A8930C29007DBF930C29009147E1BF3F
:10B0F0009306D0026309D70093060003E31FD7FC31
:10B1000093E7270031A0850C8547C1BF93E747002F
:10B11000850CE1B73305850305093695030709005A
:10B12000930607FD13F6F60FE3F6C5FE1306E002DD
:10B130009946631EC7000509814625460307090095
:10B14000130707FD9375F70F6375B602368A030779
:10B1500009001306A0066309C70A6341E602130645
:10B16000C0046303C70A130680066308C7080146C4
:10B170001DA8B38686030509BA96C9B7130640070A
:10B180006304C7081306A0076300C7089305C00639
:10B190000146631AB700830519000D466394E50064
:10B1A0000509114605090307090093050006130860
:10B1B000100663C4E500130810049305700663C20B
:10B1C000E506930550066359B7169305700463CFDF
:10B1D000E502130650046351C71693063004E31AC0
:10B1E000D7E81840930C4400A30E0100230EE100A1
:10B1F000BE8601472A866C0871A0830519000146A6
:10B20000E393E5FA090945B7050995B793063006B2
:10B21000E309D7FC63CEE606930680056303D702F5
:10B2200089BD930630076306D70463CDE602930613
:10B23000F006630BD70C9306000793E74700E31A69
:10B24000D7E21147631BE60A1D04137784FF0C4302
:10B25000504313048700C28802C03E880147AA8772
:10B26000C146B9A0930650076303D706930680072B
:10B2700075B71840930C4400DA8511C3BA8552871C
:10B28000BE862A864E85EFF0DF98AA946684D5B3F1
:10B2900011476314E6021D04137784FF0C435043E7
:10B2A00013048700C28802C03E880547AA87A946C2
:10B2B0004E85EFF03FB3AA946DBB0C40D2881104C9
:10B2C0002A87854629464E85EFF0BFA2EDB7114784
:10B2D000631FE6001D04137784FF0C4350431304DF
:10B2E0008700C28802C03E880147AA87C9B70C40C0
:10B2F000D28811042A878146F1B70C40D288110404
:10B300002A8781464146C1B711476310E6021D04F2
:10B31000137784FF0C43504313048700C28802C094
:10B320003E880147AA87A14661B70C40D288110424
:10B330002A878146214641BF1D04137684FF1304EA
:10B3400086000C4250423307D540C2887D173E88A4
:10B350004E85B687A946EFF0FFBAB1BF397132D436
:10B360003EDA2AC63010FD57480006CE36D63AD807
:10B3700042DC46DE02C23EC432C0EFF0BFC8F2403B
:10B38000216182803288AA882E87DDEA63F1C510A8
:10B39000C167636DF618B7070001B337F600B3074E
:10B3A000F040E19BE1073353F600970602009386D5
:10B3B000A6579A96942213030002B697B306F34059
:10B3C000630BF3003397D500B357F5003318D6005D
:10B3D0005D8FB318D500135608013355C702931675
:10B3E0000801C18293D708013377C702B385A6024B
:10B3F0004207D98F63FAB700C2971307F5FF63E4DA
:10B40000070163EDB7303A858D8F33D7C702C20885
:10B4100093D80801B3F7C702B386E602C207B3E8C0
:10B42000F80063FBD800C2989307F7FF63E50801B3
:10B43000791763E3D8003E874205598D81458280A4
:10B4400063F5D500814501458280C16763E7F61841
:10B45000B7070001B3B7F600B307F040E19BE1077F
:10B4600033D8F600170702001307074C429718233A
:10B47000930800023E973388E8406394E81863E13C
:10B48000B6283335C50013451500814582804DC669
:10B49000C167637FF62413370610134717000E07A2
:10B4A000B356E6009707020093870748B6979C2398
:10B4B00093060002BA97B38EF640639EF608B387F0
:10B4C000C5409356060142064182854533D5D702D1
:10B4D00013D70801B3F7D7023303C502C207D98FC8
:10B4E00063FA6700C2971307F5FF63E4070163E49B
:10B4F00067223A85B387674033D7D702C20893D80B
:10B500000801B3F7D7023306C702C207B3E8F80051
:10B5100063FBC800C2989307F7FF63E5080179173A
:10B5200063E3C8003E874205598D82809337061039
:10B5300093C717008E0785BD814697070200938742
:10B54000A73EB6979C23014793060002BA97B38E95
:10B55000F640E386F6F63318D60133D3F50093565A
:10B560000801335ED30213160801B395D501418259
:10B57000B357F500CD8F13D70701B318D501337337
:10B58000D302B305C603420333676700637BB7008A
:10B5900042971305FEFF636C0717637AB716791E8F
:10B5A00042970D8F3355D702C207C1833377D70235
:10B5B0003303A6024207D98F63FB6700C2971307C4
:10B5C000F5FF63E2071563F067147915C2979315C9
:10B5D0000E01B3876740C98DD5BD93B7061093C7D9
:10B5E00017008E0733D8F600170702001307C7337A
:10B5F00042971823930800023E973388E840E3807F
:10B60000E8E8335EE600B3960601336EDE00B3D899
:10B61000E500935E0E01B3D7D80313130E01B39563
:10B620000501135303013357E5004D8F935607016E
:10B6300033160601B3F8D803B305F302C208B3E624
:10B64000160163FBB600F2969388F7FF63E3C60D1D
:10B6500063F1B60CF917F2968D8EB3D5D603420777
:10B660004183B3F6D603B308B302C206558F637B9A
:10B67000170172979386F5FF6369C7096377170906
:10B68000F9157297C207C16ECD8F9386FEFFB3F591
:10B69000D70013D30701F18E4182338ED5023307D1
:10B6A0001741B306D30293580E01B385C502B69570
:10B6B000C6953303C30263F3D500769393D6050191
:10B6C0009A966363D7026305D7003E8581458280E1
:10B6D000C166FD1633F7D5004207337EDE00331511
:10B6E00005017297E373E5FE1385F7FF81458280BC
:10B6F000B70700016377F6029356060141475DB331
:10B700008145054582803A85D9B5B685A5BF2A8E83
:10B7100049BDC68791B77915C297E9BB7915C2971C
:10B72000E5B1935686016147B5BB3288AA882E835E
:10B730002E87D5E663F1C510C1676363F618B707B6
:10B740000001B337F600B307F040E19BE107335344
:10B75000F600970602009386261D9A9694221303FC
:10B760000002B697B306F340630BF3003397D5009E
:10B77000B357F5003318D6005D8FB318D500935535
:10B7800008013356B702131308011353030193D76B
:10B7900008013377B702330666024207D98F63F791
:10B7A000C700C29763E4070163E3C730918F33D7C3
:10B7B000B702139508014181B3F7B7023307670257
:10B7C000C2075D8D6378E50042956365050163738B
:10B7D000E5004295198D3355D5008145828063F38C
:10B7E000D5008280C16763EAF616B7070001B3B7D8
:10B7F000F600B307F040E19BE10733D8F6001707E6
:10B8000002001307671242971823130E00023E9797
:10B810003308EE406317EE1663E4B600636AC500B2
:10B82000B308C540B386D540333315013383664032
:10B8300046859A85828059CAC167637EF62413378C
:10B840000610134717000E07B356E60097070200CD
:10B850009387870DB6979C2313030002BA97B3060C
:10B86000F3406314F3083387C540135306014206BF
:10B870004182B355670293D7080133776702B385D6
:10B88000C5024207D98F63F8B700C29763E5070185
:10B8900063F3B700C2978D8F33D76702C20893D87E
:10B8A0000801B3F767023307C7021395070133E5B1
:10B8B000A800E36BE5F0198D3355D50081458280F2
:10B8C0009337061093C717008E0751B58146970727
:10B8D000020093876705B6979C2301471303000274
:10B8E000BA97B306F340E300F3F83318D60033DE1B
:10B8F000F50013530801B35E6E0213160801B395E9
:10B90000D5003357F50041824D8F93570701B31887
:10B91000D500337E6E02B385CE02420EB3E7C70177
:10B9200063F8B700C29763E5070163F3B700C297F6
:10B930008D8FB3D5670242074183B3F76702B385A2
:10B94000C502C2075D8F6378B70042976365070140
:10B950006373B70042970D8F29BF93B7061093C743
:10B9600017008E0733D8F600170702001307C7FB2E
:10B9700042971823130E00023E973308EE40E30D62
:10B98000EEE8B3960601B358E600B3E8D80033DE1C
:10B99000E50013DF0801B357EE03939E080193DE21
:10B9A0000E01B356E50033130501B3950501D58D9E
:10B9B00093D6050133160601337EEE033385FE026E
:10B9C000420EB3E6C60163FBA600C696138EF7FFD0
:10B9D00063ED160D63FBA60CF917C696898E33D559
:10B9E000E603C205C181B3F6E603B38EAE02C2061A
:10B9F000D58D63FBD501C6959306F5FF63E5150B61
:10BA000063F3D50B7915C69593960701C162C98E6C
:10BA10001385F2FF33FEA600935F0601C182718D8C
:10BA2000330FAE02B385D5413385A60293570F017C
:10BA3000330EFE032A9EF297B386F60363F3A70044
:10BA40009696C16EFD1E33F5D70113DE0701420540
:10BA5000337FDF01B307DE007A9563E5F50263818A
:10BA6000F5023305A3403333A3009D8DB3856540B4
:10BA70003397E50033550501598DB3D50501828013
:10BA8000E371A3FE3306C5403335C500AA98B387DA
:10BA900017413285F9B7B7070001637CF60093566A
:10BAA0000601414765B3368585B7F28705BFC29762
:10BAB000F5B993568601614751BBB70710000111D4
:10BAC000FD1733F8B70093D84601F58F22CC13D475
:10BAD0004501139737000E084AC84EC69357D60142
:10BAE0009359D50113D9F5011374F47F93F8F87FB6
:10BAF00006CE26CAFD82B3E90901D98F9315350018
:10BB000013183600330714416304D918635EE0103C
:10BB1000638808209306F07F6306D452930680035F
:10BB2000854463C9E602B7068000D58FFD4663C72A
:10BB3000E64293060002998EB394D7003356E8008C
:10BB4000B316D800D18CB336D00033D7E700D58CEC
:10BB5000B389E940B3849540B3B79500B389F94000
:10BB6000B707800033F7F90063080724FD17B3F91E
:10BB7000F9006386092A4E85EF20707E130785FF42
:10BB800093060002B387E640B3D7F400B399E90007
:10BB9000B3E73701B394E40063458732018F0507AB
:10BBA000998E3396D400B3D9E4003336C00033669F
:10BBB0003601B396D700B3E4C600B3D9E700014419
:10BBC00093F7740081CF93F7F40011476388E7007F
:10BBD00093874400B3B49700A699BE84B70780004A
:10BBE000B3F7F9006387072805049307F07F630024
:10BBF000F41CB70780FFFD17B3F7F9001397D701BF
:10BC00008D80A607458FB1831374F47F52047E099B
:10BC10005D8C33642401F240A2856244D2444249DF
:10BC2000B2493A8505618280630F071033878840E7
:10BC30006318043033E5B900630E05261305F7FFDA
:10BC4000630E05481303F07F630A674213078003FE
:10BC500085446346A7022A877D466340E64413066F
:10BC60000002198EB394C90033D5E5003396C500A0
:10BC7000C98C3336C00033D7E900D18C998FB30417
:10BC8000984033389800B389074146843689C9BD46
:10BC90006359E01263900810B3E60701638F062032
:10BCA0001306F7FF630506369306F07F630ED7444D
:10BCB0001307800385466346C7023287FD4663CB80
:10BCC000E63813060002198EB396C7003355E80014
:10BCD0003316C800C98E3336C00033D7E700D18E83
:10BCE000BA99B387B600B3B6D700BE84B699B70782
:10BCF0008000B3F7F900E9C305049307F07F6308F8
:10BD0000F40AB70780FFFD17B3F7F90013D7140043
:10BD10008588458F9394F701D98C93D917004DB539
:10BD2000B3E60701638B06189306F7FF63810630BD
:10BD30001306F07F630FC714130780038544E34B9A
:10BD4000D7E03687E5B3130714001377E77F631551
:10BD5000071CB3E8B90033E707016310042A638BBB
:10BD60000838630C073AB384054133B7950033862E
:10BD7000F940198E37078000718F63010740B305C2
:10BD8000B840B38737413338B800AE84B389074130
:10BD900036893DB59306F07F630DD40E13068003FC
:10BDA0008546E340E6F4B7068000D58F01BF130453
:10BDB000F07F8147014799BD13F77400E31507E051
:10BDC00089AA6307071033878840630D041A930616
:10BDD000F07F638DD82A1306800385466349E60207
:10BDE000B7068000B3E9D900FD4663C6E636130600
:10BDF0000002198EB396C90033D5E5003396C5000D
:10BE0000C98E3336C00033D7E900D18EBA97369841
:10BE1000B336D800C284B389F6004684C9BD2685EE
:10BE2000EF20F05313078501FD46E3DBE6D49307CB
:10BE300085FFB397F40063498716B30487401387DF
:10BE4000140063DBE634851493060002B3D4970034
:10BE5000630BD700930600043387E640B397E700EF
:10BE6000B337F000DD8C13F774000144E31D07D4F1
:10BE70004DA093D734001397D9019306F07F5D8FBF
:10BE800093D73900630FD400B207B1831374F47FE2
:10BE9000B5BB0E059397D901135735005D8F93D726
:10BEA00039005D8F09D701491304F07FB7070800F7
:10BEB0000147A9BBC285BE89368993D735003A842C
:10BEC0005DBFB70980FFFD19198CB3F93701CDB9F2
:10BED0009306140013F7E67F6DE333E7B9006311AF
:10BEE000041E630A072433E70701630D07242E9815
:10BEF000CE97B335B800B389B7003707800033F762
:10BF0000E900C28419C7B70780FFFD17B3F9F9002C
:10BF10000544A685228755B7B384054133B79500FC
:10BF20003386F940198E37078000718F45EF33E76C
:10BF3000C400B289E31F07C2014901448147F9B136
:10BF40001305F07F638CA812130680038544E34831
:10BF5000E6D237068000B3E9C900FDB9930607FEB3
:10BF600013060002B3D6D700630AC7001306000405
:10BF70003307E640B397E7003368F800B3340001B5
:10BF8000D58CC9BEB3E6B9006382061A1305F7FF64
:10BF90003DCD9306F07F630BD70E130780038546D4
:10BFA000E347A7E62A8789B5B70680FFFD16F58F18
:10BFB000198C1397D7018D83C1BD1307F07FE388D8
:10BFC000E6DE33870501CE97B335B700AE9705831C
:10BFD0009394F701D98C1D8B93D917003684E31401
:10BFE00007BE05BFB305B840B38737413338B80043
:10BFF000AE84B38907413689ADBE639C08126315D0
:10C00000071801491304F07FB707080001B12E9803
:10C01000CE97B335B800B389B700B7078000B3F740
:10C02000F900C2840544E38907D80944D9B93388A3
:10C030000541B387F940B3B50501C284B389B74060
:10C04000054439BE0E050D811397D901498F93D749
:10C05000390081BD130607FE9306000233D6C700E0
:10C06000630AD700930600043387E640B397E700DE
:10C070003368F800B3360001D18EA5B10E061397D0
:10C08000D7010D82518F8D83368921BD0E061397FE
:10C09000D7010D82518F8D8329B5130607FE130535
:10C0A000000233D6C9006309A70013050004330753
:10C0B000E5403397E900D98DB334B000D18CC1B6D7
:10C0C00071D733E80701E31008DE0E059397D90115
:10C0D0000D813367F50093D73900E1B3B305B8405C
:10C0E000B38737413338B800AE84B3890741368906
:10C0F0000544BDB4E30207E40E061397D7010D8291
:10C10000518F8D83368949B3931735008D831397EB
:10C11000D9015D8F93D7390069B3931735008D83AB
:10C120001397D9015D8F93D73900B9BBC285BE89FA
:10C1300069B341DF8DBB0E061397D7010D82518F76
:10C140008D8399B30E059397D9010D813367F5005F
:10C1500093D7390015BB130607FE9306000233D6AA
:10C16000C9006309D700930600043387E64033977C
:10C17000E900D98DB336B000D18E51B933E7C40090
:10C18000B289E31807D84DBB0E061397D7010D826D
:10C19000518F8D83368931B393060002998E014603
:10C1A00039B4797193D7450122D426D24AD056CAE0
:10C1B0005EC69394C50006D64ECE52CC5AC862C411
:10C1C00093F7F77F2A84B28B3689B18093DAF50131
:10C1D000638C07101307F07F6387E7148E04135BEB
:10C1E000D501336B9B0037078000336BEB00131ACC
:10C1F0003500938917C08144014C935749011314AA
:10C20000C90093F7F77F31801359F901D5C313079C
:10C21000F07F6384E7080E0413D7DB01418F938717
:10C2200017C037048000598C93983B00B389F940BC
:10C2300001463D47B3C62A016368971817F7010006
:10C24000130707608A04BA949C40BA9782871D8FAF
:10C2500013068003635CE640814701460147B25004
:10C260002254D207D18FFE06D58F92540259F2493B
:10C27000624AD24A424BB24B224C3A85BE85456156
:10C2800082809307F07F01460147D1BF8146930723
:10C29000F07F370608000147D9B7B3687401938966
:10C2A00019806399081093E424000144094651B7AA
:10C2B000B3687401638B080E630604362285EF2091
:10C2C000100AAA87930655FF7547938887FF158F35
:10C2D0003314140133D7EB00598CB3981B01CE975C
:10C2E0009389373F0146B1B733EBA40063090B0CC8
:10C2F000638B04302685EF2090062A87930655FF2E
:10C30000F547130A87FF958FB3944401B357F400A0
:10C3100033EB9700331A44019307D0C0B389E74049
:10C320008144014CD9BD33EBA40063190B06014ACB
:10C33000A1449309F07F094CC9B5328C8947630247
:10C34000FC3E8D47E304FCF48547CA86E306FCF017
:10C350009387F93F6350F02213F778006319073A87
:10C3600037070001618F19C7B70700FFFD177D8CE4
:10C37000938709401307E07FE345F7F093D838002F
:10C380001317D4011316940033671701318293F702
:10C39000F77FF1B556895A84D2884DB7268B2A8A01
:10C3A000B1449309F07F0D4C89BD93E4140001441E
:10C3B000054641B593E43400DE880D469DBD014A33
:10C3C00091448149054C15BD6365642363018B224B
:10C3D0005283FD19DA87014A1317840013550701A8
:10C3E00033D4A70213D68801598E131806011358A7
:10C3F00008019395880013570301B3F7A702B30808
:10C400008802C207D98F63F81701B2971307F4FFA8
:10C4100063F9C7243A84B3871741B3D8A702131727
:10C4200003014183B3F7A702B30F1803C2075D8F5F
:10C430006378F70132979387F8FF637FC720BE8840
:10C440004204C162336414011383F2FFB3786400C1
:10C45000935E040113DE050133F36500330F13030C
:10C460003307F741B3081E0393570F01B38F6E02D2
:10C47000FE98C697B38ECE0363F3F701969EC16F05
:10C48000FD1F93D80701B3F7F701C207337FFF0100
:10C49000F698FA97636B171363071713B307FA40FD
:10C4A00033071741333AFA00330747416303E62461
:10C4B000B358A70293DE07013377A702330F18039F
:10C4C000420733E7EE00637BE7013297938EF8FF74
:10C4D0006367C7246375E725F91832973307E74187
:10C4E000B35EA702C207C1833377A7023308D8031C
:10C4F0004207D98F63FB0701B2971387FEFF63EEF4
:10C50000C72063FC0721F91EB297C208B3E8D8011F
:10C510001395080113DF08014181B30E6502B3874B
:10C5200007413305AE0213D70E0133036F021A958C
:10C530002A97330EEE036374670041652A9E4168B3
:10C540007D1813550701337707014207B3FE0E012B
:10C550007295769763F7A70EB2971383F8FF3E881C
:10C5600063E7C71663E5A71C638EA71C9A8893E848
:10C570001800F9BB0547E39C07CC9387E941339644
:10C58000F8003336C000B317F400D18FB3D8E800F9
:10C59000B3E8F80093F778003354E40081CF93F7C1
:10C5A000F80011476388E70093874800B3B8170184
:10C5B0004694BE88B7058000E18D85470146014756
:10C5C000E39F05C8D5A8E37BFAECB30EBA0033BFEE
:10C5D0004E01B30FCF007E97768A930FF4FF6377F7
:10C5E000E60663601711638CE80E7E8445BDE36147
:10C5F0001ADF13571A001313FB0193571B00336301
:10C60000E3007E0AD1BBEF20805593065501F14728
:10C6100013070502E3D6D7CE930785FF331BF4003B
:10C62000014ADDB95E85EF208053930655017147BD
:10C6300093070502E35AD7C8611581483394AB00CC
:10C6400079B9E396A7F2E30507D039B7E31FE6F817
:10C65000E3090FF87E8499B5E373F7DFF918329791
:10C66000C5B3E3F917DB7914B29775B37D46E3568A
:10C67000E6F005561D8E930700023356C40063088A
:10C68000F7009387E943B317F400B3E8F800B33831
:10C690001001B3E8C80013F7780001461DC393F7F3
:10C6A000F800114701446389E70093874800B3B855
:10C6B000170133341001BE88131694001317D401E8
:10C6C000318293D8380033E7E800814749BE9A8821
:10C6D000E31FA8E8E30EB7C693E8180095B9E3F6A0
:10C6E000FEF0AE9E33BFBE00329F7914768A7A97F1
:10C6F00075B3130720C09387F93FFD58E3CCE9E6F3
:10C7000013874800B33817014694BA8891B913F7D4
:10C71000F8001146E306C7C4E5B7BA8EFDB3F68844
:10C7200075BBCA869307F07F014601470DBE139380
:10C7300015003338B30032983E98F9189A85E30B08
:10C74000A8F835B5E3E5E5FE9A88E317B7F809B12F
:10C7500013D84501B7071000FD1793D84601137889
:10C76000F87F130EF07F33F3B7002A87AA8EFD817E
:10C77000328FF58F93F8F87F13D5F601630CC80359
:10C78000638DC801631508043367E300639E0802E4
:10C790005D8E25C235EB1DC582805D8E25E6631654
:10C7A00008003363E300E30803FE639BA50099C917
:10C7B0002E8582803363E30063160304638E0803CF
:10C7C0000545F9D97D5582806DF379F5E5BFE3899B
:10C7D00008FEE397A5FEE3C508FFE34A18FDE3E181
:10C7E00067FEE316F3FCE36DDFFD0145E3E1EEFDDB
:10C7F0008280014571F78280D18F89E7E392A5FCA1
:10C800000145828079558280E38BA5FC55BF13D802
:10C810004501B7071000FD1793D846011378F87F3C
:10C820001303F07F33FEB7002A87AA8EFD81328F73
:10C83000F58F93F8F87F13D5F601630D6802638DC9
:10C840006800631308043367EE00639308065D8E87
:10C850003DC22DEB11CD82805D8E0DE66316080082
:10C86000336EEE00E3080EFE6381A5040545E5D5B1
:10C870007D558280336EEE0063160E00E39808FF4C
:10C88000D18F8DCF09458280E38208FEE390A5FE1B
:10C89000E3CE08FD634B1801E3EAC7FD6317FE0012
:10C8A000E366DFFD0145E3F8EEFBF9D12E858280DA
:10C8B00045FF55F175BF014555FB8280E398A5FA08
:10C8C00001458280E38AA5FC55B7397193D74501AC
:10C8D00022DC26DA4ED662CC9394C50006DE4AD816
:10C8E00052D456D25AD05ECE93F7F77F2A84328C38
:10C8F000B18093D9F501638607161308F07F638230
:10C90000071B8E049355D501C58DB7048000CD8CCF
:10C91000131A3500938B17C0014B814A93D74601F8
:10C920001398C60093F7F77FE28E1354C80013D90B
:10C93000F601F5C71308F07F638E070793163400DE
:10C94000938717C09355DC01D58D338E7701B706D9
:10C950008000A94733E4D500931E3C000145130332
:10C960001E0063C6671933C82901C286094663479A
:10C9700066079308FBFF854563EB151B630DC51226
:10C9800085473688631FF506814781460147F25087
:10C990006254D207D58F7E08B3E70701D2544259BB
:10C9A000B259225A925A025BF24B624C3A85BE85CA
:10C9B0002161828033678401138EFB7F6309071036
:10C9C000056733C8290113070780136B3B0029460D
:10C9D000C2863383EB00634366430D450546331639
:10C9E00066011377065305C389476386FA0C8D47A2
:10C9F0006388FA12568585472684D28E3688E305E9
:10CA0000F5F81A8E79A493770624C5EF1376860875
:10CA1000630F0610CA86A284768AAA8AF1B7B36722
:10CA20008401FDC3630B04322285EF2040132A8E5C
:10CA3000130755FFF547930E8EFF998FB316D40158
:10CA4000B357FC0033E4D700B31EDC01338ECB4177
:10CA5000130EDEC0A947014513031E00E3D567F19D
:10CA600079A033EAA400630C0A0836C66388042C54
:10CA70002685EF20C00EB2462A87130655FFF547DC
:10CA8000130A87FF918FB3944401B357F400DD8CF0
:10CA9000331A44019307D0C0B38BE740014B814A5E
:10CAA000B5BD33EAA40063160A048144214B930BFD
:10CAB000F07F894AA5B536889307F07F8146014704
:10CAC000F9B501489307F07FB7060800C9B5856737
:10CAD00093870780136B2B00A9463383FB0063D237
:10CAE000662B814EB9470945AD466387D730CE8660
:10CAF000E5BD2A8A314B930BF07F8D4A05B5814401
:10CB0000114B814B854A19BD5E8E136B1B00A947E3
:10CB10000144814E054513031E00E3D667E5C1BFFE
:10CB200001489307F07FB706080001478DB5C1653E
:10CB30001387F5FF93570A0193D80E01337AEA0061
:10CB4000B3FEEE003307DA033386D703135507012C
:10CB5000B3864803B2963695338F17036373C500C7
:10CB60002E9FC1631386F3FFB375C500B376C4006F
:10CB7000718F935F0401C205B302DA02BA95418155
:10CB80003387D70213D60201338A4F033A9A52965B
:10CB9000B387F7036373E6009E9741691304F9FFB7
:10CBA0003377860093D30401B3F28200E18C42070D
:10CBB00033849E02169741823E963A95B38298023C
:10CBC00093570401B38ED303F6929697B3887802F5
:10CBD00063F3D701CA984169930EF9FFB3F2D70105
:10CBE000B37ED401C202C183C69733849602B38850
:10CBF000D201B386D30293520401B3849F02B69448
:10CC0000A692B38E7F0263F3D200CA9EC16FFD1F4E
:10CC1000B3F6F2013374F401C2067A95A296369601
:10CC20003337E5003297AA98BA9733B5A8003E95F6
:10CC3000B336D6003336C700D18E33B7E70013D6EC
:10CC40000201B337F5005D8FB29636977697939EC3
:10CC50009800935775012607B3EEBE003364F700C2
:10CC6000B33ED00193D77801B3EEFE00B7070001C1
:10CC70002605E18FB3EEAE0089CF93D71E0093FE59
:10CC80001E001317F401B3E7D701B3EEE7000580E8
:10CC90001A8E9307FE3F635AF00413F77E0001CF0C
:10CCA00013F7FE0091466308D70013874E00B33E8A
:10CCB000D7017694BA8E37070001618F19C7B7077D
:10CCC00000FFFD177D8C93070E401307E07F63453F
:10CCD000F70A93DE3E001317D401931694003367CE
:10CCE000D701B18293F7F77F5DB10547D5E3130E06
:10CCF000EE413396CE013336C000331EC401B3DE9D
:10CD0000EE003366C6013366D60193777600B355DD
:10CD1000E40081CF9377F60011476388E70093071B
:10CD2000460033B6C700B2953E86370580006D8D4C
:10CD3000854781460147E31C05C475A0EF103062AA
:10CD400013065501F147B24613070502E3D9C7D2CE
:10CD50006115014AB314A40035BB6285EF10306041
:10CD600013075501F147130E0502E3D5E7CC611512
:10CD7000814E3314AC00D9B99307F07F8146014747
:10CD800039B133C82901C2860144814E0945F9BE33
:10CD90001D8F93068003E3C9E6BEFD46E3D9E6F4A2
:10CDA0008556B387F64093060002B357F400630834
:10CDB000D700130EEE43331EC401B3EECE0133365B
:10CDC000D0015D8E1377760081461DC39377F60000
:10CDD000114781456389E7009307460033B6C700D2
:10CDE000B335C0003E86939695001397D501B18266
:10CDF0000D82518F814761BE3A8429B93D4763173F
:10CE0000EB000148B7060800014751B62287AD473D
:10CE10000D45D9B9B7071000FD170111B3F8B700D8
:10CE200013D84601F58F8E081397370022CC26CAF7
:10CE300013D445014AC89357D6011359D50106CEDC
:10CE40004EC61378F87F1303F07F93D4F50133694E
:10CE500019011374F47F93183500FD82D98F93154F
:10CE600036006302681C93C61600330704416382D0
:10CE7000D4126357E0686304081E630C645293067F
:10CE80008003854963CBE602B7068000D58FFD4657
:10CE900063C3E63E93060002998EB399D70033D65A
:10CEA000E500B396D500B3E9C900B336D00033D757
:10CEB000E700B3E9D9003309E940B3893841B3B792
:10CEC00038013309F940B70780003377F900630769
:10CED0000728FD173379F900630709284A85EF1001
:10CEE0001048130785FF93060002B387E640B3D7C7
:10CEF000F9003319E900B3E72701B399E900634C5E
:10CF0000872E018F0507998E3396D90033D9E90012
:10CF10003336C0003366C900B396D700B3E9C60004
:10CF200033D9E700014493F7790081CF93F7F900F3
:10CF300011476388E70093874900B3B937014E99D9
:10CF4000BE89B7078000B377F90063890726050417
:10CF50009307F07F630EF41EB70780FFFD17B377CA
:10CF6000F9001397D70193D93900A6073367370122
:10CF7000B1831374F47F85885204FE045D8C458C64
:10CF8000F240A2856244D2444249B2493A850561E1
:10CF90008280635BE0586312081AB3E6B7006388C7
:10CFA00006241306F7FF6302063C63036744130776
:10CFB000800385466346C7023287FD4663C3E64069
:10CFC00013060002198EB396C70033D5E5003396D9
:10CFD000C500C98E3336C00033D7E700D18E3A99E9
:10CFE000B3871601B3B6D700BE893699B70780005C
:10CFF000B377F9006384071605049307F07F63098C
:10D00000F414B70780FFFD17B377F90013D71900A1
:10D0100093F91900336737019399F701B3E9E900F0
:10D0200013D9170009B733E7B7001303148029CBCE
:10D03000638CD404630C030A6303041A0E0613976B
:10D04000D7010D82518F8D83B6845D8F63020710E7
:10D0500081441304F07FB7070800014731BFB3E6EE
:10D06000B700638606189306F7FF63890632630EDE
:10D070006730130780038549E341D7E4368701BD54
:10D0800093C61600E398D4FA630E031663140426BD
:10D090001307F07FB36619016388063C9306F7FF18
:10D0A0006385062C1305F07F6306A724130680030F
:10D0B00005476345D6027D47634ED73E13060002FF
:10D0C000158E3317C90033D5D8003396C800498F61
:10D0D0003336C000B356D900518FB697BA9533B7DF
:10D0E000E500AE893309F700428409B7130714003D
:10D0F0001377E77F631D071433E7B700336819011F
:10D10000631B04246303083263070734B389B84000
:10D1100033B738013306F940198E37078000718F15
:10D120006305073CB3881541B3872741B3B51501A3
:10D13000C6893389B740B684FDB3630864241306F7
:10D1400080038546E34EE6E8B7068000D58FB5B587
:10D1500085881304F07F8147014739BD13F77900B3
:10D16000E31607DCD5A04E85EF10701F130785016D
:10D17000FD46E3DAE6D6930785FFB397F9006342ED
:10D180008718B30987401387190063D6E6368519D7
:10D1900093060002B3D93701630CD700930600044D
:10D1A0003387E640B397E700B337F000B3E9F900FF
:10D1B00013F779000144E31B07D679A093D7390010
:10D1C0001317D9019306F07F5D8F93573900E30E53
:10D1D000D4E6B207B1831374F47F858871BB13075B
:10D1E000F07F3365190145ED3E89AE88B68493D74B
:10D1F00038003A84F1B7370980FF7D19198C33F96B
:10D20000270115B39306140013F7E67F6314071084
:10D2100033671901631A041C6306072633E7B70056
:10D2200063010728C695CA97B3B81501338917015A
:10D23000370780003377E900AE8919C7B70780FF49
:10D24000FD173379F9000544CE8822874DB7B3899D
:10D25000B84033B738013306F940198E37078000DC
:10D26000718F79EF33E7C9003289E31707C681442C
:10D270000144814711B3930607FE13060002B3D69B
:10D28000D7006309C700130600043307E640B397CD
:10D29000E700DD8DB339B000B3E9D90039B9130522
:10D2A000F7FF630E05181303F07F6304671E13076F
:10D2B0008003B68485496347A7027D476343A7146B
:10D2C00013070002098FB319E900B3D6A8003397FA
:10D2D000E800B3E9D9003337E0003355A900B3E9DA
:10D2E000E900898FB3893541B3B535013389B7403A
:10D2F0004284D1BE0E061397D7010D82518F8D83C4
:10D30000A9B3B70680FFFD16F58F198C1397D701C7
:10D310008D83C1B51307F07FE38CE6E23387B80055
:10D32000CA97B3381701C69705839399F701B3E9F4
:10D33000E9001D8B13D917003684E31907BE29B7FE
:10D34000B3881541B3872741B3B51501C689338921
:10D35000B740B68451B6631C0810E31107CE814470
:10D360001304F07FB707080001B9C695CA97B3B890
:10D37000150133891701B7078000B377F900AE892B
:10D380000544E38D07DC0944ADB90E059317D901B7
:10D39000135735005D8F9357390045B9B385B840B1
:10D3A000B307F940B3B8B800AE89338917410544D3
:10D3B00019BE0E051317D9010D81498F93573900F6
:10D3C00069B1130607FE9306000233D6C70063094E
:10D3D000D700930600043387E640B397E700DD8D5E
:10D3E000B336B000D18EEDBE6DCBDD8DE39205C6B8
:10D3F0000E059317D9010D813367F5009357390056
:10D40000A9B1130705FE930600023357E90063092B
:10D41000D50093060004898EB316D900B3E8D8006E
:10D42000B3391001B3E9E90075BDE30207E40E0664
:10D430001397D7010D82518F8D83B68459BBB38862
:10D440001541B3872741B3B51501C6893389B74064
:10D45000B68405448DBC931735008D831317D9010D
:10D460005D8F93573900B5B33E89AE8849B3E31158
:10D4700007BE931735008D831317D9015D8F93571E
:10D480003900E1B60E061397D7010D82518F8D83B7
:10D4900089B30E061397D7010D82518F8D83B68401
:10D4A0006DB60E059317D9010D813367F5009357BB
:10D4B000390005B3138606FE130700023356C90070
:10D4C0006389E60013070004158F3317E900B3E8FA
:10D4D000E80033371001518F11B10E061397D701B1
:10D4E00093563600558F8D838DB633E7C900328948
:10D4F000E31C07D4ADBB93060002998E014619BC0C
:10D50000E30607BE330588402A87E30C04CC1307E3
:10D5100080036348A700370780003369E900B684B9
:10D5200069BBB68485497DBBE30E07CCB306884052
:10D5300019E0368785B6130680030547E340D6BA5F
:10D54000370780003369E900BDB613D74501B70737
:10D550001000FD1713D846011377F77F9308F07F6B
:10D56000FD8D1378F87FF58F630C17011307F07F9B
:10D5700001456303E8008280D18F3335F00082805B
:10D58000C98D0545E5D5828093D745013706100042
:10D590001307F6FF93F7F77F1308E03FAA866D8F16
:10D5A0000145FD816353F80091C182809305E041FC
:10D5B0007D55E3CCF5FE930530439D8D7D45518F20
:10D5C000634AB5009387D7BE3317F70033D5B6004B
:10D5D000598D8280130530411D8D3355A7008280FF
:10D5E000411106C622C426C215CD1357F541B344D6
:10D5F000A700998CAA87268513D4F701EF1020562F
:10D600009307E041898F294793F7F77F634BA70280
:10D610002D47098F33D7E40055053207B394A40092
:10D62000318329A00144814701478144D2077E0408
:10D63000D98FB240C18F22442685BE8592444101D4
:10D64000828055153397A400320731838144F9BF96
:10D65000411122C406C62A8405CDEF10405093071D
:10D66000E041898F294793F7F77F634DA7022D4744
:10D67000098F55053357E4003314A400B2402285C6
:10D68000320722443183D207D98FBE85410182807F
:10D69000B2402285814722440147D207D98FBE85F7
:10D6A0004101828055153317A4000144B240228500
:10D6B000320722443183D207D98FBE85410182804F
:10D6C00093D74501B70610001387F6FF93F7F77F4E
:10D6D0001306E03F6D8FFD816353F6021306D043BE
:10D6E0006352F60205450D8D1357F541B7050080CD
:10D6F000B337A000998D3305A0409D8D82800145F0
:10D700008145828013062043D98E635EF60013871D
:10D71000D7BA9387D7BC634707043317E5000145A1
:10D720009DE1BA858280130730431D8F7D46634497
:10D73000E6029387D7BE3355E500B397F6005D8DBB
:10D7400033D7E600F9DDB337A000B305E040330579
:10D75000A0409D8D8280130530411D8D33D5A600DC
:10D7600001477DBF7D47135615001D8F3356E600D8
:10D770003397F600518F3315F5005DB7011106CED2
:10D7800022CC26CA4AC84EC6B367B500D9CF2E846C
:10D79000AA8413D9F50163C1050EA2894DC822855B
:10D7A000EF10E03B9307E043898F13073043635842
:10D7B000F71213076043634BF70C2147A6869305C6
:10D7C00085FF630DE50013068002098E33D6C40081
:10D7D0003317B400B369E600B396B400370680FF90
:10D7E0007D1693F5760033F7C90085C593F5F600ED
:10D7F00011486380050313884600B336D800369776
:10D80000B7058000F98DC28689C59307F043718FF3
:10D81000898F13D636009315D70193169700B3E975
:10D82000C500B18293F7F77F29A00149814781465E
:10D830008149F2406244D2077E09D58FB3E72701C0
:10D84000D24442494E85BE85B24905618280268513
:10D85000EF10E030AA869307E04313050502130793
:10D86000A002898F635CA704D516B396D400B206D4
:10D8700093F7F77FB18275BFB337A0003304B04090
:10D880001D8CB304A040A28979D011BF2147098F14
:10D89000130607FE634806063356C4000147930586
:10D8A00085019306850363C20504B395B4008146E0
:10D8B000CD8EB336D000D18EBA890DB713875601FD
:10D8C0009306B002898EB3D6D4003314E400C18E1F
:10D8D000B206B399E400B18293F7F77F99BF2D4761
:10D8E000630EE502130755FFE1BFFD45958D13D883
:10D8F00014003358B800B315D400B365B800B3961C
:10D90000D4007DB77D46198E93161400B396C600D9
:10D9100033D6E400558E3357E40051B79316C40054
:10D92000B182A6899307304329B737078000411198
:10D930007D179356750113D67501B377A70026C2DC
:10D940006D8F4AC01376F60F13F9F60F06C622C480
:10D950009354F501FD818E070E07B306C94063811C
:10D96000B404635FD00031EE630107121386F6FF43
:10D97000630E062A9305F00F638BB616B28689A84C
:10D98000F1C2B3062641631C091CF5CF1385F6FFCF
:10D990006309052C1308F00F63890615AA86F9A2FE
:10D9A00026886358D01469C61306F00F6301C914A2
:10D9B00037060004518F6D466359D61E8507CA8607
:10D9C00089A01306F00F6304C91237060004518FB3
:10D9D000ED45054663CDD50013060002158E3316BE
:10D9E000C700B356D7003337C00033E6E600918F47
:10D9F00037070004B3F6E700CDEA13F77700CA86CD
:10DA000049C713F7F70011466303C70091073707AB
:10DA100000047D8F3DCB138516001307F00F268879
:10DA20006301E508139767001375F50F2583B2406E
:10DA300022445E05598D9317F801924402495D8D89
:10DA400041018280130619001376E60F6314061451
:10DA5000631A09086383072075CB3385E7403706CF
:10DA60000004698E63030622B307F740AE84BDA0AD
:10DA700009CF1386F6FF6303061A9305F00F638838
:10DA8000B606B2860DBFAE84BA871307F00F8D833A
:10DA90006390E60CC1CF01481305F00F3707400033
:10DAA00079B71305F00F014759B77D1733F4E70035
:10DAB0002285EF10C00A6D153314A40063412507B9
:10DAC000B3062541850693070002958FB317F4002E
:10DAD000B337F0003354D400C18F814613F7770079
:10DAE0000DF335B7639907145DD7AE84BA878D837C
:10DAF00055B7B1C2B30626416319090ED1D7938534
:10DB0000F6FF638D05101305F00FE381A6FEAE86C8
:10DB1000ED4563D6D51293071700B286DDB5B7077A
:10DB200000FCFD17B306A940E18F4DBF2688130501
:10DB3000F00F0147EDBD9306190013F6E60F55EE01
:10DB40006319090E63840712631407128D838146DB
:10DB5000A60713D7970013F5F60F2688C9BD13053E
:10DB6000F00FE304A6F837050004C98F6D4805459A
:10DB7000634DD80013050002158D3395A700B3D669
:10DB8000D700B337A00033E5F600B307A7403289CA
:10DB9000AE84B9BD3384E740B7060004E18EBDEA28
:10DBA00001F801480145014759B513060002158ED9
:10DBB0003316C7003357D700B336C000558FBA9716
:10DBC000370700047D8FE30A07E293061900130567
:10DBD000F00F0147E38DA6E43706007E13D7170048
:10DBE0007D16858B718FD98FD5BD9305F00FE30F0F
:10DBF000B6EEB7050004CD8F21BF1306F00FE38208
:10DC0000C6EA3E979357170013F67700E31B06DE2C
:10DC10008D833DBF3304F740AE8459BDBA973707B3
:10DC200000047D8F8946054945FBC1BB998F054995
:10DC3000C1B3E38D07EAE31007E68D83A1BD930529
:10DC40000002958DB395B700B3D6D700B337B000B7
:10DC5000DD8EB387E6003289A5B721D7AE84BA87B7
:10DC6000F5B5B307F740AE84054959B3BA87F9BD96
:10DC7000BA97370600047D8E814659DA370700FCD3
:10DC80007D17F98F85468D83E1B5AA8719D98D83D4
:10DC9000C1B57971935775014AD04ECE06D6931906
:10DCA000950022D426D252CC56CA5AC893F7F70F01
:10DCB00093D999001359F501F1CF1307F00F638140
:10DCC000E70E8E0937070004B3E9E900938A17F8D5
:10DCD0000144014B93D77501139A950093F7F70F01
:10DCE000135A9A0093D4F501C1C71307F00F63804C
:10DCF000E70C0E0A37070004336AEA00938717F827
:10DD00000146BD4633479900B38AFA4063EB861A51
:10DD100097E601009386C6B60A0436941C40B6976F
:10DD200082879307F00F8146B250225413957701F2
:10DD3000558D7E0792540259F249624AD24A424BAB
:10DD4000598D456182808D47630EFB0085476315C1
:10DD5000FB0E2A8781478146C1BF8D472685D28920
:10DD6000631CF60C01479307F00FB70640006DBF28
:10DD7000631D0A0813641400B54733479900E3E2B2
:10DD800087FA97E601009386A6B30A0436941C40EE
:10DD9000B6978287639B09041144814A054B1DBFD6
:10DDA000639009042144930AF00F094B25B76313CC
:10DDB0000A02136424007514AD4633479900E3EB5F
:10DDC00086F817E60100130626B30A0432941440BD
:10DDD000B2968286136434009307F00F0D4615B790
:10DDE0003144930AF00F0D4BF5B54E852EC6EF006A
:10DDF00010579307B5FFB399F9009307A0F8B24500
:10DE0000B38AA7400144014BF1B55285EF0030556C
:10DE10009307B5FF331AFA009307A0F8898F0146DC
:10DE2000CDB5938A1AF089474A85E31EFBF02A870D
:10DE30009307F00F8146CDBD2A879387FA07635178
:10DE4000F00493F6790099C693F6F90011466383BE
:10DE5000C6009109B7060008B3F6D90081CAB70712
:10DE600000F8FD17B3F9F90093870A089306E00F4D
:10DE7000E3C9F6EA93966900A58293F7F70F6DB5AB
:10DE8000054699C71D8EED4581478146E3CEC5E81D
:10DE90009386EA09B396D900B336D000B3D7C90048
:10DEA000D58F93F6770099C693F6F70011466383F2
:10DEB000C6009107B7060004FD8ED5CA8547814686
:10DEC000A5B5C16613185A00FD1693550801B3761F
:10DED000D80063F8490733D6B902CE87FD1A8149C5
:10DEE0003305D602B3F7B702C207B3E7370163F8C9
:10DEF000A700C2979308F6FF63F607074686898F47
:10DF000033D5B702B3F7B702B306D502C20763F23F
:10DF1000D702B3850701B3B8F5001303F5FFAE8749
:10DF20006398080063F6D5007915B387050111A041
:10DF30001A854206958F498EB337F000B369F60013
:10DF4000EDBD93D7190033D6B702FE0993D9090165
:10DF50003305D60241BF26852A87EDBB0147B706A8
:10DF60004000D9B3E3FCA7F87916C29749BF9A07D6
:10DF700093D6970081474DBB268555BD1356750135
:10DF8000370780007D1793D675011376F60F1308B7
:10DF9000F00FB378A7009357F5016D8F13F5F60FC7
:10DFA000FD8163050603630A050105EA09E939C332
:10DFB000639E0804A1C92E85828039E719E2E38BAC
:10DFC00008FE6399B7009DCF3E858280639E08025C
:10DFD0006305C50205459DE782806DDDE39CB7FEC4
:10DFE000E34AC5FEE341A6FEE36617FF0145E3EC05
:10DFF000E8FC8280E39008FE828019E7E39CB7FC8E
:10E00000014582807D55828079558280E38EB7FC00
:10E01000D1B713567501370780007D1793D6750168
:10E020001376F60F1308F00FB378A7009357F50196
:10E030006D8F13F5F60FFD8163060603630A050174
:10E0400005EE11E929CB639F0804B9C92E858280AA
:10E05000094501EB19E2E38A08FE638BB702054527
:10E06000A1E38280639C0802E31BC5FE094575FBA2
:10E07000E397B7FE014582807DD1E392B7FEE3408E
:10E08000C5FE6347A600E36C17FD0145E3FBE8FC12
:10E0900081CB3E858280E39408FC828009458280A2
:10E0A0007D558280E381B7FE5DBF7971935775011D
:10E0B00052CC56CA1317950006D622D426D24AD07F
:10E0C0004ECE5AC893F7F70F935A9700135AF5019B
:10E0D000638B07101307F00F638DE71013973A0057
:10E0E000B7060004B36AD700938417F80149014BBF
:10E0F00093D775011394950093F7F70F258093D963
:10E10000F501F9C71307F00F6382E706938717F845
:10E11000338597000E0437070004A947598C8146C0
:10E120009304150063CF270FB3453A0109472E88A2
:10E13000634C27057D190546636E26136382E60C42
:10E140008547C2856394F60681470147B250225441
:10E1500013957701598D9397F50192540259F2491D
:10E16000624AD24A424B5D8D456182801385F40F2D
:10E1700049CCB3453A011369390029472E88938465
:10E1800004106349271F8D4605473317270113766F
:10E19000075319CE89476305FB068D476304FB02CD
:10E1A000DA8685475684C285E380F6FA268505AA75
:10E1B0009377072481EB137787084DCF4E88A28A87
:10E1C000368BC9BF81459307F00F37074000BDBFAD
:10E1D00041E0268513691900A94785469304150077
:10E1E000E3D427F53DA863950A0411498144054B02
:10E1F00001B7639A0A0221499304F00F094BCDBD80
:10E20000C2859307F00F014791B713692900A94709
:10E210009384041039478946E3D827F1AD47E30FCB
:10E22000F7F8528885BF31499304F00F0D4BC9B5FB
:10E2300056852EC6EF00B0129307B5FFB39AFA00C9
:10E240009307A0F8B245B384A7400149014B4DB5EF
:10E250002285EF00D010B387A4401307B5FF1385C4
:10E26000A7F8A9473314E400814693041500E3DDC1
:10E2700027EB45BFC1689387F8FF13D60A011358EF
:10E280000401B3FAFA00E18FB3865703B307F6022D
:10E2900013D70601B30A5803BE9A569733060603EE
:10E2A0006373F700469641687D18B3770701B3F6AC
:10E2B0000601C207B6979396670013540701E983D6
:10E2C0003337D0003294D98F1A045D8CB707000819
:10E2D000E18F91C79357140005885D8C26859307BD
:10E2E000F507635FF0021377740019C71377F40022
:10E2F00091466303D700110437070008618F19C7DF
:10E30000B70700F8FD177D8C930705081307E00F8A
:10E310006349F70413176400258393F7F70F3DB59E
:10E32000854699C79D8E6D4681470147E340D6E2F9
:10E330001307E5093317E4003337E000B357D4007F
:10E34000D98F13F7770019C713F7F70091466303C6
:10E35000D7009107370700047D8F01CB8547014720
:10E36000F5B39307F00F0147D5B39A0713D797007A
:10E370008147E9BBBD46814537074000E308D9DC4A
:10E380002D478D4661BDB70780004111FD1713D69B
:10E39000750133F7A70093567501ED8F26C24AC069
:10E3A0009354F50106C622C41376F60F1305F00F39
:10E3B00013F9F60F26880E07FD8193963700630345
:10E3C000A60493C51500B307C940638FB400635A10
:10E3D000F03035E2638F06141386F7FF6302062AD6
:10E3E000638FA702B287A9A86359F0307DCA63087A
:10E3F000A90237060004D18E6D466352F614050754
:10E40000CA878DA8930719F0D5E693C515006383D5
:10E41000B40E638D071863090910AE8436870D8327
:10E4200013F814001305F00F3DCB01481305F00F4E
:10E4300037074000ADA0E304A9FE37060004D18EE3
:10E44000ED45054663CDF500130600021D8E33969B
:10E45000C600B3D6F600B337C00033E6F600118F1E
:10E46000B7070004B376F70063940610937677003D
:10E47000CA87E1C29376F70011466383C60011078D
:10E48000B7060004F98ED5C685079306F00F13F87A
:10E490001400638BD70C1A0713F5F70F2583B240CE
:10E4A00022445E05598D9317F801924402495D8D0F
:10E4B00041018280E39FB4F4B9C36311091C93073F
:10E4C000F00F3DC79385F7FF638905121305F00F21
:10E4D0006386A71AED4763DBB71A13871600B28766
:10E4E00051BFA1CA1386F7FF63090610E389A7F29B
:10E4F000B28719B789C7E30409FC01470DB7930731
:10E50000190013F6E70F631506146318091663065E
:10E51000071A6396061A0D8381472607258313F58C
:10E52000F70F13F81400A5BF9307F00F65EBAE8447
:10E5300036879306F00F0D83E384D7EEF9BF1306F9
:10E5400000021D8E3396C6003336C000B3D6F600E7
:10E55000D18E3697B7070004F98F89DB930719002E
:10E560009306F00F6393D70A1305F00F014705BF19
:10E57000FD173374F7002285DD239307B5FF3314AD
:10E58000F40063CA2705B3872741850713070002F4
:10E590001D8F3317E4003337E0003354F400418F0C
:10E5A000814793767700E39706ECD9BD930719006E
:10E5B00093F7E70F85EB631A090A65CFA9DEB30766
:10E5C000D740370600047D8E630806103387E64087
:10E5D0008147AE84F9B7370700FC7D17B307F940D0
:10E5E000618FC1B73304D740B7070004E18FD1E38F
:10E5F00059F00148014501475DB53697B70600045B
:10E60000F98E89470549E38306E63706007E93566F
:10E6100017007D16058BF18E558F61B71385F7FFB7
:10E6200041C51308F00FAE84638A0705ED458547A1
:10E6300063CCA50093070002898FB317F700335509
:10E64000A700B337F000C98F3387F640328909BD80
:10E650001306F00FE38AC7F0BA9613D716001376A5
:10E660007700E31906E00D834DBD11EFE38F06DA65
:10E670006DB33384E640AE84FDBD11E7368745B304
:10E68000158F0549F1BBE38C06D845B3930700020B
:10E690008D8FB317F700B355B700B337F000DD8D9A
:10E6A0003387D50032897DB53387E640AE8405498E
:10E6B00045BBA1D2AE843687B9BD3687A9BD369792
:10E6C00037060004798E814759DEB70700FCFD1735
:10E6D0007D8F0D83854791B589DF3E870D83814707
:10E6E0002DBDE38507EC33052641AA87E30009E445
:10E6F000B70700045D8FAE8415BFE38207E0B30562
:10E70000264163140900AE876DBBB70700045D8F17
:10E71000D1B337068000135775019307F6FF1377BF
:10E72000F70F9305E007B3F6A7009357F50163DBF6
:10E73000E5009305D00963D9E500370500807D1514
:10E740003E9582800145828093055009D18E63CD2C
:10E75000E500130660093307E640B3D6E60033054B
:10E76000D040F5F3368582801307A7F6B396E6000E
:10E77000FDB713577501370680009307F6FF13772F
:10E78000F70F9305E007B3F6A7009357F50101458E
:10E7900063D3E50091C382809307E0097D55E3CC04
:10E7A000E7FE93055009B3E7C60063D7E5001307FA
:10E7B000A7F63395E700828013056009198D33D5DC
:10E7C000A7008280411106C622C426C215CD135768
:10E7D000F5413344A700198CAA87228593D4F70109
:10E7E000BD2E1307E009B307A74013076009634A6A
:10E7F000F70221476308E50861153317A4002607CF
:10E80000258313F5F70F21A0814401450147B2404C
:10E8100022445E059397F401598D92445D8D410128
:10E820008280130790096343F70415479306B5FFE9
:10E830006304E5003314D400B70600FCFD1613761C
:10E8400074003377D40011CE3D881146630BC400A9
:10E85000110737060004798E09C69307F009758FF2
:10E86000898F1A07258313F5F70F55B71307B501DD
:10E8700095463317E400898E3354D4003337E000D3
:10E88000598C5DBF2604135794001305600941B7E6
:10E890000DCD411122C406C62A84D1249307E00974
:10E8A000898F130760096347F7022147630AE50868
:10E8B00061153317A4002607258313F5F70FB2401F
:10E8C00022445E05598D41018280014501475E0564
:10E8D000598D8280130790096348F7041547930602
:10E8E000B5FF6304E5003314D400B70600FCFD1641
:10E8F000137674003377D40011CE3D881146630B34
:10E90000C400110737060004798E09C69307F00981
:10E91000758F898FB24022441A0713F5F70F2583AC
:10E920005E05598D410182801307B5019546331765
:10E93000E400898E3337E0003354D400598C75B726
:10E940002604135794001305600995BF935775016A
:10E9500093F7F70F41111387170022C426C206C68A
:10E96000931495001377E70FA5801354F50115C391
:10E9700013D7340093870738F6041315F401B24017
:10E980002244D207D98FC98FBE8526859244410182
:10E9900082809DE7B1C02685D922A94763C5A70417
:10E9A0002D47098F9307550133D7E400B394F40042
:10E9B000930790383207898F318393F7F77F75BFBC
:10E9C00099CC13D73400B70708005D8F3207F604DF
:10E9D00031839307F07F55B78147014779BF93078C
:10E9E000F07F014759BF130755FF3397E400814477
:10E9F000C1B793D7450193F7F77F9396C500138668
:10EA00001700A5821357D5011376E67FFD81D98EB5
:10EA10001318350005C2138607C81307E00F6354A7
:10EA2000C7049307F00F0147DE0733E5E700FE0553
:10EA30004D8D828033E7060189EB01482DCB2608F6
:10EA40001357980093F7F70FC5B79307F00F69DFD7
:10EA50009307F00F37074000DE07814533E5E700F5
:10EA6000FE054D8D8280635CC0041317650033374B
:10EA7000E0008E061358D801558F3367070193774E
:10EA80007700E9CB9377F70091466385D70C1107A0
:10EA9000B7070004F98FDDC79307160093F7F70F48
:10EAA0000147DE0733E5E700FE054D8D8280814793
:10EAB0000147DE0733E5E700FE054D8D82802557CF
:10EAC000E347E6FE7945B7088000118D7D47B3E640
:10EAD00016016350A7047957118F1306000233D72C
:10EAE000E6006308C500938727CAB396F60033682B
:10EAF000D800333800013368E80093777800B9C74D
:10EB00009377F8001147639CE70213583800814758
:10EB10003DB7938727C83317F800B396F60033370D
:10EB2000E0003358A800558F3367E80093777700EB
:10EB30000146A9FB0D83FD1833771701F5B51307BF
:10EB40004800014613583700B287D5BD1A0813573D
:10EB50009800D9BD1A0725839377F60FF1B5C167E1
:10EB60006375F5029337051093C717008E071307D7
:10EB700000021D8F3355F50097D701009387C7DA40
:10EB8000AA9788233305A7408280B7070001637FD7
:10EB9000F500C1473355F50097D701009387C7D8D3
:10EBA000AA97882341473305A7408280E147335520
:10EBB000F50097D70100938727D7AA978823214785
:10EBC0003305A740828003A5018582800147631435
:10EBD000E60001458280B307E5000507B386E5003E
:10EBE0009C2383C6F6FFE384D7FE3385D74082801B
:10EBF000AA87982185078505A38FE7FE7DFB828084
:10EC0000AA879823850775FF3385A7407D158280E5
:10EC100000000000000000000000000000000000F4
:10EC200000000000000000000000000000000000E4
:10EC300000000000000000000000000000000000D4
:10EC40000000000F80380FFE380F803800000000F1
:10EC500000000000000000000000000000000100B3
:10EC6000000600000C000038000031000006000023
:10EC70000C00003800003000000000000000000020
:10EC800061800067F807F9800061800061800061A1
:10EC9000800061800067F807F98000618000000053
:10ECA00000000000000001C0E003E0F006300804AE
:10ECB00018081FFFFE040E080787F00381E000001C
:10ECC0000000000001F000060C00040408060C70AF
:10ECD00001F9C0000E00003BE000EC180708080432
:10ECE0000C180003E00000000001E00007F003F84A
:10ECF00018041C0804170807E1D003C0E00023B083
:10ED0000003C080020080000100000000000000186
:10ED100000003100003200001C0000000000000074
:10ED200000000000000000000000000000000000E3
:10ED300000000000000000000000000000000000D3
:10ED40007F0001FFC00780F00C00181000042000B5
:10ED5000020000000000002000021000040C001857
:10ED60000780F001FFC0007F0000000000000000ED
:10ED700000000000000000000000000042000066EB
:10ED800000006600003C0000180003FFC0001800EF
:10ED9000003C000066000066000042000000000029
:10EDA000080000080000080000080000080001FF3B
:10EDB000C00008000008000008000008000008006B
:10EDC00000000000000100003100003200001C00C3
:10EDD0000000000000000000000000000000000033
:10EDE000000000000000000008000008000008000B
:10EDF00000080000080000080000080000080000EB
:10EE000008000008000000000000000000000000F2
:10EE1000380000380000380000000000000000004A
:10EE200000000000000000000000000000000000E2
:10EE3000000600001C000070000180000E00003879
:10EE40000000C0000700001C0000300000000000AF
:10EE5000000000007F8001FFE003807006001804BE
:10EE6000000804000806001803807001FFE0007F1E
:10EE70008000000000000000000001000801000800
:10EE800001000803FFF807FFF80000080000080071
:10EE9000000800000000000000000001C03802C0AF
:10EEA00058040098040118040218040418061C18D9
:10EEB00003F81801E0F80000000000000000000165
:10EEC000C0E003C0F004000804080804080806189D
:10EED0000803F41801E7F00001E000000000000062
:10EEE000000000000300000D0000110000610000A0
:10EEF000810803010807FFF80FFFF800010800016F
:10EF0000080000000000000000E007FCD006080830
:10EF1000061008061008061008061838060FF00636
:10EF200007C0000000000000000000003F8001FF5B
:10EF3000E0038430020818041008041008041008C4
:10EF4000071810030FF00007C000000000000000C9
:10EF5000000003C0000700000600000600F80607D6
:10EF6000F806180006E00007000006000000000098
:10EF700000000001E1E003F7F00634100418080473
:10EF80001808040C08040C0806161803F3F001C155
:10EF9000E000000000000000F80003FC3003063829
:10EFA0000402080402080402080404100308F00123
:10EFB000FFC0007F00000000000000000000000013
:10EFC0000000000000000000703800703800703849
:10EFD0000000000000000000000000000000000031
:10EFE000000000000000000000000000301A0030A7
:10EFF0001C000000000000000000000000000000F5
:10F0000000000000000000080000140000220000C2
:10F010004100008080010040020020040010080030
:10F020000800000000000000210000210000210075
:10F03000002100002100002100002100002100002B
:10F040002100002100000000000000000000080076
:10F0500008040010020020010040008080004100F0
:10F06000002200001400000800000000000000035F
:10F07000C00004C000040000080038080F38080869
:10F08000380810000C300007E00003C0000000004A
:10F09000000000003F8000FFE0038070020F1006B8
:10F0A000708804C088048308047F8802C09003012C
:10F0B0002000FE400000080000180001F8003E0893
:10F0C00001C20007020007E20000FE00001FC800A6
:10F0D00001F800003800000804000807FFF807FFE7
:10F0E000F8040808040808040808040808061808B2
:10F0F00003F41801E7F00001E00000000000000048
:10F100003F8001FFE0038070020018040008040043
:10F11000080400080400100600200780C00000005A
:10F1200004000807FFF807FFF804000804000804BB
:10F13000000804001802001003807001FFE0007F47
:10F140008000000004000807FFF807FFF804080823
:10F15000040808040808040808043E080400080617
:10F16000001801006000000004000807FFF807FF16
:10F17000F8040808040800040800040800043E001D
:10F1800006000006000001800000000000000000F2
:10F190003F8001FFE00380700600180400080402AD
:10F1A000080402080203F00783F0000200000200D6
:10F1B00004000807FFF807FFF8040808000800002B
:10F1C000080000080000080004080807FFF807FF0F
:10F1D000F804000800000000000004000804000813
:10F1E00004000807FFF807FFF804000804000804FB
:10F1F0000008000000000000000000000006000001
:10F200000700000104000104000104000307FFFEE1
:10F2100007FFFC04000004000004000004000807CD
:10F22000FFF807FFF8040C08001800003E0004C7B0
:10F23000800503C80600F804003804001800000820
:10F2400004000807FFF807FFF804000800000800A2
:10F250000008000008000008000008000018000076
:10F260006000000004000807FFF807800807FC00A2
:10F27000007FC00003F80007C0007800078008077F
:10F28000FFF807FFF804000804000807FFF807006C
:10F290000803C00000E000003800001E0000070066
:10F2A0000001C00400F007FFF804000000000000A7
:10F2B0007F8001FFE003807006001804000804004E
:10F2C0000806001803003001FFE0007F8000000006
:10F2D00004000807FFF807FFF8040408040400040A
:10F2E0000400040400040400060C0003F80001F00C
:10F2F00000000000000000007F8001FFE00380703C
:10F300000600880400880400C806003C03003E0193
:10F31000FFE6007F8400000004000807FFF807FFF5
:10F32000F8040808040800040C00040F00040BC0D3
:10F330000610F003F03801E00800000800000001AA
:10F34000E0F803F030063010041808041808040C24
:10F3500008040C080206180207F00781E00000000C
:10F3600001800006000004000004000004000807FB
:10F37000FFF807FFF804000804000004000006007E
:10F380000001800004000007FFE007FFF004001800
:10F390000000080000080000080000080000080441
:10F3A000001007FFE004000004000006000007E072
:10F3B0000007FE00041FE00001F80000380001E033
:10F3C000043E0007C000060000040000040000071F
:10F3D000E00007FFC0041FF80007C007F80007FFA0
:10F3E00080043FF80007C004F80007000004000094
:10F3F00000000004000806001807C07805F1C800E6
:10F400003E00001F800463E80780F806001804002F
:10F410000800000004000006000007800007E00864
:10F42000047C08001FF80007F800180804E008072B
:10F4300000000600000400000000000100080600B3
:10F44000380400F80403E8040F08047C0805F008F9
:10F4500007C008070018040060000000000000005A
:10F4600000000000000000000000003FFFFE200040
:10F470000220000220000220000220000200000002
:10F4800000000000000008000007000000C00000AD
:10F4900038000006000001C000003000000E00002F
:10F4A0000100000000000000000020000220000217
:10F4B0002000022000022000023FFFFE00000000AA
:10F4C000000000000000000000000000000000003C
:10F4D0000008000010000030000020000030000094
:10F4E0001000000800000000000000000000010003
:10F4F0000001000001000001000001000001000007
:10F5000001000001000001000001000001000001F5
:10F51000000000000000000000200000200000109B
:10F5200000001000000000000000000000000000CB
:10F53000000000000000000000F00019F8001B1897
:10F54000002208002608002408002410003FF800CC
:10F550001FF800000800001800000004000007FF6A
:10F56000F80FFFF00018180010080020080020080D
:10F57000003018001FF0000FC00000000000000065
:10F5800007C0001FF00018300020080020080020ED
:10F5900008003C08001C1000006000000000000093
:10F5A0000000000007C0001FF0003818002008000D
:10F5B000200800200804101007FFF80FFFF00000DB
:10F5C000100000000000000000000007C0001FF055
:10F5D0000012300022180022080022080032080021
:10F5E0001E10000E2000000000000000200000207F
:10F5F0000800200801FFF803FFF80620080420088F
:10F6000004200807200003000000000000000000A4
:10F61000000E000E6E001FF30031B10020B100207B
:10F62000B1003191001F13002E1E00200E0030008B
:10F6300000000004000807FFF80FFFF800100800A2
:10F640002000002000002008003FF8001FF8000004
:10F650000800000000000000000000200800200852
:10F66000002008063FF8063FF800000800000800E8
:10F670000008000000000000000000000000000082
:10F6800003000003002001002001002003063FFECC
:10F69000063FFC0000000000000000000000000425
:10F6A000000807FFF80FFFF8000188000300002F93
:10F6B000C00038F8002038002008000008000000D2
:10F6C000000000000000040008040008040008070F
:10F6D000FFF80FFFF8000008000008000008000015
:10F6E00000000000002008003FF8003FF80010086C
:10F6F000002000003FF8003FF80010080020000044
:10F700003FF8003FF8000008000000002008003F1C
:10F71000F8003FF80010080010000020000020084A
:10F72000003FF8001FF80000080000000000000083
:10F7300007C0000FF000183000300800200800203B
:10F7400008003008001830000FF00007C00000006B
:10F75000000000002001003FFF003FFF00101100EB
:10F760002009002008002008003038001FF0000F9A
:10F77000C00000000000000007C0001FF0003818A3
:10F78000002008002008002009001011001FFF00C1
:10F790003FFF0000010000000020080020080020BA
:10F7A00008003FF8003FF800080800100800200893
:10F7B00000200000300000300000000000000000C9
:10F7C0000000000C78001E180033080023080021F8
:10F7D000080021880021980030F000386000000007
:10F7E00000000000200000200000200000FFF003C7
:10F7F000FFF800200800200800200800003000006A
:10F8000000000000000000002000003FF0007FF832
:10F81000000018000008000008002010003FF80059
:10F820007FF0000010000000000000002000003009
:10F8300000003C00003F800023F0000078000070D2
:10F84000002380003C000030000020000020000069
:10F850003C00003FE00023F80000E0002700003EED
:10F8600000003FE00021F80001E0003E0000200021
:10F87000000000002008002008003838003E680022
:10F8800027800003C8002CF800383800201800201A
:10F8900008000000000000002000003003003C01D0
:10F8A000003F830023EC000070002380003C000038
:10F8B00020000020000000000000000000000038D0
:10F8C000080020380020F80023E8002F88003E08B8
:10F8D0000038080020180000700000000000000040
:10F8E00000000000000000000000000008000014FC
:10F8F000001FF7FC3000062000020000000000009E
:10F9000000000000000000000000000000000000F7
:10F910000000FFFFFF0000000000000000000000EA
:10F92000000000000000000000002000023000067F
:10F930001FF7FC0014000008000000000000000099
:10F94000000000000000000000000018000060003F
:10F9500000400000400000200000100000080000EF
:10F960000400000400000C00001000000000000073
:10F970000000000000000000000000000000000087
:10F9800000001FCC000C0000000000000000080078
:10F99000300060000800300060000000022003FC1E
:10F9A0001E20022003FC1E200220000000000E1872
:10F9B00011043FFF10840C78000000000F00108439
:10F9C0000F3800C0077818840078000000780F8492
:10F9D00010C411240E9800E4008400080800680098
:10F9E00070000000000000000000000000000000A7
:10F9F000000007E018182004400200000000400248
:10FA00002004181807E00000000000000240024037
:10FA100001800FF001800240024000000080008061
:10FA200000800FF800800080008000000001000DC1
:10FA3000000E000000000000000000000000008038
:10FA40000080008000800080008000800000000CAA
:10FA5000000C000000000000000000000000000694
:10FA6000001800600180060018002000000007F068
:10FA7000080810041004080807F00000000008043B
:10FA800008041FFC000400040000000000000E0C2D
:10FA900010141024104411840E0C000000000C18E7
:10FAA00010041104110412880C700000000000E022
:10FAB0000320042408241FFC0024000000001F98D9
:10FAC000108411041104108810700000000007F069
:10FAD00008881104110418880070000000001C0040
:10FAE000100010FC13001C001000000000000E3875
:10FAF00011441084108411440E38000000000700E7
:10FB0000088C10441044088807F000000000000032
:10FB10000000030C030C00000000000000000000C7
:10FB2000000101060000000000000000000000804D
:10FB300001400220041008081004000002200220E6
:10FB400002200220022002200220000000001004F7
:10FB500008080410022001400080000000000E0090
:10FB60001200100C106C10800F00000003E00C1845
:10FB700013E4142417C4082807D000000004003C34
:10FB800003C41C40074000E4001C000410041FFCD8
:10FB90001104110411040E880070000003E00C1819
:10FBA00010041004100410081C10000010041FFCA6
:10FBB000100410041004080807F0000010041FFCD3
:10FBC0001104110417C410040818000010041FFCCD
:10FBD0001104110017C010000800000003E00C1809
:10FBE0001004100410441C780040000010041FFC96
:10FBF00010840080008010841FFC1004000010049A
:10FC000010041FFC10041004000000000003000199
:10FC1000100110011FFE10001000000010041FFC56
:10FC2000110403801464181C1004000010041FFC4D
:10FC30001004000400040004000C000010041FFC69
:10FC40001F0000FC1F001FFC1004000010041FFC1C
:10FC50000C04030000E010181FFC100007F0080857
:10FC6000100410041004080807F0000010041FFC22
:10FC700010841080108010800F00000007F008181A
:10FC800010241024101C080A07F2000010041FFCA6
:10FC90001104110011C011300E0C000400000E1CE4
:10FCA00011041084108410441C3800001800100047
:10FCB00010041FFC100410001800000010001FF8B2
:10FCC00010040004000410041FF8100010001E00AF
:10FCD00011E0001C007013801C0010001FC0103CBD
:10FCE00000E01F0000E0103C1FC000001004180CD2
:10FCF000163401C001C01634180C100410001C008A
:10FD0000130400FC13041C00100000000804101C65
:10FD10001064108413041C0410180000000000007C
:10FD200000007FFE40024002400200000000300060
:10FD30000C0003800060001C000300000000400273
:10FD4000400240027FFE00000000000000000000B2
:10FD500020004000400040002000000000010001A1
:10FD6000000100010001000100010001000040004D
:10FD7000400020000000000000000000000000988B
:10FD8000012401440144014400FC000410001FFC54
:10FD90000088010401040088007000000000007069
:10FDA00000880104010401040088000000000070C4
:10FDB00000880104010411081FFC0004000000F881
:10FDC000014401440144014400C800000000010452
:10FDD00001040FFC1104110411001800000000D6EA
:10FDE00001290129012901C90106000010041FFC95
:10FDF000008401000100010400FC00040000010473
:10FE0000190419FC000400040000000000000003B5
:10FE100000010101190119FE0000000010041FFC7F
:10FE20000024004001B4010C010400000000100493
:10FE300010041FFC0004000400000000010401FC89
:10FE40000104010001FC0104010000FC010401FCAB
:10FE5000008401000100010400FC0004000000F81F
:10FE6000010401040104010400F80000010101FF84
:10FE7000008501040104008800700000000000708B
:10FE8000008801040104010501FF000101040104CF
:10FE900001FC00840104010001800000000000CC8E
:10FEA0000124012401240124019800000000010024
:10FEB000010007F80104010400000000010001F83E
:10FEC000000400040004010801FC0004010001809A
:10FED0000170000C001001600180010001F0010CB4
:10FEE000003001C00030010C01F0010000000104ED
:10FEF000018C00740170018C01040000010101817A
:10FF00000171000E001801600180010000000184F1
:10FF1000010C013401440184010C000000000000C8
:10FF20000000000001003EFC400240020000000012
:10FF300000000000FFFF0000000000000000400281
:10FF400040023EFC010000000000000000006000D4
:10FF500080008000400040002000200000000000E1
:10FF60000000000000000000000000003F40000012
:10FF700000000000000030004000300040000000A1
:10FF800009000BC03D000BC03D00090018C0244013
:10FF90007FE0224031800000180024C01B000D804B
:10FFA0003240018003801C4027401C8007400040F5
:10FFB00010006000000000000000000000000000D1
:10FFC00000001F80204040200000402020401F8073
:10FFD00000000000090006001F8006000900000064
:10FFE000040004003F8004000400000000100060D2
:10FFF00000000000000000000400040004000400F1
:020000022000DC
:1000000004000000000000400000000000000000AC
:10001000002001C006003800400000001F80204082
:10002000204020401F800000000010403FC00040E2
:100030000000000018C02140224024401840000069
:1000400010802040244024401B80000002000D004E
:1000500011003FC0014000003C8024402440244067
:10006000238000001F80244024403440038000008F
:100070003000200027C03800200000001B802440F2
:10008000244024401B8000001C0022C0224022404B
:100090001F80000000000000084000000000000079
:1000A00000000000046000000000000000000400E8
:1000B0000A001100208040400900090009000900E1
:1000C0000900000000004040208011000A000400E8
:1000D0001800200023402400180000001F8020404A
:1000E000274029401F400000004007C039000F0092
:1000F00001C0004020403FC0244024401B8000003D
:100100001F802040204020403080000020403FC021
:10011000204020401F80000020403FC024402E404F
:1001200030C0000020403FC024402E0030000000BE
:100130000F001080204022403380020020403FC04A
:10014000040004003FC02040204020403FC0204029
:10015000204000000060202020203FC02000200020
:1001600020403FC024400B0030C0204020403FC012
:1001700020400040004000C03FC03C0003C03C00A5
:100180003FC0000020403FC00C4023003FC0200083
:100190001F802040204020401F80000020403FC0A2
:1001A00024402400180000001F802140214020E04E
:1001B0001FA0000020403FC02440260019C000407E
:1001C00018C02440244022403180000030002040EC
:1001D0003FC020403000000020003F800040004031
:1001E0003F80200020003E0001C0070038002000B2
:1001F000380007C03C0007C038000000204039C06C
:10020000060039C0204000002000384007C03840B8
:1002100020000000304021C02640384020C00000AF
:10022000000000007FE0402040200000000070003F
:100230000C000380004000000000402040207FE0D0
:10024000000000000000200040002000000000002E
:10025000001000100010001000100010000000003E
:100260004000000000000000000002800540054042
:1002700003C0004020003FC0044004400380000051
:10028000000003800440044006400000000003809A
:10029000044024403FC0004000000380054005406A
:1002A00003400000000004401FC024402440200000
:1002B000000002E0055005500650042020403FC0D9
:1002C0000440040003C000400000044027C0004078
:1002D0000000000000100010041027E000000000E3
:1002E00020403FC00140070004C00440204020409F
:1002F0003FC000400040000007C0040007C00400E9
:1003000003C00000044007C00440040003C00040D4
:10031000000003800440044003800000041007F044
:100320000450044003800000000003800440045097
:1003300007F00010044007C0024004000400000061
:10034000000006400540054004C000000000040015
:100350001F8004400040000004000780004004406B
:1003600007C000400400070004C00180060004002C
:10037000060001C0070001C006000000044006C0DE
:10038000010006C0044000000410071004E00180D2
:10039000060004000000044005C0064004400000C0
:1003A0000000000004007BE040200000000000008E
:1003B0000000FFF000000000000040207BE004008F
:1003C00000000000400080004000200020004000AD
:1003D0007B202274797065223A2253656E736F72A6
:1003E000222C2264617461223A207B202248756DA0
:1003F000696469747931223A2025662C2248756D2A
:10040000696469747932223A2025642C225072651D
:100410007373757265223A2025662C202254656D0F
:10042000706572617475726531223A2025662C20E0
:100430002254656D706572617475726532223A205E
:1004400025642C2022476173526573223A20256669
:100450002C202250476173223A2025642C22434FDE
:1004600032223A2025647D7D24240000436F6E6E85
:100470006563746564000000446973636F6E6E6544
:1004800063746564000000007B202274797065222B
:100490003A22766572696679222C2264617461223F
:1004A0003A207B2022566572696679436F64652223
:1004B0003A202231303337222C2244657669636535
:1004C0004944223A317D7D24240000002125642501
:1004D0002500000025642525000000002125642A50
:1004E0004300000025642A430000000021256450D9
:1004F00061000000256450610000000021256400B7
:100500002564000021256470706D00002564707002
:100510006D000000253364252500000078313A0085
:1005200079313A0078323A0079323A0078333A0039
:1005300079333A0078343A0079343A0066616320BE
:1005400069733A00506C656173652075736520743A
:100550006865207374796C757320636C69636B00D4
:100560007468652063726F7373206F6E20746865A2
:100570002073637265656E2E00000000546865206C
:1005800063726F73732077696C6C20616C7761792B
:1005900073206D6F76650000756E74696C207468E9
:1005A000652073637265656E2061646A7573746D2E
:1005B000656E7400697320636F6D706C657465643B
:1005C0002E0000005450204E656564207265616401
:1005D0006A75737421000000546F7563682053635B
:1005E0007265656E2041646A757374204F4B2100FB
:1005F000053862043E3A0000FC050200A731FF8E78
:1006000073FF2C6BFF4D6BFF0C63FF0421FF000099
:10061000FF0000FF0000FF0000FF0000FF0000FFE0
:100620000000FF0000FF0000FF0000FF0000FF00CF
:1006300000FF0421FF6D6BFF4C6BFF4C6BFF2C6BBD
:10064000FF6631FF0000FF0000FF0100FF0100FF17
:100650000100FF0100FF0000FF0000FF2108FF4133
:1006600008FF8210FF6531FF6952FFEC62FF4E6B9D
:10067000FF6D73FF4D6BFFA739FF0000FF0000FF08
:100680000000FF0000FF0000FF0000FF0000FF006F
:1006900000FF0000FF0000FF0100FF0000FF410815
:1006A000FF8B52FF6E73FF4D6BFF6D6BFF4A4AFF6E
:1006B0006210FF0000FF0000FF0000FF0000FF00CD
:1006C00000FF0000FF0000FF0000FF0000FF01002E
:1006D000FF2000FF0000FF0000FF4108FF2108FF8E
:1006E0002000FF0000FF0100FF0000FF0000FF00EE
:1006F00000FF0000FF0000FF0000FF0100FF0000FE
:10070000FF0000FF0000FF2108FF6108FF4208FF13
:100710002100FF2100FF0000FF0000FF0000FF009C
:1007200000FF0000FF0000FF0000FF0000FF0000CE
:10073000FF0000FF0000FF0000FF0000FF0000FFBF
:100740000000FF0000FF0000FFA210FF8B52FF6EB1
:1007500073FF4C6BFF6D73FF8A52FFA318FF0000FD
:10076000FF0000FF0000FF0000FF0000FF0000FF8F
:100770000000FF0000FF0000FF0000FF0000FF007E
:1007800000FF0000FF0000FF0000FF0000FF00006E
:10079000FF0000FF0000FF0000FF0000FF0000FF5F
:1007A0000000FF0000FF1084FFFFFFFFDEFFFFFFE0
:1007B000FFFFDBDEFF2842FF0000FF0100FF01001A
:1007C000FF0000FF0000FF0000FF0000FF0000FF2F
:1007D0000000FF0000FF0000FF0000FF6A52FFFF63
:1007E000FFFFFFFFFFFEFFFF3CEFFF6D6BFF000011
:1007F000FF0000FF0000FF0100FF0100FF2108FFD4
:10080000A318FF8731FF4E6BFF34ADFF98D6FF7BF7
:10081000EFFFBDFFFFDEFFFFFEFFFFFFFFFFBEF7A5
:10082000FF728CFF2000FF0000FF0000FF0000FFB0
:100830000000FF0000FF0000FF0000FF0000FF00BD
:1008400000FF0100FF0000FF6210FF18C6FFFFFF5E
:10085000FFFEFFFFFFFFFFB6BDFFE320FF0000FF2D
:100860000000FF0000FF0000FF0000FF0000FF008D
:1008700000FF0000FF0000FF2000FF2000FF00003D
:10088000FF0421FFF083FF8B52FF4108FF0000FFB0
:100890002000FF0000FF0000FF0000FF0000FF003D
:1008A00000FF0100FF0100FF4108FFC318FF052101
:1008B000FFEC62FFB6BDFF55ADFFA318FF0000FFC0
:1008C0002000FF0000FF0000FF0000FF0000FF000D
:1008D00000FF0000FF0000FF0000FF0000FF00001D
:1008E000FF0000FF0000FF0000FF0000FF0000FF0E
:1008F0000000FF8631FF39C6FFFFFFFFFDFFFFFF4E
:10090000FFFF75B5FF4529FF0000FFA218FF042176
:10091000FF0421FF0421FF0421FF0421FF0421FF24
:100920000321FF0321FF0321FF0321FF0421FF0413
:1009300021FF0421FF0421FF0421FF0421FF0321E3
:10094000FF0321FF0321FF2421FFC318FF0100FF44
:10095000CF7BFFFEFFFF3BEFFF5CF7FFDADEFF0818
:1009600042FF0000FF0100FF0100FF0000FF000048
:10097000FF0000FF0000FF0000FF0000FF0000FF7D
:100980000000FF0000FF494AFF9EF7FF9CF7FF7B36
:10099000F7FF3BE7FF2C63FF0000FF0000FF0000B4
:1009A000FF2000FFE418FF8A52FFF4A4FFFBDEFFE4
:1009B000BDFFFFDDFFFFBCFFFF9AF7FF5AEFFF3BD4
:1009C000EFFF3AEFFF7BF7FF7CF7FF1084FF20007B
:1009D000FF0000FF0000FF0000FF0000FF0000FF1D
:1009E0000000FF0000FF0000FF0000FF0100FF000B
:1009F00000FF6210FFD6BDFFFEFFFF5AF7FF9CF716
:100A0000FF54B5FFE320FF0000FF0000FF0000FFE0
:100A10000000FF0000FF0000FF0000FF0000FF00DB
:100A200000FF0100FF0000FF4529FF13A5FFFFFFA6
:100A3000FFFBDEFFCB5AFF6210FF0100FF0100FF4A
:100A40000000FF0000FF0000FF0000FF2000FF008B
:100A500000FF4529FF13A5FFBAD6FFDEFFFFDEFF2B
:100A6000FF7DEFFF0C63FF0000FF0000FF0100FFB0
:100A70000100FF0000FF0000FF0000FF0000FF007A
:100A800000FF0000FF0000FF0000FF0000FF00006B
:100A9000FF0000FF0000FF0000FF0000FF6529FFCE
:100AA000F7C5FFDCFFFF7AEFFF9DF7FF7194FFA30F
:100AB00018FF4108FF1084FF79CEFF59CEFF59CEB1
:100AC000FF59CEFF58CEFF58CEFF57CEFF57CEFF6F
:100AD00057CEFF57CEFF57CEFF58CEFF58CEFF5808
:100AE000CEFF58CEFF58CEFF57CEFF57CEFF57CE82
:100AF000FFB9DEFF13A5FF2108FFCF7BFFFEFFFF3D
:100B00003AEFFF7BF7FFBADEFF0742FF0000FF016D
:100B100000FF0100FF0000FF0000FF0000FF0000D9
:100B2000FF0000FF0000FF0000FF0000FF0000FFCB
:100B3000494AFF9DF7FF7BF7FF5BF7FF3BE7FF2C81
:100B400063FF0000FF0100FF6210FF0842FFD39C1B
:100B5000FF1CE7FFBDFFFF7BF7FF3AEFFF1AE7FF40
:100B60001AEFFF5AEFFF5AEFFF3AEFFF1AEFFF5C61
:100B7000F7FF7CF7FF0F84FF0000FF0000FF00007D
:100B8000FF0000FF0000FF0000FF0000FF0000FF6B
:100B90000000FF0000FF0100FF0000FF6210FFD611
:100BA000BDFFDEFFFF3AEFFF7BF7FF54ADFFE32011
:100BB000FF0000FF0000FF0000FF0000FF0000FF3B
:100BC0000000FF0000FF0000FF0000FF0000FF0822
:100BD00042FF75B5FFDDFFFF7BF7FFBCFFFFFAE6C5
:100BE000FF4C6BFF8210FF0000FF0000FF0000FFC2
:100BF0000000FF0000FF0000FF0000FF2529FFBAF2
:100C0000DEFFFEFFFF5AEFFF39EFFFBCF7FFB7BD76
:100C1000FFC318FF0000FF0100FF0100FF0000FFFD
:100C20000000FF0000FF0000FF0000FF0000FF00C9
:100C300000FF0000FF0000FF0000FF0000FF0000B9
:100C4000FF0100FF0000FF6529FFF7C5FFBCFFFFA4
:100C50005AEFFF7DF7FF308CFFA210FF4108FF1411
:100C6000A5FFBEFFFFBDFFFFBDFFFFBDFFFF9CF760
:100C7000FFBCFFFFBDFFFFBDFFFFBDFFFFBDFFFFCF
:100C8000BDFFFFBDF7FFBDFFFFBDFFFFBDFFFFBD08
:100C9000FFFFBDFFFF9DFFFFBDFFFFFFFFFF37CE43
:100CA000FF2108FFCF7BFFFEFFFF3BEFFF7BEFFF46
:100CB000B9DEFF0742FF0000FF0000FF0000FF0059
:100CC00000FF0000FF0000FF0000FF0000FF000029
:100CD000FF0000FF0000FF0000FF494AFF9EF7FFF2
:100CE0005BF7FF5BF7FF3BE7FF2C6BFF0000FFC3E9
:100CF00018FF6E73FF79D6FF7DF7FF7CF7FF3AEFA1
:100D0000FF1AE7FF5BEFFF9CF7FF9DFFFF7CF7FFFC
:100D10001AE7FF1AE7FF3BEFFF5BF7FF5CF7FFEF18
:100D200083FF0000FF0000FF0000FF0000FF000045
:100D3000FF0000FF0000FF0000FF0000FF0000FFB9
:100D40000100FF0000FF6210FFD6BDFFDEFFFF3A8B
:100D5000EFFF7CF7FF54B5FFE320FF0000FF00002A
:100D6000FF0000FF0000FF0000FF0000FF0000FF89
:100D70000000FF0000FF0000FF76B5FFFFFFFF7BD4
:100D8000F7FF1AEFFF3BEFFFBDFFFFFAE6FF2C6B0B
:100D9000FF6208FF0000FF0000FF0000FF0000FFEF
:100DA0000000FF0100FF0000FF8E73FFFFFFFF3A0E
:100DB000EFFF39EFFF5BEFFF3CEFFF0C63FF00003D
:100DC000FF0100FF0100FF0000FF0000FF0000FF27
:100DD0000000FF0000FF0000FF0000FF0000FF0018
:100DE00000FF0000FF0000FF0000FF0100FF000007
:100DF000FF6529FFF7C5FFBDFFFF3AEFFF9CF7FF37
:100E0000508CFFA318FF4108FFF3A4FF9EFFFF7C57
:100E1000F7FF7CF7FF5CF7FF5CF7FF5BF7FF5BF723
:100E2000FF5BF7FF5BF7FF7BF7FF5BF7FF5BF7FF0E
:100E30005BF7FF5BF7FF5BF7FF5BF7FF5BF7FF5BC2
:100E4000F7FF5BF7FFFEFFFFF7C5FF2108FFCF7B32
:100E5000FFFEFFFF3AEFFF5CF7FFBADEFF0742FF3E
:100E60000000FF0000FF0000FF0000FF0000FF0087
:100E700000FF0000FF0000FF0000FF0000FF000077
:100E8000FF0000FF4952FF9EF7FF5BF7FF5CF7FF93
:100E90001CE7FF0C63FFC318FFF083FF1CE7FF9CF8
:100EA000F7FF3AEFFF1AEFFF5AEFFFBDF7FF5CEFD6
:100EB000FF38CEFFD39CFF2C73FF6D73FFFAE6FF64
:100EC0007BF7FF5BF7FF5BEFFFEF83FF2000FF0087
:100ED00000FF0000FF0000FF0000FF0000FF000017
:100EE000FF0000FF0000FF0000FF2100FF0000FFE7
:100EF0006210FFD6BDFFFEFFFF3AEFFF7CF7FF5405
:100F0000B5FFE320FF0000FF0000FF0000FF00002E
:100F1000FF0000FF0000FF0000FF0000FF0000FFD7
:100F20000000FF6A4AFFD8BDFFBDFFFF7AEFFF1B3D
:100F3000EFFF3CF7FF9CFFFFBADEFFEC62FF4108CA
:100F4000FF0000FF0000FF0000FF2000FF2100FF66
:100F50000000FFC318FFDBDEFFDDFFFF3AEFFF3AC3
:100F6000EFFF9CF7FF75B5FFC318FF0000FF0100FE
:100F7000FF0000FF0000FF0000FF0000FF0000FF77
:100F80000000FF0000FF0000FF0000FF0000FF0066
:100F900000FF0000FF0000FF0000FF6529FFF7C50C
:100FA000FFBDFFFF3AEFFF7CF7FF518CFFA318FF57
:100FB0004108FFB29CFF5DEFFF3BEFFF1BE7FF1B0C
:100FC000EFFF1BEFFF3BEFFF3BEFFF3BEFFF3BEF85
:100FD000FF3BEFFF1BE7FF1CE7FF1CE7FF1BE7FFE3
:100FE0001CE7FF1BE7FF1BE7FF1BE7FF1BE7FFBE3D
:100FF000FFFFB6BDFF2108FFCF7BFFFEFFFF3AEFEB
:10100000FF5CF7FFDADEFF0742FF0000FF0000FF92
:101010000000FF0000FF0000FF0000FF0000FF00D5
:1010200000FF0000FF0000FF0000FF0000FF49522A
:10103000FF7EFFFF5BF7FF5CF7FFDBDEFFEC62FF8D
:101040008E73FF3CEFFF7CF7FF1BEFFF1AEFFF9C57
:10105000F7FF9DF7FF96B5FFCB5AFF6531FFC31829
:10106000FF2108FF4529FFFAE6FF9BF7FF5BF7FF2B
:101070005BEFFFEF7BFF2000FF0000FF0000FF00A1
:1010800000FF0000FF0000FF0000FF0000FF000065
:10109000FF0000FF2100FF0000FF6210FFD6BDFF30
:1010A000DEFFFF3AEFFF7CF7FF54B5FFE320FF00C0
:1010B00000FF0000FF0000FF0000FF0000FF000035
:1010C000FF0000FF0000FF0000FF0000FF0000FF26
:1010D0006631FF54ADFFDEFFFF7CF7FF1AEFFF7CA8
:1010E000F7FFDFFFFF7294FF8210FF0000FF000098
:1010F000FF0000FF0000FF2100FF0100FF0000FFD4
:101100000F84FFFFFFFF3AEFFF39EFFF7BEFFFDBBD
:10111000DEFFAA52FF0000FF0100FF0000FF0000F9
:10112000FF0000FF0000FF0000FF0000FF0000FFC5
:101130000000FF0000FF0000FF0100FF0000FF00B3
:1011400000FF0000FF4529FFB6BDFFBDFFFF3BF7D5
:10115000FF7CF7FF308CFFA210FF2000FF8631FFDD
:101160006952FF6952FF694AFF6952FF494AFF69A4
:1011700052FF6952FF6952FF6952FF6952FF69527B
:10118000FF6952FF6952FF6952FF6952FF694AFFC6
:10119000694AFF694AFF694AFF8A52FFE841FF2115
:1011A00000FFCF7BFFFEFFFF3AEFFF5BF7FFBADEEA
:1011B000FF0742FF0000FF0000FF0000FF0000FFEC
:1011C0000000FF0000FF0000FF0000FF0000FF0024
:1011D00000FF0000FF0000FF4952FF9EFFFF5BF78A
:1011E000FF3CEFFFFAE6FF95B5FFDADEFF9CF7FF65
:1011F00019EFFF3BEFFFBEFFFFBBDEFF0C63FFE31A
:1012000018FF2108FF0000FF2100FF0000FF6529F3
:10121000FF1BE7FF9BF7FF5BF7FF5BF7FF0F84FF09
:101220002000FF0000FF0000FF0000FF0000FF00A3
:1012300000FF0000FF0000FF0000FF0000FF0100B2
:10124000FF0000FF6210FFD6BDFFDEFFFF3AEFFF99
:101250007CF7FF54B5FFE320FF0000FF0000FF0014
:1012600000FF0000FF0000FF0000FF0000FF000083
:10127000FF0000FF0000FF0100FF0000FF0421FF4E
:10128000B39CFFFEFFFFBBF7FF7CF7FF7194FFE30A
:1012900020FF2108FF0000FF0000FF0000FF00000A
:1012A000FF0000FF0108FF0000FF0421FF3CEFFFEB
:1012B0009CF7FF19E7FF5AEFFF7CF7FF9194FF417E
:1012C00008FF0000FF0000FF0000FF0000FF00001B
:1012D000FF0000FF0000FF0000FF0000FF0000FF14
:1012E0000000FF4108FF8E73FF9194FF0C6BFF0C11
:1012F00063FF37C6FF9CF7FF5AEFFF7BF7FF0F84B2
:10130000FF0842FF0C63FF0421FF2108FF2008FFB4
:101310002008FF2008FF2000FF2008FF2008FF20F2
:1013200008FF2008FF2008FF2108FF2108FF2008F0
:10133000FF2008FF2008FF2108FF2108FF2108FFE8
:101340002008FF2008FF2000FF0100FFCF7BFFFEE9
:10135000FFFF3AEFFF5BF7FFDADEFF0742FF000017
:10136000FF0000FF0000FF0000FF0000FF0000FF83
:101370000000FF0000FF0000FF0000FF0000FF0072
:1013800000FF4952FF9EFFFF7BF7FF1BEFFF3AEF85
:10139000FF9CF7FF5BF7FF1AEFFF3AEFFFBEFFFF7F
:1013A000F8C5FFA739FF2000FF0000FF2000FF0065
:1013B00000FF0100FF0000FF6531FF1BE7FF9CF706
:1013C000FF5BF7FF7BF7FF0F84FF2000FF0000FFAC
:1013D0000000FF0000FF0000FF0000FF0000FF0012
:1013E00000FF0000FF0000FF0000FF0000FF621090
:1013F000FFB6BDFFFEFFFF3BEFFF7CF7FF34ADFF05
:10140000E320FF0000FF0000FF0000FF0000FF00DE
:1014100000FF0000FF0000FF0000FF0100FF0100CF
:10142000FF2000FF0000FF0000FFC318FFB39CFF78
:101430007DEFFF0F84FF4108FF2000FF2008FF0021
:1014400000FF0000FF0000FF0000FF0000FF0000A1
:10145000FF0000FF0000FFD19CFFFEFFFF3BEFFFFE
:101460003BEFFF7CF7FF59CEFFA739FF0000FF00DD
:1014700000FF0000FF0000FF0000FF0000FF000071
:10148000FF0000FF0000FF0000FF0000FF6108FFF9
:1014900038C6FFFFFFFFFFFFFFBEFFFF5CEFFF3A15
:1014A000EFFF3AEFFF3AEFFF99D6FF3CEFFFFFFF68
:1014B000FF2D63FF4108FFE741FF494AFF484AFF0C
:1014C000494AFF484AFF484AFF484AFF484AFF48FE
:1014D0004AFF484AFF484AFF484AFF484AFF484AED
:1014E000FF484AFF484AFF484AFF8A52FF0429FF43
:1014F0002000FF0000FFCF7BFFFEFFFF3AEFFF5B06
:10150000EFFFDADEFF0742FF0000FF0000FF0000F0
:10151000FF0000FF0000FF0000FF0000FF0000FFD1
:101520000000FF0000FF0000FF0000FF4952FF9E87
:10153000F7FF7BF7FF3AEFFF1AEFFF1AE7FF1AE713
:10154000FF1AEFFF9DF7FFF7C5FFC739FF0000FF48
:101550000100FF2000FF0000FF0100FF2100FF004D
:1015600000FF6531FF1BE7FF9CF7FF5BF7FF7BEF99
:10157000FFEF83FF0000FF0000FF0000FF0000FFFF
:101580000000FF0000FF0000FF0000FF0000FF0060
:1015900000FF0000FF0000FF6110FFB5B5FFDDFF99
:1015A000FF3BEFFF7CF7FF54ADFFE320FF0000FFA0
:1015B0000000FF0000FF0000FF0000FF0000FF2010
:1015C00000FF2000FF0100FF0000FF0421FFA639FB
:1015D000FF2108FF0000FFE418FF6A4AFFA318FF7D
:1015E0000100FF0100FF0100FF0100FF0000FF00FC
:1015F00000FF0000FF2000FF0108FF2100FF0000A6
:10160000FF074AFFBDF7FF5CF7FF3AEFFF7BF7FFED
:101610003DE7FF6E63FF0000FF0000FF0100FF00D9
:1016200000FF0000FF0000FF0000FF0000FF0000BF
:10163000FF0000FF0000FF6108FFF7C5FFDDFFFFAF
:101640003BEFFF5BEFFF3BEFFF1AEFFF1AEFFF3AB5
:10165000EFFF7DF7FF7CF7FFDDFFFFB5B5FFE7414B
:10166000FFBAD6FFFFFFFFDEFFFFDEFFFFDDFFFF5C
:10167000DDFFFFDEFFFFDEFFFFDEFFFFDEFFFFDD42
:10168000FFFFDDFFFFDDFFFFDDFFFFDDFFFFDDFF14
:10169000FFFDFFFFFFFFFF6D73FF4108FF0000FF2D
:1016A000CF7BFFFEFFFF3BEFFF7CF7FFDADEFF079C
:1016B00042FF0000FF0000FF0000FF0000FF0000ED
:1016C000FF0000FF0000FF0000FF0000FF0000FF20
:1016D0000000FF0000FF4952FF9EF7FF7BF7FF3B32
:1016E000EFFF3AEFFF1AEFFF1AEFFF7CF7FFBADECA
:1016F000FF6A52FF0000FF2000FF2100FF2000FFD3
:101700000000FF0100FF2100FF0000FF6531FF1B0B
:10171000E7FF9CF7FF5BF7FF7BF7FFEF83FF00001E
:10172000FF0000FF0000FF0000FF0000FF0000FFBF
:101730000000FF0000FF0000FF0000FF0000FF00AE
:1017400000FF6110FFB5B5FFDDFFFF3BEFFF7CF74A
:10175000FF54ADFFE320FF0000FF0000FF0000FF8B
:101760000000FF0000FF0100FF0100FF2100FF005B
:1017700000FFE418FFD7BDFFBEF7FFEB62FF82104A
:10178000FF0000FF0000FF0000FF0100FF0100FF5D
:101790000100FF0100FF0100FF2000FF4108FF6280
:1017A00008FF6108FF6108FF6208FF4108FF76B586
:1017B000FFFEFFFF5BF7FF9DF7FFFCE6FFF083FFF7
:1017C0004108FF0000FF0000FF0000FF0000FF00D5
:1017D00000FF0000FF0000FF0000FF0000FF00000E
:1017E000FFC318FF79CEFFBDFFFF3BEFFF3BEFFFCD
:1017F0001BEFFF1AEFFF1AE7FF1AEFFF3BEFFF3A6D
:10180000EFFF5BEFFF3CEFFF508CFF17CEFF9CF725
:10181000FF7AF7FF5AF7FF5AEFFF5BEFFF5BEFFF2F
:101820005BF7FF7CF7FF7BF7FF5BF7FF7BF7FF5B67
:10183000F7FF5BEFFF5BF7FF7BF7FF7BF7FFFDFF3A
:10184000FF2C6BFF4108FF0000FFCF7BFFFFFFFF76
:101850003BEFFF7CF7FFDADEFF0742FF0000FF00EF
:1018600000FF0000FF0000FF0000FF0000FF00007D
:10187000FF0000FF0000FF0000FF0100FF0000FF6D
:101880004952FF9EFFFF7BF7FF3BEFFF3AEFFF1A46
:10189000EFFF5BF7FF7CF7FF518CFFA310FF2000E9
:1018A000FF2000FF0000FF0000FF0000FF0100FF1D
:1018B0000000FF0000FF6531FF1BE7FF9CF7FF5BA7
:1018C000F7FF7BEFFFEF83FF0000FF0000FF00004A
:1018D000FF0000FF0000FF0000FF0000FF0000FF0E
:1018E0000000FF0000FF0000FF0000FF6110FFB5D7
:1018F000B5FFDDFFFF3BEFFF7CF7FF54ADFFE320BB
:10190000FF0000FF0000FF0000FF0000FF0000FFDD
:101910000100FF0100FF0000FF2521FF56ADFFFF82
:10192000FFFFBEFFFF7DEFFFCF7BFFC318FF00006F
:10193000FF0000FF0000FF0000FF0000FF0000FFAD
:101940000000FF0000FFC739FF8E73FFAE7BFFAEC4
:1019500073FFF07BFFE839FF0C63FF1CE7FF59CEF4
:10196000FFB29CFFAB5AFFE420FF2000FF2000FFE6
:101970006210FF6210FF2000FF0000FF0000FF0068
:1019800000FF0000FF0000FF0000FF2529FFDBE64D
:10199000FF9DFFFF3BEFFF3BEFFF3BEFFF1AE7FF32
:1019A0001AEFFF1AEFFF3BEFFF3AEFFF1AEFFF5C72
:1019B000EFFFB9DEFFD9DEFF5AEFFF3AEFFF1AEF74
:1019C000FF3AEFFF5BEFFF7BEFFF7CF7FF7CF7FF5A
:1019D0007CF7FF7CF7FF7CF7FF7CF7FF3BEFFF3BDB
:1019E000EFFF3BEFFF3BEFFFDDFFFF2C6BFF4108FD
:1019F000FF0000FFCF7BFFFEFFFF3BEFFF7CEFFF11
:101A0000D9DEFF0742FF0000FF0000FF0000FF00DB
:101A100000FF0000FF0000FF0000FF0000FF0000CB
:101A2000FF0000FF0100FF0000FF4952FF9EF7FF8B
:101A30007CF7FF3BEFFF3AEFFF3AEFFF7BF7FF58F2
:101A4000CEFF2842FF0000FF0000FF2000FF000043
:101A5000FF0000FF0000FF0100FF0100FF0000FF8A
:101A60006531FF1BE7FF9CF7FF5BF7FF7BEFFFEFA5
:101A700083FF0000FF0000FF0000FF0000FF0000E8
:101A8000FF0000FF0000FF0000FF0000FF0000FF5C
:101A90000000FF0000FF6110FFB5B5FFDDFFFF3B59
:101AA000EFFF7CF7FF54ADFFE320FF0000FF0000D5
:101AB000FF0000FF0000FF0000FF0100FF0000FF2B
:101AC0006208FF15A5FFFFFFFF5BEFFF1BEFFF9D08
:101AD000F7FF7DEFFF718CFF2421FF0000FF210045
:101AE000FF2108FF2000FF0000FF0000FF0000FFB3
:101AF0008D73FF7DEFFFBEF7FF9DF7FFFFFFFFB781
:101B0000BDFFE420FFCB5AFFA739FF4110FF0000C3
:101B1000FF4108FF2421FF6A4AFFF083FFEB5AFFD1
:101B2000A210FF0000FF0000FF0000FF0000FF0008
:101B300000FF0000FFC739FF3CEFFF9CF7FF3AEFC3
:101B4000FF3AEFFF3BEFFF1AE7FF1AEFFF1AEFFF35
:101B500078D6FFD9E6FF1AEFFF1BEFFF5BF7FF5BBD
:101B6000EFFF3AEFFF3AEFFF7CF7FF58CEFF518CC3
:101B7000FF7194FF9294FF9294FF9294FF9294FFCE
:101B80007194FFB29CFF58CEFF5CEFFF3BEFFF5B11
:101B9000EFFFDDFFFF2C6BFF4108FF0000FFCF7B55
:101BA000FFFEFFFF3AEFFF7CEFFFDADEFF0842FFA8
:101BB0000000FF0000FF0000FF0000FF0000FF002A
:101BC00000FF0000FF0000FF0000FF0000FF010019
:101BD000FF0000FF4952FF9EF7FF7CEFFF3AEFFF47
:101BE0003AEFFF3AEFFF7BF7FFD29CFFC318FF00ED
:101BF00000FF0000FF0000FF0000FF0000FF0000EA
:101C0000FF0100FF0000FF0000FF6531FF1BE7FF41
:101C10009CF7FF5BF7FF7BF7FFEF83FF0000FF0000
:101C200000FF0000FF0000FF0000FF0000FF0000B9
:101C3000FF0000FF0000FF0000FF0000FF0000FFAA
:101C40006110FFB5B5FFFEFFFF3BEFFF7CF7FF54D0
:101C5000ADFFE320FF0000FF0000FF0000FF0000D9
:101C6000FF0000FF0000FF0000FF6208FF1184FF7B
:101C70005EEFFF9DF7FF1AEFFF1CEFFF7CF7FF5CA5
:101C8000EFFFB39CFF0421FF0421FF4D6BFFAF73F7
:101C9000FFCB5AFF494AFFC320FF4C73FF5CEFFFA5
:101CA0007BEFFF5BEFFFFFFFFF34A5FF0000FF00AE
:101CB00000FF0000FF0000FFC318FF6E73FF96B522
:101CC000FFBAD6FFBEF7FFF7C5FF8631FF0000FF62
:101CD0000000FF0000FF0000FF2000FF0000FFAB3E
:101CE0005AFFBEFFFF5BF7FF3BEFFF98D6FFB8D66A
:101CF000FF5BEFFF5BEFFF1BE7FFB29CFF55ADFF04
:101D00003BEFFF3BEFFF3BEFFF3AEFFF1BEFFF1A0D
:101D1000E7FFFFFFFF13A5FF6110FF8210FF821096
:101D2000FF8210FF8210FF8210FF6208FF0421FF74
:101D300013A5FF7CF7FF3BEFFF3AEFFFDDFFFF2C22
:101D40006BFF4108FF0000FFCF7BFFFEFFFF3AEF74
:101D5000FF7CEFFFDADEFF0842FF0000FF0100FF1B
:101D60002000FF0000FF0000FF0000FF0000FF0058
:101D700000FF0000FF2100FF0100FF0000FF4952AB
:101D8000FF9EF7FF7BEFFF3AEFFF3AEFFF5BF7FFB6
:101D90003BEFFF8E73FF2108FF0000FF0000FF00F4
:101DA00000FF0000FF0000FF0000FF0100FF000037
:101DB000FF0000FF6531FF1BE7FF9CF7FF5BF7FFAC
:101DC0005BEFFFCF7BFF0000FF0000FF0000FF0084
:101DD00000FF0000FF0000FF0000FF0000FF000008
:101DE000FF0000FF0000FF0000FF6110FF95B5FF3E
:101DF000FEFFFF3BEFFF7CF7FF54ADFFE320FF004A
:101E000000FF0000FF0000FF0000FF0000FF0000D7
:101E1000FF2000FF0000FFA210FFCB5AFFFBE6FFF0
:101E2000BDFFFF3AEFFF3AEFFFBDFFFF97B5FFE4BD
:101E300020FF2842FF79CEFF9DF7FF1BE7FFBBDEA7
:101E4000FFEB62FFEB62FF3BEFFF5BEFFF3BEFFF60
:101E5000FFFFFF9194FF0000FF0000FF0000FF0064
:101E600000FF4529FF76B5FFDDFFFF9BF7FF9BF7DE
:101E7000FF5BEFFF2C6BFF6108FF2000FF0000FFFE
:101E80002000FF0000FF0000FF6E73FFFEFFFF3B1E
:101E9000F7FF3CEFFF53ADFFF6BDFF7CF7FF5BEFB5
:101EA000FF5CF7FFCE7BFF4D6BFFDBDEFF9CF7FF98
:101EB000BDFFFF5BEFFF1BEFFF1AE7FFFFFFFFD246
:101EC0009CFF0000FF0000FF0000FF0000FF00007B
:101ED000FF0000FF0000FFC318FFD3A4FF7CF7FF43
:101EE0005BEFFF3AEFFFDDFFFF0C63FF4108FF00F0
:101EF00000FFCF7BFFFEFFFF3AEFFF7CEFFFDADE54
:101F0000FF0742FF0000FF0100FF0000FF4429FF20
:101F1000AE73FF718CFF9294FF4D6BFF8210FF0137
:101F200000FF0100FF0000FF4952FF9EF7FF7BEF1B
:101F3000FF3AEFFF3AEFFF7CF7FFFBDEFFCB5AFFE4
:101F40000000FF0000FF0000FF0000FF0000FF0096
:101F500000FF2000FF0100FF0000FF0000FF6531CF
:101F6000FF1BE7FF9DF7FF5BF7FF5BF7FFD6C5FFA2
:101F70001084FF1084FF1084FF1084FF1084FF1072
:101F800084FF1084FF1084FF1084FF1084FF1084EE
:101F9000FF1084FF318CFF9AD6FF7CF7FF3BEFFFE9
:101FA0007CF7FF54ADFFE320FF0000FF0000FF00BF
:101FB00000FF0000FF0000FF0000FF0000FF000026
:101FC000FF0000FF2108FFC739FF7ACEFFDEFFFFC9
:101FD000DCFFFF79D6FFE841FF4108FFCA5AFF1A2C
:101FE000E7FFBCFFFF9CF7FF7DF7FFEC62FFCB5ADA
:101FF000FF3BEFFF3BEFFF3BEFFFFFFFFF9194FF46
:102000000000FF0000FF0100FF0000FF8210FFAE94
:102010007BFF7CF7FF5BEFFF3AEFFFBDFFFF34A5CF
:10202000FF0421FF0000FF0000FF0100FF0000FF90
:102030000000FF9394FFFFFFFF3AEFFF3BEFFF909D
:1020400094FF74B5FFBDF7FF5BEFFF7DF7FFAE7345
:10205000FF8631FF18C6FF9CF7FF16C6FFB9DEFFEB
:102060005CEFFF1AEFFFDDFFFF75B5FFA639FFA795
:1020700039FFC739FFC739FFC739FFC739FFA6394D
:10208000FF284AFF74B5FF7BF7FF3AEFFF5AEFFFD7
:10209000DEFFFF0C63FF4108FF0000FFCF7BFFFE68
:1020A000FFFF3AEFFF7CEFFFDADEFF0742FF0100A0
:1020B000FF0100FF2108FFAE7BFF5DEFFFDDFFFFAB
:1020C000DEFFFF7DEFFF284AFF2108FF0100FF0030
:1020D00000FF4952FF9EF7FF7BEFFF3AEFFF3AEF19
:1020E000FF7CF7FF99D6FF494AFF0000FF0000FF81
:1020F0000000FF0000FF0000FF0000FF0000FF01E4
:1021000000FF0000FF0000FF6531FF1BE7FF9DF7A8
:10211000FF1BEFFF3AEFFF7CF7FFBDFFFFBDFFFFA7
:10212000BDFFFFBDFFFFBDFFFFBDFFFFBDFFFFBD4B
:10213000FFFFBDFFFFBDFFFFBDFFFFBDFFFFBEFFF8
:10214000FF5CEFFF1BEFFF3AF7FF7CF7FF54ADFF9B
:10215000E320FF0000FF0000FF0000FF0000FF0081
:1021600000FF0000FF0000FF0000FF2100FF010052
:10217000FF2000FF2529FF59CEFF3CE7FFAB52FFB0
:102180002008FF4108FF4D6BFF5BF7FF7BF7FF7BEC
:10219000F7FF1BE7FF284AFFCB62FF3CEFFF3BEF57
:1021A000FF3AEFFFFEFFFF9294FF0000FF0100FFE8
:1021B0000100FF0000FF0000FF294AFF9AD6FF9DA3
:1021C000F7FF1BE7FF9DFFFFDBDEFFE739FF0000A6
:1021D000FF2000FF0100FF0000FF0000FF97B5FF98
:1021E000FFFFFF3AEFFFFAE6FFCD7BFF33ADFFBD08
:1021F000FFFF5BF7FF9DF7FF1084FFA210FF4D6B01
:10220000FF8952FF4531FF58CEFF7EF7FF3AEFFFBF
:102210005AEFFF1BEFFF1BEFFF1BEFFF3AEFFF3AF9
:10222000EFFF3BEFFF3BEFFF3BEFFF1AEFFF1AEF34
:10223000FF3AEFFF3AEFFF3AEFFFDEFFFF0C63FFDD
:102240004108FF0000FFCF7BFFFEFFFF3AEFFF7C5E
:10225000F7FFDADEFF0842FF0000FF0000FF8731D2
:10226000FFD8BDFF9DF7FF3AEFFF3BEFFFDFFFFF1A
:10227000F39CFF8210FF0000FF0000FF4952FF9E09
:10228000FFFF7CF7FF1AEFFF1AEFFF7CF7FFB9D6CD
:10229000FF6952FF0000FF0000FF0000FF0000FF89
:1022A0000000FF0000FF0000FF0100FF0000FF0032
:1022B00000FF6531FF1BE7FF9CF7FF1AEFFF3BEFC5
:1022C000FF3BEFFF3BEFFF3BEFFF1BEFFF1BEFFF82
:1022D0001BEFFF3BEFFF3BEFFF3BEFFF1BEFFF1958
:1022E000EFFF39E7FF19E7FF3AEFFF3BEFFF1BEF87
:1022F000FF3AEFFF7BEFFF54ADFFE320FF0000FF4D
:102300000000FF0000FF0000FF0000FF0000FF00D2
:1023100000FF0000FF0000FF0000FF2100FF200081
:10232000FF4529FF6A4AFF2000FF0100FFA210FFBE
:10233000108CFF7CF7FF5BEFFF9CFFFFD9E6FFE708
:1023400041FF0B63FF5CEFFF5BF7FF1AEFFFFEFF40
:10235000FF9294FF0000FF0000FF0100FF2100FF3B
:102360000100FF2429FF34ADFFBDFFFF3BEFFF3C21
:10237000F7FFDDFFFFCE7BFF8210FF2000FF000094
:10238000FF0000FFA208FFFDE6FFFFFFFF7BF7FF56
:10239000D9DEFF0A63FF33ADFFBDFFFF5BEFFF9D9B
:1023A000F7FF518CFFA318FF0000FF0000FF452935
:1023B000FF9AD6FF7DF7FF3BEFFF1AE7FF3BEFFFEA
:1023C0005BF7FF5BEFFF5BEFFF5BEFFF5BF7FF5C34
:1023D000F7FF5CEFFF5CF7FF3CF7FF1BEFFF3AEF07
:1023E000FF3AEFFFDEFFFF0C63FF4108FF0000FF35
:1023F000CF7BFFFEFFFF3AEFFF5BF7FFDADEFF0761
:1024000042FF0000FF2108FF4D6BFF3BEFFF7BF712
:10241000FF3AEFFF3AEFFF9DF7FF1CE7FFC739FFD9
:102420002000FF0000FF4952FF9EF7FF5CF7FF3AD4
:10243000EFFF3BEFFF7CF7FFFBE6FF0C63FF0000C5
:10244000FF0100FF0000FF0000FF0000FF0000FF91
:102450000000FF0100FF0000FF0000FF6531FF1BCF
:10246000E7FF7BF7FF1AE7FF3BEFFF5CEFFF7CF72F
:10247000FF7CF7FF7CF7FF7CF7FF7CF7FF7BF7FF24
:102480007BF7FF7BF7FF7BF7FF7BF7FF7CEFFF7CA2
:10249000F7FF7BF7FF3BEFFF1AEFFF3AEFFF7CEF11
:1024A000FF54ADFFE320FF0000FF0000FF0000FF2E
:1024B0000000FF0000FF0000FF0000FF0000FF0021
:1024C00000FF0000FF0100FF2008FF8210FF6210E4
:1024D000FF0000FF0000FF0421FFD39CFF9DFFFFD2
:1024E0003AEFFFBCFFFF79CEFFA639FF0B63FF5B1E
:1024F000EFFF5BF7FF3AEFFFFEFFFF9194FF000055
:10250000FF0000FF0000FF0000FF0000FF4108FF88
:102510006D73FF5AEFFF5BEFFF1BEFFFBDFFFFB6D1
:10252000BDFF2429FF0000FF0108FF0000FFE418A1
:10253000FF39C6FF5CEFFF7EF7FF59CEFF6952FF00
:1025400053ADFFBDFFFF5BEFFF9CF7FF518CFFA377
:1025500018FF0100FF0000FF4531FF78D6FF7CF730
:10256000FF3BEFFF3AEFFF5BF7FF9DF7FF9DF7FFA4
:10257000BDF7FFBEF7FFBEF7FFBEF7FF9EF7FF9E5A
:10258000F7FF5CF7FF3BEFFF1AEFFF5AEFFFDEFFAD
:10259000FF0C63FF4108FF0000FFCF7BFFFEFFFF42
:1025A0003AEFFF5BF7FFBADEFF0742FF0000FF864E
:1025B00031FFB6BDFF9CF7FF3BEFFF5CF7FF3BF73A
:1025C000FF3BEFFFFFFFFFB294FF6108FF0000FF3A
:1025D000494AFF7DF7FF5CF7FF3AEFFF3BEFFF5BF8
:1025E000F7FF5BEFFFCF7BFF2108FF0000FF00003C
:1025F000FF0000FF0000FF0000FF0000FF0100FFE0
:102600000000FF0000FF6531FF1AE7FF7BF7FF3B8B
:10261000EFFF3BEFFFB8D6FF16C6FF17C6FF17C682
:10262000FF37C6FF17CEFF17CEFF17CEFF17CEFF1F
:1026300017CEFF17CEFF18CEFF17C6FF17C6FFFA3B
:10264000E6FF3BF7FF3BEFFF7CEFFF54ADFFE320DE
:10265000FF0000FF0000FF0000FF0000FF0000FF80
:102660000000FF0000FF0000FF0000FF0100FF006E
:1026700000FF6210FF9394FF7294FF4629FF6210DF
:10268000FF4529FF56ADFF9DFFFF3AEFFFBDFFFF5E
:10269000D6BDFF6529FF0C63FF5BEFFF3BEFFF3A01
:1026A000EFFFFFFFFF9194FF0000FF0000FF00001D
:1026B000FF0100FF0000FF0000FF2842FF78CEFF6F
:1026C0009CF7FF3AEFFF9BF7FF3BEFFF284AFF2005
:1026D00008FF0100FF2100FF2000FFA318FF863143
:1026E000FF6A52FFAB5AFF8639FF95B5FFBDFFFF6A
:1026F0005BEFFF9DF7FF518CFFA318FF0100FF0068
:1027000000FF2429FF79D6FF7BF7FF3AEFFF9DF703
:10271000FFD6BDFF4C6BFF4C6BFF4D6BFF4D6BFF4E
:102720004D6BFF4D6BFF2C6BFF8E73FFD6C5FF3BD0
:10273000EFFF3AEFFF5AEFFFDEFFFF0C63FF4108A8
:10274000FF0000FFCF7BFFFEFFFF3AEFFF5BF7FFCD
:10275000DADEFF0842FF4108FF4D6BFF3BEFFF9CB5
:10276000F7FF3CEFFF54ADFFF6C5FF5AEFFFBCFF8C
:10277000FF3CE7FFA631FF0000FF4952FF7DF7FF56
:102780005CEFFF3AEFFF3AEFFF5BEFFF7CF7FF13E1
:10279000A5FF0421FF2000FF2000FF0000FF000034
:1027A000FF0000FF0000FF0100FF0000FF0000FF2E
:1027B0006531FF1BE7FF7BF7FF5BEFFF5BEFFF7010
:1027C0008CFF0421FF0421FF2429FF2429FF242951
:1027D000FF2429FF2429FF2429FF2429FF2429FF7E
:1027E0002529FF0421FF2429FFD7BDFFDEFFFF3A83
:1027F000EFFF7CEFFF54ADFFE320FF0000FF000080
:10280000FF0000FF0000FF0000FF0000FF0000FFCE
:102810000000FF0000FF2100FF0000FF0421FFFB7C
:10282000E6FFBEFFFF79D6FF4D6BFFC739FFB7BD8F
:10283000FF9DFFFF3AEFFFBDFFFF34ADFF2421FFF7
:102840004C6BFF5CEFFF3BEFFF3AEFFFFFFFFF91A9
:1028500094FF0000FF0000FF0000FF0100FF0100E7
:10286000FF0000FF4529FF55ADFF9CF7FF3AEFFF42
:102870005BEFFFBDFFFFEF83FF8210FF0100FF2032
:1028800000FF0008FF0000FF0000FF0000FF000045
:10289000FF4529FFD6BDFFBDFFFF5BEFFF9CF7FFA4
:1028A000518CFFA318FF0100FF0000FF4529FF79AD
:1028B000D6FF7BF7FF19EFFFFFFFFFD39CFF000060
:1028C000FF0000FF0000FF0000FF0000FF0000FF0E
:1028D0000000FFC318FFD3A4FF5CF7FF3AEFFF5AD5
:1028E000EFFFDEFFFF0C63FF4108FF0000FFCF7B1F
:1028F000FFFEFFFF3AEFFF5BF7FFBADEFFE841FFA5
:102900006529FF96B5FFBDF7FF9DF7FF79D6FF2834
:102910004AFF4D6BFF3BEFFF5AF7FFFEFFFFB39CF3
:10292000FF2000FF284AFF9EF7FF5CF7FF1AEFFF2A
:102930003AEFFF3BEFFF9CF7FF78D6FF294AFF00F5
:1029400000FF2000FF0000FF0000FF0000FF00006C
:10295000FF0100FF0000FF0000FF6531FF1BE7FFE4
:102960009CF7FF5AEFFF5BEFFFEF83FF0000FF00D4
:1029700000FF0000FF0000FF0000FF0000FF00005C
:10298000FF0000FF0000FF0000FF0000FF0000FF4D
:102990006210FFB6B5FFDEFFFF3AEFFF7CF7FF5492
:1029A000ADFFE320FF0000FF0000FF0000FF00007C
:1029B000FF0000FF0000FF0000FF0000FF0000FF1D
:1029C0000100FF2000FFCB5AFFBEFFFF7BF7FFDDBA
:1029D000FFFF76B5FF8952FF37C6FF9CFFFF3BEF35
:1029E000FF9DFFFF518CFFC318FF4D6BFF5CEFFF96
:1029F0005BF7FF3AEFFFFFFFFF9194FF0000FF003E
:102A000000FF0000FF0100FF0000FF0000FF621058
:102A1000FFEF83FF5BEFFF7BF7FF7CEFFFFFFFFF25
:102A2000D7BDFFE418FF0000FF0000FF0100FF0119
:102A300000FF0000FF0000FF0000FF6529FFD6BD7A
:102A4000FFBDFFFF3BEFFF9CF7FF518CFFA318FF7B
:102A50000100FF0000FF2429FF79D6FF7CF7FF3A31
:102A6000EFFFFFFFFFD3A4FF0000FF0000FF000007
:102A7000FF0000FF0000FF0000FF0000FFE318FF61
:102A8000F4A4FF7CF7FF3BEFFF5AEFFFDEFFFF0CE4
:102A900063FF4108FF0000FFCF7BFFFEFFFF3AEF1F
:102AA000FF5CF7FF99D6FFA639FFCB5AFF3BE7FF44
:102AB0007DF7FF7DF7FFB29CFFE320FF4529FF185C
:102AC000C6FF7CF7FF9BF7FF3DEFFF2529FF853908
:102AD000FF9EF7FF5BF7FF1AEFFF3AEFFF3BEFFFB9
:102AE0005BEFFF5CEFFF1084FF8210FF0000FF0030
:102AF00000FF0000FF0000FF0000FF0100FF0000DA
:102B0000FF0000FF6531FF1BE7FF9CF7FF5BEFFF56
:102B10007BF7FFEF83FF0000FF0000FF0100FF01D4
:102B200000FF0000FF0000FF0000FF0000FF0000AA
:102B3000FF0000FF0100FF0000FF6210FFD6BDFF95
:102B4000DDFFFF3BEFFF7CF7FF54ADFFE318FF0015
:102B500000FF0000FF0000FF0000FF0000FF00007A
:102B6000FF0000FF0000FF0000FF0100FF2108FF41
:102B7000F4A4FFFDFFFF3AEFFF5BEFFF308CFFAAED
:102B80005AFFFADEFF9CF7FF5CF7FF7CF7FF6D73DF
:102B9000FF6210FF4D6BFF5CEFFF3BF7FF3AEFFF6B
:102BA000FFFFFF9194FF0000FF0000FF0000FF0106
:102BB00000FF0000FF0100FF0100FFAA5AFFDADE5C
:102BC000FFDDFFFF3CEFFFF8C5FFF07BFFA210FF2A
:102BD0000000FF0000FF0100FF0100FF0000FF00F8
:102BE00000FF0000FF6529FFD6BDFFBDFFFF3BEFE3
:102BF000FF7DF7FF318CFFA318FF0000FF0000FFEF
:102C00002429FF79D6FF7CF7FF3BEFFFBDF7FFF7E5
:102C1000C5FF2C6BFF2D6BFF4D6BFF2D6BFF2C6BDE
:102C2000FF2C6BFF4C6BFF8E73FFD6BDFF5CEFFF7D
:102C30003BEFFF5BEFFFDDFFFF0C63FF4108FF0091
:102C400000FFCF7BFFFEFFFF1AEFFF5BF7FF79D698
:102C5000FF294AFFD39CFFBDFFFF7CF7FFBADEFFD1
:102C6000AA52FF2108FF2108FFEF83FF7DF7FF39FC
:102C7000EFFFFEFFFFF083FFA531FF5CF7FF7BF75F
:102C8000FF3AEFFF3AEFFF3AEFFF3AEFFF9CF7FF13
:102C900038C6FFE841FF0000FF0100FF0100FF20F0
:102CA00000FF0000FF0100FF0000FF0000FF653192
:102CB000FF1BE7FF9CF7FF5BEFFF7BF7FFEF83FF57
:102CC0000000FF0000FF0100FF0100FF0000FF0007
:102CD00000FF0000FF0000FF0000FF0000FF0000F9
:102CE000FF0000FF6210FFD6BDFFDDFFFF3BEFFFDF
:102CF0007CF7FF54ADFFE318FF0000FF0000FF006A
:102D000000FF0000FF0000FF0000FF0000FF0000C8
:102D1000FF0000FF0000FF0421FFDADEFFBCF7FF29
:102D20003BEFFF1BE7FF0C63FFEB62FF5BEFFF7CFA
:102D3000F7FF9DF7FF1BE7FF8952FF2000FF4D6B58
:102D4000FF5CEFFF3BEFFF3AEFFFFFFFFF9194FFC8
:102D50000000FF0000FF2000FF0100FF0000FF0057
:102D600000FF0100FFC739FF55ADFFF3A4FFAA5ACA
:102D7000FF6631FFA310FF2000FF0000FF0000FFEF
:102D80000000FF0000FF0000FF0000FF0000FF65E3
:102D900029FFD6BDFFBDFFFF5BEFFF9DF7FF318C25
:102DA000FFA318FF0000FF0000FF4429FF79D6FFB2
:102DB0007CF7FF3AEFFF3AEFFF3BEFFF5BEFFF5C83
:102DC000EFFF5BEFFF3BEFFF3BEFFF3BEFFF5BEF07
:102DD000FF5BEFFF3BEFFF3BEFFF3BEFFF5BEFFFE7
:102DE000DDFFFF0C63FF4108FF0000FFCF7BFFFE0C
:102DF000FFFF1AEFFF3BEFFF79D6FF2F8CFF79D64D
:102E0000FF9CF7FF9DFFFF34ADFF2421FF0100FF72
:102E10000000FF8631FF99D6FF7CF7FF7BF7FF9A12
:102E2000DEFF6C73FFDADEFF7BF7FF3AEFFF3AEF6E
:102E3000FF3AE7FF3AEFFF5BEFFF9DF7FFB29CFF22
:102E4000E320FF0000FF0100FF0000FF0000FF2162
:102E500000FF2000FF0000FF6531FF1BE7FF9CF72C
:102E6000FF5BEFFF7BF7FFEF83FF0000FF0000FF3A
:102E70000100FF2000FF0000FF0000FF0000FF0036
:102E800000FF0000FF0000FF0000FF0000FF6210D5
:102E9000FFD6BDFFDDFFFF3BEFFF7CF7FF54ADFF2B
:102EA000E318FF0000FF0000FF0000FF0000FF002C
:102EB00000FF0000FF0000FF0000FF0000FF000017
:102EC000FFEB5AFFDFFFFF3BEFFF3CEFFF9AD6FF20
:102ED000294AFF1084FFDEFFFF7CF7FFBCF7FF9855
:102EE000D6FF0742FF0000FF4D6BFF5CEFFF3BEF9B
:102EF000FF3AEFFFFFFFFF9194FF0000FF0000FF8C
:102F00002000FF0100FF0000FF0000FF0000FF6243
:102F100008FF0421FFC318FF2108FF0100FF010083
:102F2000FF2000FF0000FF0000FF0000FF0000FF87
:102F30000000FF0000FF0000FF6529FFD6BDFFBDB8
:102F4000FFFF5BEFFF9DF7FF518CFFA318FF000011
:102F5000FF0000FF4529FF79D6FF9CF7FF3AEFFFFE
:102F60001AEFFF3AEFFF5BF7FF5BF7FF5BF7FF5BE3
:102F7000F7FF5BEFFF5AEFFF3BEFFF5BEFFF3BEF2E
:102F8000FF3AEFFF1AEFFF3AEFFFDEFFFF0D6BFF97
:102F90004108FF0000FFCF7BFFFEFFFF3AEFFF3B42
:102FA000EFFFFAE6FF99DEFF3BEFFF7BF7FF3CE721
:102FB000FF0C63FF2000FF0100FF0100FF2000FF66
:102FC0009294FFBEFFFF39EFFF7DF7FF99D6FFDA3E
:102FD000DEFF5BEFFF1AEFFF3BEFFF9CF7FF5BEFBE
:102FE000FF1BEFFF9CF7FF5CEFFF4D6BFF6108FFDE
:102FF0000000FF0100FF2000FF2100FF2000FF0074
:1030000000FF6531FF1AEFFF9CF7FF5CF7FF7CF7CD
:10301000FFEF83FF0000FF0000FF0100FF2000FF23
:103020000000FF0000FF0000FF0000FF0000FF00A5
:1030300000FF0000FF0000FF6210FFD6BDFFDDFFB4
:10304000FF3BEFFF7CF7FF54ADFFE318FF0000FFED
:103050000000FF0000FF0000FF0000FF0000FF0075
:1030600000FF0000FF0000FF0000FF54ADFFFFFF66
:10307000FF3BEFFF7DF7FFF7C5FF6629FF8E73FF6C
:10308000FCE6FF9EFFFFFFFFFFD6BDFF8631FF007E
:1030900000FF4D6BFF5CEFFF3BEFFF1AEFFFFFFF01
:1030A000FF9194FF0000FF0000FF0000FF6108FF98
:1030B000E841FF8B52FF8210FF0000FF0000FF007D
:1030C00000FF0000FF0100FF2100FF2000FF0000C3
:1030D000FF0000FF0000FF0000FF0000FF2000FFD6
:1030E0000000FF6529FFD6BDFFBDFFFF3BEFFF9C42
:1030F000F7FF518CFFA318FF0100FF0000FF6631AE
:10310000FF1CE7FFFFFFFFFEFFFFFEFFFFFEFFFFCD
:10311000FDFFFFFDFFFFFDFFFFFDFFFFFDFFFFFDCB
:10312000FFFFFDFFFFFEFFFFFEFFFFFEFFFFFEFFB5
:10313000FFFFFFFFFFFFFF4E6BFF4108FF0000FF97
:10314000CF7BFFFEFFFF1AEFFF3BEFFF3CEFFF5A85
:10315000F7FF39EFFF9DF7FFB6BDFF8631FF000097
:10316000FF0100FF2100FF0000FF0842FF5CE7FFB6
:103170005AEFFF3CEFFF7DF7FF3BEFFF1AE7FF3B06
:10318000EFFF1AE7FF98D6FF7CEFFF5CEFFF19E730
:10319000FF9CF7FF3CE7FFCC5AFF4108FF0000FF10
:1031A0002100FF2000FF2000FF0000FF6531FF1B12
:1031B000E7FF9CF7FF5CEFFF5CF7FFEF83FF00008A
:1031C000FF0000FF0000FF0100FF0000FF0000FF04
:1031D0000000FF0000FF0000FF0000FF0100FF00F3
:1031E00000FF6210FFD6BDFFDDFFFF3AEFFF7CF767
:1031F000FF54ADFFE318FF0000FF0000FF0000FFD9
:103200000000FF0000FF0000FF0000FF0000FF00C3
:1032100000FFE420FF3BEFFF9CF7FF3BEFFF7CF755
:10322000FF13A5FF8210FF0000FF6210FFC739FFE8
:103230008E73FFEC62FFA318FF0000FF4D6BFF5C75
:10324000EFFF5BEFFF3AEFFFFFFFFF9194FF0000FE
:10325000FF0000FF0000FF8210FFF07BFFDFFFFF99
:103260009AD6FF518CFF895AFF0421FF2108FF00E5
:1032700000FF0000FF0000FF0000FF0000FF000053
:10328000FF0000FF0000FF0000FF0000FF6529FFB6
:10329000D6BDFFBDFFFF3BEFFF9CF7FF518CFFA3A7
:1032A00018FF0100FF0000FFE418FFB294FF75B59E
:1032B000FF54ADFF34ADFF34ADFF34ADFF34ADFF8F
:1032C00034ADFF34ADFF34ADFF34ADFF34ADFF346A
:1032D000ADFF34ADFF34ADFF54ADFF54ADFFB6B517
:1032E000FF284AFF2108FF0000FFCF7BFFFEFFFF02
:1032F0003AEFFF3AEFFF3BEFFF3AEFFF7BF7FF5C60
:10330000EFFF8D73FF2108FF0000FF2100FF210068
:10331000FF0000FF0000FF14A5FFFEFFFF3AEFFFD4
:103320001BE7FF1BE7FF3AEFFF5BEFFFD9DEFF8DE7
:1033300073FFB29CFF9DF7FF5AEFFF3AEFFF9DF737
:10334000FF5DEFFFCF7BFF0421FF4108FF0000FF7F
:103350002000FF0000FF6531FFFAE6FF9CF7FF5CED
:10336000F7FF7CF7FFEF83FF0000FF0000FF000086
:10337000FF2000FF0000FF0000FF0000FF0000FF33
:103380000000FF0000FF0100FF0000FF6210FFD6F9
:10339000BDFFDDFFFF3AEFFF7CF7FF54ADFFE31801
:1033A000FF0000FF2000FF0000FF0000FF0000FF03
:1033B0000000FF2000FF0000FF0000FF6D6BFFFF1B
:1033C000FFFF3AEFFF3CEFFF9CF7FF0F84FF000089
:1033D000FF0000FF0000FF0000FF0000FF0000FFF3
:1033E0000100FF0000FF4D6BFF5CEFFF5BEFFF3A5A
:1033F000EFFFFFFFFF7194FF0000FF0000FF0100DF
:10340000FFA218FF508CFFFEFFFFDDFFFFFEFFFF56
:10341000FFFFFF75B5FF4529FF0000FF0000FF001B
:1034200000FF0000FF0000FF0000FF0000FF0000A1
:10343000FF0000FF0000FF6529FFD6BDFFBDFFFFB5
:103440003BEFFF9DF7FF518CFFA318FF0100FF200A
:1034500000FF2000FF0000FF0000FF0000FF000051
:10346000FF0000FF0000FF0000FF0000FF0000FF62
:103470000000FF0000FF0000FF0000FF0000FF0051
:1034800000FF0000FF0000FF0000FF0000FF000041
:10349000FF0000FFCF7BFFFFFFFF3AEFFF3AEFFF98
:1034A0003AEFFF3BEFFF9CF7FFF7BDFFA739FF01A6
:1034B00000FF0100FF2000FF2000FF2000FF0000B0
:1034C000FF294AFF7DF7FF7AEFFF3BEFFF3BEFFF5E
:1034D0003AEFFF5BEFFF1BE7FFEB62FF6529FF346D
:1034E000ADFF7CEFFF5AEFFF19EFFF9CF7FFDDFF09
:1034F000FFD6BDFFCB5AFF4529FFA210FF0000FFFA
:103500002429FF1AE7FF9CF7FF5BF7FF7BF7FFEF2C
:1035100083FF0000FF0000FF0000FF2000FF00000D
:10352000FF0000FF0000FF0000FF0000FF0000FFA1
:103530000100FF0000FF6210FFD6BDFFDDFFFF3A74
:10354000EFFF7CF7FF54ADFFE318FF0000FF000022
:10355000FF0000FF0000FF0000FF0000FF0100FF70
:103560000000FF6110FF17CEFFDEFFFF1AEFFF5CC8
:10357000EFFF3CEFFFEB5AFF0000FF0000FF0000F1
:10358000FF0000FF0000FF0000FF0100FF0000FF40
:103590004D6BFF5CEFFF5BEFFF3AEFFFFFFFFF516B
:1035A0008CFF0000FF0100FF0100FF0421FF54AD6C
:1035B000FFBEFFFF3BEFFF3AEFFFBDF7FF75B5FF23
:1035C0004529FF0008FF0000FF0000FF0000FF008A
:1035D00000FF0000FF0000FF0000FF0000FF0000F0
:1035E000FF6529FFD6BDFFBDFFFF3BEFFF9DF7FF46
:1035F000518CFFA318FF2108FF4108FF4108FF413C
:1036000008FF4108FF4108FF4108FF4108FF41084A
:10361000FF4108FF4108FF4108FF4108FF4108FF43
:103620004108FF4108FF4108FF4108FF4108FF41F1
:1036300008FF4108FF4108FF4108FF4108FFCF7B19
:10364000FFFFFFFF3BEFFF3AEFFF1AEFFF5BEFFFDC
:103650005CEFFF3084FF6208FF0100FF0100FF0004
:1036600000FF0000FF2000FF0000FF4110FF96BD9B
:10367000FFFEFFFF1BEFFF3BEFFF3AEFFF5BEFFFAC
:103680003BE7FF2D63FF0000FF6531FFF3A4FF3C24
:10369000EFFF7CF7FF3BEFFF5CEFFF9DFFFF5CEF71
:1036A000FFF6C5FF718CFF8A52FF0B63FF1BE7FF1C
:1036B0007BF7FF5BEFFF5BEFFFEF83FF0000FF0097
:1036C00000FF0000FF0000FF0000FF0000FF0000FF
:1036D000FF0000FF0000FF0000FF0100FF0000FFEF
:1036E0006210FFD6BDFFDDFFFF3AEFFF7CF7FF540E
:1036F000ADFFE318FF0000FF0000FF0000FF000027
:10370000FF0000FF0100FF0100FF0000FF4852FF23
:10371000BFFFFF5CEFFF1AEFFF5BF7FFB9DEFFC7EC
:1037200039FF0000FF0000FF0100FF0000FF000064
:10373000FF0000FF0000FF0000FF4D6BFF5CEFFF8C
:103740005BEFFF3AEFFFBCFFFFD6BDFF0842FFA7CC
:1037500039FFA739FF2C6BFFD9DEFF9CF7FF1BEF6A
:10376000FF3BEFFFBDF7FFB29CFFE420FF0000FF2F
:103770000000FF0000FF0000FF0000FF0000FF004E
:1037800000FF0000FF0100FF0000FF6529FFD6BD1C
:10379000FFBDFFFF5BEFFF9DF7FF1084FFC318FF26
:1037A0006A4AFF4E6BFF2D6BFF2C6BFF2C6BFF2CBF
:1037B0006BFF2C6BFF2C6BFF2C6BFF2C6BFF2C6BB0
:1037C000FF2C6BFF2C6BFF2C6BFF2C6BFF2C6BFF0C
:1037D0002C6BFF2C6BFF2C6BFF2C6BFF2C6BFF2CCF
:1037E0006BFF8E73FF6A52FFCF7BFFFEFFFF3BEF45
:1037F000FF3AEFFF1AEFFF7CF7FF79CEFF2842FF79
:103800000000FF2100FF2100FF0000FF0000FF205B
:1038100000FF2000FF0000FFAB5AFFBEF7FF5BF781
:10382000FF3BEFFF3AEFFF5BEFFF1BE7FF2D63FF6F
:103830000000FF0000FF2421FF3084FFFBDEFF9D1E
:10384000F7FF5BEFFF1AEFFF5AF7FF9CF7FF9DF7BB
:10385000FF3CEFFFFAE6FF1BEFFF3AEFFF5BEFFFE6
:103860005BEFFFEF83FF0000FF0000FF0000FF00A1
:1038700000FF0000FF0000FF0000FF0000FF00004D
:10388000FF0000FF0100FF0000FF6210FFD6BDFF38
:10389000DEFFFF3AEFFF7CF7FF54ADFFE318FF00B8
:1038A00000FF0000FF0000FF0000FF0000FF01001C
:1038B000FF0100FF4208FF13A5FFFFFFFF1BEFFF03
:1038C00039EFFF9CF7FFD6BDFFC318FF0000FF01D3
:1038D00000FF0100FF0000FF0000FF0000FF0000EC
:1038E000FF0000FF4D6BFF5CEFFF5BEFFF3AEFFF68
:1038F0003BEFFF5CEFFFBAD6FF39CEFF39CEFFDAE0
:10390000DEFF5BEFFF1AEFFF1AEFFF5BF7FF7CF7BD
:10391000FF8E73FF6210FF0000FF0000FF0000FF3A
:103920000000FF0000FF0000FF0000FF0000FF019B
:1039300000FF0000FF6529FFD6BDFFBDFFFF5BEF65
:10394000FF7CF7FFAF7BFFE420FF95B5FF9EF7FFFD
:103950007CEFFF5CEFFF5CEFFF5CEFFF5CEFFF5C79
:10396000EFFF5CEFFF5CEFFF5CEFFF5CEFFF5CEFF6
:10397000FF5CEFFF5CEFFF5CEFFF5CEFFF5CEFFFD6
:103980005CEFFF5CEFFF5CEFFF5CEFFFFFFFFF769C
:10399000B5FFCF7BFFFEFFFF3AEFFF3AEFFF5AEF95
:1039A000FF7CF7FF9294FF8210FF0000FF0000FFF2
:1039B0000000FF0000FF0000FF0000FF0000FF000C
:1039C00000FF8210FFF8C5FFDDFFFF3BEFFF3AEF7E
:1039D000FF5BF7FF1BE7FF0C63FF0000FF0100FF29
:1039E0000000FFC318FFCB5AFFD6BDFF7DF7FFBD18
:1039F000FFFF5AEFFF3BEFFF1BEFFF5CF7FF7CF78A
:103A0000FF3BEFFF1AEFFF5BEFFF7BEFFFEF83FF63
:103A10000000FF0000FF0000FF0000FF0000FF00AB
:103A200000FF0000FF0000FF0000FF0000FF00009B
:103A3000FF0000FF6210FFD6BDFFDEFFFF3AEFFF81
:103A40007CF7FF54ADFFE318FF0000FF0000FF000C
:103A500000FF0100FF0100FF0000FF0000FF052143
:103A6000FFDBDEFFFFFFFF5BF7FF39EFFFBDF7FF77
:103A70009294FF2108FF0000FF2000FF0000FF00DC
:103A800000FF0000FF0000FF0000FF0000FF6D735B
:103A9000FF7DEFFF5BEFFF3BEFFF1BEFFF3BEFFF18
:103AA0007CF7FF9CF7FF7DF7FF5CF7FF1CEFFF1B28
:103AB000EFFF1AEFFF9CF7FF79CEFF2842FF2000AF
:103AC000FF0000FF0000FF0000FF0000FF0000FFFC
:103AD0000000FF0000FF0000FF0000FF0000FF6586
:103AE00029FFD6BDFFBDFFFF5BEFFF7CF7FFAF7B7C
:103AF000FFE420FF95B5FFBCF7FF7CEFFF7BEFFFF6
:103B00007BF7FF7BF7FF7BF7FF7BF7FF5BF7FF5B45
:103B1000F7FF5BF7FF5BF7FF5BF7FF7BF7FF7BEFE1
:103B2000FF7BEFFF7BF7FF7BF7FF7BF7FF7BF7FF69
:103B30007BF7FF7AEFFFFEFFFF97BDFFCE7BFFFE17
:103B4000FFFF19EFFF19EFFF5BF7FFDADEFF8A5285
:103B5000FF0000FF0100FF0000FF0000FF0000FF6A
:103B60000000FF0000FF0000FF0100FF0000FF0C4D
:103B700063FFFEFFFF5BF7FF19EFFF5BEFFF1BE744
:103B8000FF0C63FF0000FF0100FF0000FF0000FFCB
:103B90004108FF4529FFAE7BFF79CEFFBEFFFFDD69
:103BA000FFFF7CF7FF3AEFFF1AEFFF3AEFFF3AEF24
:103BB000FF5AEFFF5BEFFFEF83FF0000FF0000FF06
:103BC0000000FF0000FF0000FF0000FF0000FF00FA
:103BD00000FF0000FF0100FF0000FF0000FF621077
:103BE000FFD6BDFFDEFFFF3AEFFF7CF7FF54ADFFCE
:103BF000E318FF0000FF0000FF0000FF0000FF01CE
:103C000000FF0000FF0000FF6210FFAB52FFB6BDD7
:103C1000FFDEFFFFDEFFFF7DF7FF4C6BFF0000FFC5
:103C20000000FF0000FF0000FF0000FF0000FF0099
:103C300000FF0000FF0000FFCB5AFF3DEFFF9CF7A5
:103C4000FF59EFFF5AEFFF5CF7FF5BF7FF5BF7FFF2
:103C50005BF7FF5AEFFF3AEFFF5BEFFF9CF7FF5C6C
:103C6000EFFFAF7BFF8210FF0000FF0100FF0000AD
:103C7000FF0000FF0000FF0000FF0000FF0000FF4A
:103C80000000FF0000FF0000FF6529FFD6BDFFBC5C
:103C9000FFFF3AEFFF7CF7FFAF7BFF0421FFD7BDAB
:103CA000FFFFFFFFDEFFFFDEFFFFDEFFFFDEFFFFA8
:103CB000DEFFFFDEFFFFDEFFFFDEFFFFDEFFFFDEDA
:103CC000FFFFDEFFFFDEFFFFDEFFFFDEFFFFDEFFA9
:103CD000FFDEFFFFDDFFFFDDFFFFDEFFFFDDFFFF9C
:103CE000FFFFFF18C6FF0F84FFFFFFFFDDFFFFDDB3
:103CF000FFFFBEFFFF54ADFF8210FF0000FF010079
:103D0000FF0000FF0000FF0000FF0000FF0000FFB9
:103D10002000FF0100FF0000FF6210FF99D6FFFFA7
:103D2000FFFFDDFFFFDDFFFF3CEFFF6D6BFF0000DE
:103D3000FF0000FF0000FF0000FF0000FF0000FF89
:103D40006210FF2521FF4D6BFFD7BDFF3CEFFFDE6B
:103D5000FFFFFFFFFFFFFFFFFDFFFFFDFFFFBDF7C1
:103D6000FF718CFF2000FF0000FF0000FF0000FF3C
:103D70000000FF0000FF0000FF0000FF0000FF0048
:103D800000FF0000FF0000FF6210FF18C6FFFFFFEA
:103D9000FFDDFFFFFFFFFFB6BDFF0321FF0000FFB8
:103DA0000000FF0000FF0000FF0000FF0000FF20F8
:103DB00000FF0000FF2108FFC318FFEB62FF59CE90
:103DC000FF5DEFFF0842FF0000FF0000FF0000FF63
:103DD0000000FF0000FF0000FF0000FF0000FF00E8
:103DE00000FF6210FF308CFF7CEFFFDEFFFFDDFF86
:103DF000FFDDFFFF9DFFFFDDFFFFBDFFFFDEFFFFDC
:103E0000FFFFFFBEFFFF99D6FF6D6BFFA218FF00FB
:103E100000FF2100FF2100FF0000FF0000FF000065
:103E2000FF0000FF0000FF0000FF0000FF0000FF98
:103E30000000FF8631FF38C6FFFEFFFFDCFFFFFEFC
:103E4000FFFF318CFFA310FF0C63FF518CFF308C00
:103E5000FF308CFF308CFF308CFF308CFF308CFFBC
:103E6000308CFF308CFF308CFF308CFF308CFF307B
:103E70008CFF308CFF308CFF308CFF308CFF308C0F
:103E8000FF308CFF308CFF3084FFB294FF4D6BFF0E
:103E90000D63FF9BD6FF17C6FF38C6FF18C6FF8A03
:103EA00052FF0100FF0100FF2000FF0000FF0000A3
:103EB000FF0000FF0000FF0000FF0000FF0100FF07
:103EC0000100FF0000FF0D63FF9BD6FF17C6FF3800
:103ED000C6FFF8BDFF8A52FF0000FF0000FF200070
:103EE000FF0000FF0100FF0100FF2100FF0000FFB5
:103EF0002108FF6108FF2529FF2A63FF518CFF3746
:103F0000ADFF97BDFFD7BDFFB7BDFFEC62FF00005F
:103F1000FF0000FF0000FF0000FF0000FF0000FFA7
:103F20000000FF0000FF0000FF0000FF0000FF0195
:103F300000FF6108FFB39CFF7AD6FFF7C5FF58CE9C
:103F4000FF9294FFC318FF0000FF0000FF0000FF76
:103F50000000FF0000FF0000FF0000FF0100FF2045
:103F600000FF0000FF2008FF8410FF4A4AFFA2184C
:103F7000FF0000FF0000FF0000FF0000FF0000FF47
:103F80000000FF0000FF0100FF0100FF0000FF41F3
:103F900008FF8531FF8A52FF6952FF684AFF684A6D
:103FA000FF684AFF8952FFEC62FF2D6BFF8A52FFC8
:103FB0000421FF2108FF0000FF0000FF0000FF00B8
:103FC00000FF0000FF0000FF0000FF0000FF0000F6
:103FD000FF0000FF0000FF0100FF0000FF2521FFA0
:103FE000F49CFF79D6FF17C6FF58C6FF8E73FF8279
:103FF00010FF2108FF4108FF4108FF4108FF410869
:10400000FF4108FF4108FF4108FF4108FF4108FF49
:104010004108FF4108FF4108FF4108FF4108FF41F7
:1040200008FF4108FF4108FF4108FF4108FF410820
:10403000FF4108FF4108FF2108FF00004C4002003B
:10404000284C02008C4B02003C30000000010000B4
:10405000000000000001000002000000000100005C
:10406000000000000000000000000000000001004F
:104070000000000000000000000000000109000531
:10408000FC00000000F5F401090403F8010901082F
:10409000020600000000000000000000000C02FF0B
:1040A00000000000000000000000000000FA000016
:1040B000000000FC03040000FE00FF0200FE00FE02
:1040C000FFFC00000000FE0000FEFD0000FE00FC02
:1040D000000000000000000000FEFE0000FB00E900
:1040E0000000FC0004060000FC02020604FD0400BF
:1040F00000F50000000000000000000000F90000D2
:10410000000000000000000000000000FEF700F8C2
:10411000FF00000000000700FAFEFF0100FD0000A4
:10412000FFF20000000000000000000000F1FE07A8
:10413000000000000000000000000000000000007F
:104140000000000000000600020000FC000000006B
:104150000000000000000000000000000007020155
:10416000000000000000000000000000000000004F
:10417000000000000000000000000000000000003F
:10418000000000000000F900000000000000000036
:104190000000000000000000000000000104020612
:1041A000FE000004FEFAE601050400FE000700061A
:1041B000000600EE00FE060006FE0402000001FEFE
:1041C0000000FD0F000F000600080203000000F9C8
:1041D0000000000001FF0001FDFEFC0100FE0000E8
:1041E00000F80000000000000000000000F40000E3
:1041F00000000000000000000000000001F500F4D5
:1042000000000000FF0013FEFE0202FE00FE02009E
:1042100000F60000000000000000000000ED0002B9
:10422000000000000000000000000000000C000082
:10423000F9000600F3EDF3FC060000F30002FC00B9
:10424000FD0000000000000000000000000506E97D
:10425000000000000000000000000000000100005D
:104260000000000101FEFC00FFFFFE0000FF000057
:1042700000FC00FE00FCFC00FBFAFAFC00FC00FC69
:1042800000000000FE0000020001FE00000000022D
:10429000FF000000FF0202FF000000FC00FF000022
:1042A000000000010002FF00FE00FD0000FF00060C
:1042B0000000FE0000000000FF01FFFF00FE00FE06
:1042C000000000000000000000FFFF00FEFE0000F4
:1042D000000000010000FF00FEFEFE0000000000E4
:1042E00000000000FF00000000FFFE0000FAFFFADF
:1042F000040000FC02040500FBFFFE00FFF702FFC4
:1043000001F602000001F600F6FEEFFF00F60004E1
:10431000050002000000000000FDFE00000000FE9D
:10432000000000FE0000000000FFFF00FFFE000094
:104330000000000000FEFE00FFFEFE0000FE000088
:10434000000000000000000000FEFE0000FF00FC76
:10435000020000FE010202000000000000FF000059
:10436000000000010000FE00FEFFFE000000000053
:1043700000000200FE00000000FEFD000006FF013C
:10438000FA000005F6F6F8FC0200FEF4FD00FD0060
:10439000FC03FDF400FB000001FF02FF000200FA35
:1043A000F900F6FBFCFBFAFEFB00FCFB000100FE43
:1043B00000000001000200000000000000000000FA
:1043C00000FE00FF00FFFE00FDFCFCFF00FA000005
:1043D00000000000FE0000000001FF0000020000DD
:1043E00000000000000009000000000000010000C3
:1043F00000FE0000000000000000000000FD0002C0
:10440000000000000000000000000000FF000000AD
:10441000FC00000000F6FA000000FDF60000FE02BD
:1044200000FB00000000000000000000FD0000FC98
:1044300000000000000000000000000000FD00007F
:104440000000020001FCFC00FEFEFE000000000077
:1044500000FA00FE00FDFE00FCFBFAFE00FC00FA84
:10446000000000000F0000010000FE0000F8000046
:10447000000000EEFD0606FEF80002FD00F6FFFE5D
:1044800002F3FE020003F9FDF9FAF80000F4000B54
:104490000000FF000000FFFFFEFBFA00000000002C
:1044A000000000000001000000000000000000000B
:1044B000000000000000FE00FFFEFD0000FC00FE0A
:1044C0000000000000000000000000000000FF00ED
:1044D000FC000004FF0200FC02FFFFFBFE00FEFEEA
:1044E000FF00FDFD0000FEFFFFFDFE0000FE0002DC
:1044F000FF00FC000000FC00FD00FDFD00000000CE
:1045000000000000FC0200FD00FFFEFAFFFFFFFFBD
:10451000FFFEFF0000000000FEFEFE0000000002A3
:10452000FF00FF000000FFFEFFFEFEFE0208FF008E
:10453000FB00FF0400FEF8FE030000F7FD02FD0192
:1045400000FFFEFA00FD010000FD0000000202FC79
:10455000FC00FDFEFDFEFE00FD01FCFD0000000074
:104560000000000000020000000000000000000049
:1045700000000000000000000000000000FD00003E
:10458000000000000000000000000000000000002B
:10459000000000000000000000000000000000001B
:1045A0000000000000000000FF000000000000000C
:1045B00000000000000000000000000000000000FB
:1045C0000000000000FEFE000000000000000000EF
:1045D000000000FD0000FE0000FEFE00000000FEE6
:1045E00000000000FF0000000000FF000000FD00D0
:1045F000FC000000FA0001FC0400FFF70000FCFED4
:1046000000F8FBFB0000F8FEF8F9F700FB00020DD4
:10461000FE00FCFEFFFEFDFBFDF9F8FC0000FF00C4
:10462000010000F3FE0604FCF90001FA00F6FFFEAB
:1046300004EEFE010000F4FEF6FEF20000F3000BB3
:104640000100FF00000000FFFFF9FF000000000074
:10465000FA00FE00FFFBF70000FFFDFAFE00FF007E
:10466000000000F7FEFAFAFEFDFBFEFD00FCFEFA7C
:10467000FD00FEFCFEFC000100FFFA0000FD000052
:104680000000020001FC0800FEFEFE000000000029
:1046900000FA00FE00FDFE00FCFBFAFE00FC020832
:1046A000000000000F0000010000FE0000000000FC
:1046B00000000000000000000000FFFC00000000FF
:1046C00000FF000000FEFE0000FCFE0000FC0003F6
:1046D000FF00000000000001000000000402FE00D6
:1046E000FAFD0006FAFAFCFC080302EFFF04FE00E4
:1046F000FE02FEF900FE02FEFEFAFE0000060400C5
:10470000FB00F5FE06FEF901FEFAFAFE0200FD00CE
:10471000FB000206FCF9F8FB060001F2FE02FDFFB9
:10472000FC00FCF9FDFDFE0000FCFCFE000604FEA2
:10473000F500F5FD00F9F5FFFAFDFAFB0000FE00BB
:10474000FCFE00FEFD0003FA020000F600FEFCFD88
:10475000FFFAFBFAFC00FAFEFCFCFAFE000001097D
:10476000FD00FAFE00FEFCFCFBFBF9FE0400FD0070
:10477000F6FE0104FAF9FCFA06FE01EEFD04FCFD6A
:10478000F900FAF8FEFEFEFEFCFAFF00000605FF47
:10479000F400F4FC05F9F3FCF9F8F6FA0000000067
:1047A000FE000002FE0401FC040000FAFF00FF000E
:1047B0000101FE000000000000FE000000000206F3
:1047C0000000FE00000000FFFFFE000001020000EC
:1047D00000000200FE000700030101FE00040000CB
:1047E00000020000000000000000000000060005BC
:1047F00000000000000000000000000000F400FEC7
:1048000003000600001302FCFC0202FF01F6000098
:1048100009F40000000000000000000000F3071B86
:104820000000000000000000000000000000000088
:104830000000000000000000000000000000000078
:10484000000000000000FD0000FCFE000000000071
:1048500000000000000000000000000000FF00FB5E
:1048600000000100000219FCFE0605FB0200000228
:1048700002FE0000000000000000000000E705004C
:10488000000000000000000000000000000000FB2D
:10489000000000FB00000000FCFF000000FC00FE28
:1048A00000F70000000000000000000000F300001E
:1048B000000001000000000000FE000000FD00FB01
:1048C000000000FD02FE0000FBFEFC0000FB00FEFD
:1048D00000F700FE0000F0FCF8FEF90000F300FB1A
:1048E000FF0000000000000000FDFDFE00000000D1
:1048F000FC00FC02FE0400FFFCFFFDFC00FEFFFFCD
:1049000001FBFF000000EFFEFD00FC00FFF7FE00D2
:1049100000FFFE000000000100FFFDFF000000009E
:104920000000000000000000000000000000000087
:104930000000000000000000000000000000000077
:1049400000000000000000020000000000FC00FF6A
:10495000000000FC02000000FBFEFC0000FB00FE6B
:1049600000F700000000ED00FCF9F60000F300FF86
:10497000FD0000000000000000FEFDFF010000033C
:10498000FE000609FEFEFA02090304FB0208020605
:10499000040500000000000000000000000C09FDFC
:1049A000FE00FE0F080F0000000200000000FD00E6
:1049B0000000000000000000FF00000000000000F8
:1049C000000300000000F0FEFEF8F70000F3000016
:1049D0000000000000000000000000000000FD00DA
:1049E0000000000000000000FF00000000000000C8
:1049F000000300000000F0FEFEF8F70000F80000E1
:104A000000000000000000000000000000000000A6
:104A1000FE000000FC0200FE020302FA0000FE029B
:104A2000000200000000FB00FEFFFC00FEF8000C8E
:104A3000FE00FCFF00FFFD00FEFBFCFE0000FD0091
:104A40000000000000000000FF0000000000000067
:104A5000000300000000F0FEFEF8F70000F3000085
:104A6000000000000A000000000000000000FD003F
:104A7000FAFEFE06FEFEF801FF01FFFB0004000245
:104A80000102FBF8FE00F9FCFBF8F900FDFCFEFE5C
:104A9000FEFFFEFF00FFFF030003FF000000000019
:104AA0000000000000000000FFFEFE0000FB00FF11
:104AB00000FD0000000000000000000000F4000005
:104AC000000000000000000000FEFE0000000000EA
:104AD000FE0000FDFE0200FDFCFF00FAFFFCFFFEF1
:104AE00000FD0000000000000000000000F30006D0
:104AF0000000FD00000000FE00FE00000000FF00BE
:104B0000FC000008FEFAFA01020200FB01030106A4
:104B10000106FFFB0000F80000FAFB0000FC00FEAD
:104B2000FD00FD00FD00FF0300FEFAFE0000FE0098
:104B3000FC000002FC0002FE020000FA00FFFF0081
:104B4000FE02FE000000F8FEFC00FA0000F700077D
:104B5000FE00FD000100FE00FEFA00FE0000000065
:104B6000FF000002FE010000FEFF00FE000000004A
:104B700000000000000000000000000000F400043D
:104B80000000FE000000000000FEFE000000010228
:104B9000000304050206070809090A0B0C0D0E0F95
:104BA00010110C1213141515000000161718191700
:104BB0001919191719191A19191919171917190380
:104BC0001B1C1D1D1E1F202122230024002526271B
:104BD0002727002726282926262A2A272A272A2B7C
:104BE0002C2D2E2E2F2E3000002309000000000057
:104BF00000000000000000000000000000000000B5
:104C000000000000000000000000000000000000A4
:104C10000000000000000000000000000000000094
:104C20000000000000000000000001020003040575
:104C30000206070809090A0B0C000D0E0F101112CD
:104C4000130C14140000001516171819161A1B1C43
:104C50001D1D1E1F201D1D1621222303241E252578
:104C6000262728292A2B002C002D2E2F30313233D5
:104C70002D343435302D2D2E2E36373839333A3AFF
:104C80003B3A3C2900000900000000000000000041
:104C90000000000000000000000000000000000014
:104CA0000000000000000000000000000000000004
:104CB00000000000000000000000000000000000F4
:104CC00000000000200000000C00010000000000B7
:104CD00000000000000002002D00000052000D0046
:104CE00000000000000000000000020001F00000D1
:104CF000A2085F00004D0200000000003C0003001D
:104D0000000007000A000B000C0010001200140045
:104D100018001B0020002500260027003D0042004F
:104D200047004A004B004C00500051005200530015
:104D3000660067006D006F007000730076007700FA
:104D400078007A0092009400C300C400C600C80036
:104D5000DF00E600E900F2001B0123015A01EA012D
:104D60003F02400241024202430286029202EC02EA
:104D700003035905C107A10800000000000000005E
:104D800000004003000000000000300303090000A1
:104D90000E00B004040400051600700809090000A4
:104DA0003F007007070D00FE6D00200A0A09000091
:104DB0009A004008090A00FFC700800202040005AB
:104DC000CB001004030D01FDDF001004030D00FDF6
:104DD000F300D004050500050001000707060002E6
:104DE0001501A004040200021901C0020302000020
:104DF0001C014004060DFFFF4301000808090000E4
:104E000067017004040900007901E0060709000049
:104E10009901E00607090000B9010008080900002F
:104E2000DD01E00607090000FD0160070809000038
:104E300021023007070900004102C00708090000ED
:104E400065026007070900008502C0020307000031
:104E50009002C002030900FE9E020007070700013E
:104E6000B702000707050002C90200070707000193
:104E7000E202E006070900000203700C0C0C00FDC2
:104E80004A03D0080A09FF00770310090809010046
:104E90009B03B00809090000C403F00909090100D7
:104EA000ED031008070901000D04A0070709010020
:104EB0002D044009090900005604C0090809010031
:104EC0007A04C00302090100830420060609FF00DA
:104ED0009E04A00808090100C20420070709010078
:104EE000E204700B0A0901000F05C009080901005E
:104EF0003305100A0A0900006005B008080901001E
:104F00008405100A0A0C00FDC005C008080901004C
:104F1000E4057007070900000406100707090000F0
:104F20002406800908090100480690080A09FF00C4
:104F30007506800D0E090000B4061008080900006F
:104F4000D806C0070909FF000107E00708090000AB
:104F500025070004030D01FD39074004060DFFFF7E
:104F600060070004030D00FD740700070706000238
:104F700089070006060100FF8C07300704020108BC
:104F80009007300707070000A9073008070A01004B
:104F9000CC07E00607070000E5073008080A000014
:104FA0000D0860070707000026084004050A0000F6
:104FB0003F084008080A00FD67083008070A01009A
:104FC0008A086003030A000099087003050DFEFDBE
:104FD000BA086007070A0100DD086003020A010041
:104FE000E708B00C0B0701000E09300807070100A5
:104FF0002709A0070807000043093008070A01FD38
:1050000066093008080A00FD8E09F0040407010053
:105010009C09000606070000B109F004050900001C
:10502000C809200807070100E109B0060807FF00CA
:10503000FD09D00A0B070000240AA006070700009C
:105040003D0AB006080AFFFD650A40060607000093
:105050007A0A3004040D00FD940A9003020D01FD4C
:10506000A10A3004040D00FDBB0A0007070200047A
:10507000C20A000C0C0D00FE100B000C0C09000005
:10508000460B000C0C0B00FF880B000C0C090000F9
:10509000BE0B400809090000E70B000C0C0D00FED8
:1050A000350C000C0C0D00FE830C800D0E0B00FF68
:1050B000D00C000C0C0D00FE1E0D800D0E09000022
:1050C0005D0D000C0C0D00FEAB0D0006060A00FF86
:1050D000C90D0009090A00FFF60D800D0E0D00FE36
:1050E000510E000C0C090000870E4008090D00FE4F
:1050F000C20E800A080C01FEF20E800A0B0D00FEA3
:105100003A0F800A0B0B00FF770F800A0B0B00FF92
:10511000B40F800A080C01FEE40F800A0C0BFFFF9D
:1051200026108007070B00FF4D108007070B00FFBC
:105130007410800A0B0B00FFB110800A0B030003F0
:10514000C210800D0E0900000111000F100D00FEAD
:105150006911800D0F0DFFFECB11000C0C0B00FF31
:105160000D12800A0B0700013412800A0B070001A0
:105170005B12000F100AFF00AB12000C0C090000BC
:10518000E112000C0C0D00FE2F13000C0D0DFFFEA4
:105190008413800A0B0B00FFC113800A0B0D00FE65
:1051A0000914800A0B0B00FF4614800A0B0B00FF4A
:1051B0008314000C0C090000B9148007090DFFFED0
:1051C000F414800A0B0D00FE3C15800A0B0D00FE46
:1051D0008415800D0E090000C315000C0E0DFFFE96
:1051E0001E160009090D00FE5916000F0F0C00FFD6
:1051F000B316000F0F090000F716000F0F0900008B
:105200003B17000F0F0900007F17000F0F09000068
:10521000C317000F0F0900000718000F100B00FF45
:105220005F18800A0A0D00FEA018800A0B0D00FE10
:10523000E818000C0D0DFFFE3D19000F0F090000CE
:1052400081190009090D00FEBC19100C0D090000A0
:105250000F40F30F30F20E20D10300811E303C1EB0
:105260003B0E3B0E1507004803A000066058004F98
:10527000FFFFFF100A20840000C10A30000D00B1BA
:1052800000AFFFFFFB001C00D00003A01C000000CB
:1052900009200000920003CFFB31F7A5744E0920CE
:1052A00001F9B20002BFE8000097DA000924E5B472
:1052B000A5BA08EFFA10009200000410000AC80016
:1052C0000C10660A207600830742C000570A2B2084
:1052D0000009C6685C900001C1C067000A43902ABB
:1052E000004901B04700C1007BB1009ED400005CC2
:1052F00003D00004C05C00000CBD200003DE801061
:1053000001E31D78806B001DF204F413CF6006DF0B
:10531000D62B00000000003C3B3B150A71F15C09F4
:1053200080B60C40D40C40B609805B01F10A706B6A
:1053300000F20B607A05C04D03E04D05C07A0B60AA
:10534000F16B0000B0089CB50BF8087C9500A0003C
:10535000000B000000F000000F0002EEFEE2011F53
:10536000110000F0004FFD02222A04D0000034009A
:1053700000B50000F00005B0000A60000E10004CFF
:105380000000970000E20003D0000870000D20002C
:105390002D0000009EE9000AD44DA01F2002F15EFE
:1053A0000000D56C0000C65E0000D51F2002F10A87
:1053B000D44DA0009EE900EFF322F300F300F300C8
:1053C000F300F300F300F300F319EFC208B43AE07E
:1053D00000002F100005E00002E50001D70001D811
:1053E0000001DA22218FFFFF709FFFFF01222D8035
:1053F0000009B00005F200007CF8000002F2000095
:105400000E4B9439F13BFFC30000009B000004E108
:1054100000001E500000AA000005E10D401E400DD6
:10542000408FFFFFFD12222E6200000E400CFFFF96
:1054300000E522200F100001FFEB3002239F100037
:1054400000D600000D69B438F12AEFC400006DFDEC
:105450005008D523201F2000004D6DEA106FC43C7A
:10546000A05F3002F02F2002F00AC32BA001AFFA98
:1054700010AFFFFFBA9222D776003F10000A9000CB
:1054800001F200007C00000E500005E00000C800A2
:105490000003CFEA100E812CA02F1005D00E701B38
:1054A0009006FFFF203F5018E06C0000F23F61299A
:1054B000E005CFFB2007EFC306E315E198000B875B
:1054C000D203FB0AFFD9C000108B00000D70624BA5
:1054D000D01CFEA1004E02A00000000002A04D0062
:1054E0004E02A00000000001804F10D038000000E4
:1054F0000210004BE107DC5003F8000004BE71000D
:105500000029E2000000003FFFFF30000000000023
:105510000002EEEEE20111110012000002EB400069
:10552000005CD6000008F2017EB402E92000000011
:1055300000001AEFC309A32AE000003F00000AA000
:105540000009C00002F10000010000028000004DCF
:1055500000000004BDDD8100009B30006D3007A01D
:105560008EE8D5D10D07D219F3774A0D4000F31B11
:10557000580F2000D30C580D4000F31B3A07D21AE5
:10558000F5770D008EE85FB006A000000000009BDC
:10559000300240000005BDED600000006F300000EB
:1055A00000DD90000004E3F100000B80C700001F45
:1055B000206E00008C001F5000EFEEEFB006E211ED
:1055C00014F20C700000B9BFFFFB20B7112AD0B74E
:1055D0000003F0B70008C0BFFFFF50B82226F2B7A3
:1055E0000000C7B71115F4BFFFFD60003BEFB3002B
:1055F0005F9338E00E60000004E00000006C0000E3
:105600000004E00000000E600000005F9338E0003E
:105610003BFFB300BFFFEA300B82239F40B700007F
:105620007E0B700000F3B700000E5B700000F3B754
:1056300000007E0B82239F40BFFFEB3000BFFFFFC7
:105640003B822220B700000B700000BFFFFA0B82E4
:105650002210B700000B822220BFFFFF50BFFFFFC8
:105660003B822220B700000B700000BFFFFA0B82C4
:105670002210B700000B700000B7000000003BEFE5
:10568000C4005F9438E10E70000004E00000006C7C
:1056900000000824E00000E30E60000E305F933746
:1056A000F3003BEFC400B70000B7B70000B7B70086
:1056B00000B7B70000B7BFFFFFF7B82222C7B70097
:1056C00000B7B70000B7B70000B7B7B7B7B7B7B7FD
:1056D000B7B7B704FFFF00225F00003F00003F00A4
:1056E000003F00003F00004E0D52BA05DFB2B70088
:1056F00007D1B7005E20B704E300B73E4000B9EF22
:105700002000BF89D000BA00CA00B7001E70B700E1
:1057100003F3B700000B700000B700000B7000002F
:10572000B700000B700000B700000B822220BFFF03
:10573000FF00B8000001F3BF100009F3BEA0002E67
:10574000F3B7E300B7F3B67B04D0F3B60D4C50F3D8
:10575000B605FC00F3B600B300F3B6000000F3B9E1
:105760000000B7BF5000B7BCF200B7B7AD00B7B785
:105770000D90B7B702F5B7B7006FD7B7000AF7B704
:105780000000D7003BEFB40005F9338F600E6000D6
:1057900005F14E000000D56C000000B74E0000007F
:1057A000D50E600005F105F9338F60003BEFB400C2
:1057B000BFFFD800B8225D90B70004E0B70003F047
:1057C000B7002CA0BFFFFA10B8220000B7000000FD
:1057D000B7000000003BEFB40004F9338F600E60A7
:1057E0000005F14E000000D56C000000B74E00002F
:1057F00000D60F600005F105F8327F60004CFFC550
:105800000000000CB028000001BFE500000000000F
:10581000BFFFD800B8225D90B70004E0B70003F0E6
:10582000B7001BB0BFFFFB10B822B900B7001F3094
:10583000B70007D003CFEB31F723744E000001F916
:10584000200002BFD7000004CA000004E5B423BB57
:1058500008DFEA10FFFFFFF223F322001F10000110
:10586000F100001F100001F100001F100001F10005
:10587000001F1000D60000E4D60000E4D60000E4CB
:10588000D60000E4D60000E4C70000F39A0002F15D
:105890002F835DA004CFD8000C700000D506E00077
:1058A00004E000F4000A80009B001F20002F207BF2
:1058B00000000C80E4000005E5E0000000EE700050
:1058C00000008F10007C0000E80002F02F1003FDA4
:1058D0000007A00D60089F200C5008B00E3B701F01
:1058E0000003F03E06C06B0000E58901F1B6000040
:1058F0009AD400B7F100004FE0006FC000000FA085
:10590000001F70005F1000E50AB009A001E64E100C
:10591000004FE400000DE000007DD80002F32F30BE
:105920000C8007D08D0000C90C80000A803F100356
:10593000E000AA00C60001F35D000007CE400000B1
:105940000EB0000000B70000000B70000000B700B0
:10595000006FFFFFF5022229D000003F300001E672
:1059600000000BA000008D000004F200001E822247
:10597000217FFFFFF8BFCB60B60B60B60B60B60BA4
:1059800060B60B60B60B60BFC03500002E00000D86
:10599000300008800003D00000D200008700003CE7
:1059A00000000E100009700004C00000E10000A615
:1059B000CFB07B06B06B06B06B06B06B06B06B0663
:1059C000B07BCFB00007000005E50000B4B0002CAC
:1059D0000C2008606800D000D0DDDDDD271005C197
:1059E00008DFC300A429D000001F108DEEF24E1076
:1059F0000F24E007F209ED8F20E400000E400000C4
:105A0000E400000E7CFC40EF528F2E6000B8E400F2
:105A100008AE6000B8EF528F2E6DFC4002BFE80068
:105A2000DA24C35D000007B000005D000000DA2446
:105A3000D302BFE800000001F1000001F100000105
:105A4000F102BFD6F10E923DF15D0004F17B000141
:105A5000F15D0003F10E912DF102BFE6F102BFD519
:105A600000E814E45C0006B7FEEEEC5D000000E91F
:105A700023A202BFE90001CF609A110B600DFFF372
:105A80000B6000B6000B6000B6000B6000B60002B1
:105A9000BFE6E20EA23CF25D0002F27B0000F25D86
:105AA0000002F20EA23DF202BFE5F2000002F00C8D
:105AB000623BA006DFEA10E400000E400000E400B4
:105AC000000E7DFC20EE42AC0E6002F0E4000F1EE2
:105AD0004000F2E4000F2E4000F20D40820000E48E
:105AE0000E40E40E40E40E40E4000D500072000051
:105AF0000000D4000D4000D4000D4000D4000D4043
:105B000000D4000D4022F20DF800E400000E400029
:105B100000E400000E400BA0E40BB00E4BC000EE02
:105B2000FD000EC1D900E402F40E4006E1E4E4E415
:105B3000E4E4E4E4E4E4E4E7DFB29EE80ED32CFB23
:105B400023E5E6004F10099E4003F0008AE4003F81
:105B50000008AE4003F0008AE4003F0008A0E6DF42
:105B6000C20EE41AC0E6001F0E4000F1E4000F2E42
:105B70004000F2E4000F2002BFE8000EA23E805D6C
:105B80000004F07B0001F15D0004F00DA23E8002F4
:105B9000BFE800E7DFC40EF416F2E6000A8E40000C
:105BA0008AE7000B8EF528F2E6CFC40E400000E431
:105BB00000000E40000002BFD5F10EA23EF15D00D4
:105BC00004F17B0001F15D0004F10EA23EF102BF81
:105BD000D5F1000001F1000001F1000001F1E6D86B
:105BE000EE61E700E400E400E400E40009EFC26DC8
:105BF00022617D200009FE910002C95622B84CFEA8
:105C0000A0053000B600DFFF30B6000B6000B60024
:105C10000B6000AA1102DF60F3002F0F3002F0F3D7
:105C2000002F0F3002F0E4004F0AB22CF01BFE6F81
:105C3000000D50009806C000F201F206B000A80C5A
:105C400050003E3E00000DD8000006F200C5003FA7
:105C5000100786A009F600D31F00E7B02D00B54C51
:105C60000E188006A960A6D3001FE104ED0000BB5A
:105C7000000E80005D004E10A91E4001ED9000084E
:105C8000F10002EBA000C70D607C003F200D50002A
:105C90009807B000E201F205C000A70B50004D1EAE
:105CA00000000EB9000008F3000005D000052C60CC
:105CB000001CF900007FFFFB0002F3000C70009B4A
:105CC0000004E1001E50008FFFFD00BF04E105C08D
:105CD00005C005C006C04F6008C005C005C005C0AE
:105CE00004E100BFB5B5B5B5B5B5B5B5B5B5B5B594
:105CF000B5CD100C7009900990099008A003F70821
:105D0000B00990099009900C80CD200BE80A3391DE
:105D10008DA0000000000012000000037CFF0000C6
:105D200059EFFFFF000EFFFFFFFF000FFFFD848F05
:105D3000000FD720008F000F8000008F000F800021
:105D4000008F000F80007BDF023F8006FFFFAFFF68
:105D50008002EFF9EFFF6000021029A700000000A9
:105D6000B4DFFFFFFD4BE8E722227E8EC0C50000B6
:105D70006C0CFCF611117FCFC0CFFFFFFB0CFCF6C3
:105D800011117FCFC0C500006C0CE8E722227E8E87
:105D9000B4DFFFFFFD4BDFF69FFFFFFDFFF8CFFFF6
:105DA000FFFFEFF6AFFFFFFE132003333331FFF7A2
:105DB000BFFFFFFFFFF8CFFFFFFFFFF7BFFFFFFFB2
:105DC000132003333331EFF6AFFFFFFEFFF8CFFFB1
:105DD000FFFFDFF6AFFFFFFD0000000003D400006F
:105DE00000003FFE00000003FFF44D30003FFF4085
:105DF000EFF303FFF4004FFF6FFF400004FFFFF4D9
:105E00000000004FFF4000000003D300000014001A
:105E100000220DF7004FF19FF74FFD00AFFFFD107F
:105E200000BFFE10004FFFF7004FFDAFF70EFD1053
:105E3000AFF25B1000990000000770000000320F05
:105E4000F0240005FC0FF0CF501FF40FF05FF17F3E
:105E5000800FF008F7BF200FF002FBCF100EE0011B
:105E6000FCAF40011004FA5FB000000BF60DFA1011
:105E700001AFD002DFFCCFFD200008EFFE91000053
:105E8000000110000000001441000000007FF70036
:105E9000000343DFFD34300EFFFFFFFFE06FFFFB29
:105EA000BFFFF61BFF7007FFB107FF2002FF701B4B
:105EB000FF7007FFB16FFFFBBFFFF60EFFFFFFFF95
:105EC000E00342CFFC233000007FF7000000000415
:105ED0004100000000007303830000001DFF67F70E
:105EE000000003EE5AFEF700006FD3B57FF70009FC
:105EF000FB3DFF85FE30BF95FFFFFB3EF4766FFF55
:105F0000FFFFD2A100CFFFFFFFF40000CFFA02FF96
:105F1000F40000CFFA02FFF40000AFF801FFF30035
:105F200000002772000000007FF7000000008FF8DB
:105F3000000000008FF8000000008FF8000000DF74
:105F4000FFFFFD00004FFFFFF4000004FFFF4000D3
:105F500023335FF53332FFFFA44AFFFFFFFFFCCF7F
:105F6000FFFFFFFFFFFF5C8F9AAAAAAAAAA8004F13
:105F7000FFFFFFB00001ED888889F8000AF20000F9
:105F800000AF305F700000001EC0EF886000288BFB
:105F9000F6FFFFF300BFFFF8FFFFFFFFFFFFF8FF73
:105FA000FFFFFFFFFFF7BFFFFFFFFFFFF400000150
:105FB0001000590019EFFD709F03EFDA9DFEBF0E30
:105FC000F600005FFF7F70003FFFFF6900002AAA14
:105FD000A9000000000000AAAAA20000A6FFFEF38C
:105FE0000007F7FFF500007FE0FBEFD9ADFE30FAC8
:105FF00008EFFE910095000110000000002A000249
:10600000EF788EFFFFFFFFFFFFFFFFFFFFDFFFFFC8
:106010000007FF00007F00000100002A0000002EA2
:10602000F000788EFF030FFFFFF0BAFFFFFF03FFC2
:10603000FFFFF0AADFFFFF0400008FF00000008FD9
:106040000000000010000000000000000000000040
:106050000006D20000002A00118E100002EF007D21
:106060002B90788EFF030AB3F0FFFFFF0BA1F1E343
:10607000FFFFFF03F0E3C5FFFFFF0BA1F1E3DFFF2D
:10608000FF030AB3F00007FF007D2B9000007F00A4
:10609000119E100000010006D20000000000000068
:1060A00000BFFFFFFFFFFBFD5BFFFFFFFFF501FFF1
:1060B000FFEFFFFB18FFF61CFFFFFCFF6001DFFF97
:1060C000609600008FF9000000008FFC88888888A7
:1060D000CFBFFFFFFFFFFB000240000000CF10001A
:1060E000003FF700000AFFE00004FFFF8000EFFF21
:1060F000FF308FFFFFFC0EFFFFFFF2F9CFFFFF3DE8
:10610000C5FFFFF16FA3BFFA008FFFFB00002674ED
:106110000000580000359F1005FE9F106FFE9F176E
:10612000FFFE9F9FFFFE9FFFFFFE9FEFFFFE9F2D45
:10613000FFFE9F10CFFE9F100BFE8F00009B000004
:10614000000046000000000FFD40000000FFFFA11E
:1061500000000FFFFFF70000FFFFFFFD500FFFFFE4
:10616000FFFFB1FFFFFFFFFF6FFFFFFFFFB1FFFF6B
:10617000FFFD400FFFFFF70000FFFFA100000FFD34
:1061800040000000360000000000AFFE30AFFE3FD0
:10619000FFF70FFFF7FFFF80FFFF8FFFF80FFFF8FC
:1061A000FFFF80FFFF8FFFF80FFFF8FFFF80FFFF6B
:1061B0008FFFF80FFFF8FFFF80FFFF8FFFF70FFF44
:1061C000F748981048981048888888881FFFFFFF74
:1061D000FFF7FFFFFFFFFF8FFFFFFFFFF8FFFFFF4E
:1061E000FFFF8FFFFFFFFFF8FFFFFFFFFF8FFFFFA6
:1061F000FFFFF8FFFFFFFFFF8FFFFFFFFFF7AFFF7E
:10620000FFFFFE30260000587FA000BF8FFB00BFBD
:106210008FFFC1BF8FFFFDCF8FFFFFFF8FFFFFEF0E
:106220008FFFF4BF8FFF40BF8FE300BF5D2000AE44
:106230000000000000000370000000003FFA0000B2
:106240000002EFFF9000001EFFFFF80001DFFFFFDC
:10625000FF700CFFFFFFFFF40DFFFFFFFFF50134A0
:10626000444444300DFFFFFFFFF50FFFFFFFFFF831
:106270000CFFFFFFFFF5000003100005FB0005FF0A
:106280004005FF4005FF5003FF50000BFC10000BC2
:10629000FC10000CFC10000CFB00000A5003100066
:1062A00003FC10000BFC10000BFC10000BFC10009A
:1062B0000DFB0005FF5005FF5005FF5003FF500088
:1062C0000A500000000069100000000DF5000000F9
:1062D00000EF600000000EF600005888FFB8881F2D
:1062E000FFFFFFFFF79BBBFFDBBB30000EF600009C
:1062F0000000EF600000000EF6000000009D20008E
:106300000046666666661FFFFFFFFFF7ADDDDDDD59
:10631000DD400003ADFFC70000009FE624AFE300AF
:106320000BFF207709FF407FF900CFA1FFE1EFF6D7
:106330007FFFF0EFF78FF93FFFC1FFE10BFF26CAA8
:1063400019FF40009FE624AFE30000039DFFC70054
:10635000003200000000000000DF500000000000DC
:10636000001CF84AEFEB500000009FFD525DFC104E
:10637000000005FE4A70CFE1000B802DFFF74FFBB8
:10638000002FFB00AFFB2FFF300BFF5007FE7FFB02
:106390000001DFC0003EFFE100001BFC4201BFA086
:1063A0000000005BEFB008FC100000000000004F90
:1063B000E0000000000000024000000003100000A8
:1063C00000000005FD000000000000EFF7000000E5
:1063D00000008FFFF1000000002FFDEFA000000083
:1063E0000BFB03FF30000004FFC04FFC000000DF88
:1063F000FD05FFF600007FFFF8CFFFE1001FFFFC67
:1064000004FFFF900AFFFFD27FFFFF20FFFFFFFF87
:10641000FFFFF6047888888888870000000000065F
:1064200010000000000FC1FFF8002EFFFCCDFF623E
:10643000EFDFF9002C4EF90F900002EF90070000FB
:106440002EF8880FA0CDFF80DFDFF9FFF8001EFFD8
:10645000FC000000000FC000000000061000002734
:10646000000000002EF90000002EFFF900002EF9B8
:106470002EF9002EF9002EF90BF900002EF427005A
:106480000000270027000000270BF900002EF42E43
:10649000F9002EF9002EF92EF900002EFFF9000068
:1064A000002EF9000000002600000000010000009E
:1064B000000000003FC0077777720003FFFC2EFF4B
:1064C000FFF9000FCFCFA00000E900041E932000C9
:1064D00000E900000E90000000E900000E900000AE
:1064E000B5E997000EC77773BFFFF6000DFFFFFDFC
:1064F0000BFF70000000000000A600BFFFF60000C8
:1065000000FFFFFF988874FFFFFFFFFFFFFFFFFF03
:10651000FFFFFFFFFFFFFFFFFFFFFFFFFFFFFFFF8B
:10652000FFFFFFFFFFFFFFFFFFFFFFBFFFFFFFFFBB
:10653000FB00000220000000003EE300000003EF2B
:10654000FE3000003EFFFFE30000EFFFFFFE000013
:10655000008FF8000000008FF8000000008FF800A6
:106560000023328FF82332FFFE3993EFFFFFFFC97C
:106570009CFFFFFFFFFFFF5C8F9AAAAAAAAAA800B0
:1065800000000003620000000000CFFE00000000D9
:106590003FFFE000000009FFFD000000002DFF901C
:1065A000000000004FF4000000000CFD000001009E
:1065B00009FF40018EE11AFF7000EFFFDEFF90003F
:1065C0000CFFFFFF6000008FFFE910000002763033
:1065D0000000000007930000220AFFF2008FF5F987
:1065E0001F708FF90CFCF88FF9001AEFFFF900000B
:1065F00000EFFC000007BFFFF6000AFFFABFF6003D
:10660000F91F70BFF60CFCF400BFF41AC600005668
:106610000000034441200000FFFF5E40241FFFF5FF
:10662000EE2FF4FFFFC882FF4FFFFFFF5FF4FFFF75
:10663000FFF5FF4FFFFFFF5FF4FFFFFFF5FF4FFF89
:10664000FFFF5FF4FFFFFFF4FF934444430FFFFF9E
:10665000FF500068888871000048888887000FFF15
:10666000FFFFFB00F800000BFB0F800000BFF3FBF7
:1066700077777DFF4FFFFFFFFFF4FFFF42DFFF4F04
:10668000FFC008FFF4FFFE00AFFF4FFFFCAFFFF4B9
:10669000AFFFFFFFFD1000000000000FFFFFFFFF36
:1066A000F79AAAAAAAAA400000000000899999991D
:1066B000993FFFFFFFFFF712222222220000000075
:1066C00000009AAAAAAAAA4FFFFFFFFFF700000046
:1066D000000000BFFFFFFFFFFBFFFFFFFFFFFF4EBC
:1066E000FFFFFFFFE4C3BFFFFFFB3CFF57FFFF754A
:1066F000FFFFF93DD39FFFFFFFD55DFFFFFFFFFFCA
:10670000FFFFFFBFFFFFFFFFFB01BBBA10005FFFF2
:10671000F10007FFFB00009FFF60000BFFFFFF6021
:10672000EFFFFFF10EFFFFF800000CFE000000FF7E
:106730005000003FC0000007F3000000A900000067
:1067400002000000002A5000000EFF8FFF2000FF13
:10675000F8FFF4000FFFEBBB3000FFF49992600FDD
:10676000FF5FFF4FA0FFF5FFF5561FFF5FFFFFF430
:10677000FFF5FFFFFF4EFF5FFFFFF40005FFFFFF88
:1067800040005FFFFFF40000444444000000150097
:1067900000000009F10000002DFFF900000EFFFFCE
:1067A000F70005FFFFFFD0008FFFFFFF000AFFFF8C
:1067B000FFF200DFFFFFFF506FFFFFFFFD0EFFFF47
:1067C000FFFFF6244444444300002FF9000000007A
:1067D00046000000BFFFFFFFFFFFF4FC8E8E8E8897
:1067E000E8F7F80C0C0B00B0F8FFECFCECEECFF87F
:1067F000FFA0C0A0772FF8FFECFCECEECFF8F80C70
:10680000000000B0F8FC8E888888E8F7BFFFFFFF23
:10681000FFFFF4000000000006300000000018EF49
:10682000E000000029FFFFB000003AFFFFFF30004A
:106830004CFFFFFFFC000BFFFFFFFFF5000EFFFF0B
:10684000FFFFD000013444DFFF6000000000CFFEF6
:106850000000000000CFF80000000000CFF10000B1
:10686000000000BF900000000000260000009BBB5D
:10687000B2700FFFFF4F90FFFFF4FF9FFFFF5444E4
:10688000FFFFFFFFFFFFFFFFFFFFFFFFFFFFFFFF18
:10689000FFFFFFFFFFFFFFFFFFFFFFFFFFFFFFFF08
:1068A000FFFFFFFF344444443000000000000000BC
:1068B0000000059BCB950000008FFFFFFFFF8003CA
:1068C000EFFA53235AFFE3DFA100000001AFD260CB
:1068D00005BEFEB50052001CFFFEFFFC100002ECDE
:1068E00040004CE200000100010001000000000A2D
:1068F000FA000000000000FFF0000000000006D6D3
:10690000000000377777777777750FFFFFFFFFFF7E
:10691000FFF3F834444444444FDF8CFFFFFFFFF2A1
:10692000CFF8CFFFFFFFFF08FF89CCCCCCCCC3FF53
:10693000FB77777777779F9CFFFFFFFFFFFFE100F3
:1069400000000000000000377777777777750FFF3A
:10695000FFFFFFFFFFF3F834444443004FDF8CFF99
:10696000FFFFC002CFF8CFFFFFFC0008FF89CCCCAF
:10697000CC9003FFFB77777777779F9CFFFFFFFF34
:10698000FFFFE10000000000000000377777777715
:1069900077750FFFFFFFFFFFFFF3F834444200005D
:1069A0004FDF8CFFFF800002CFF8CFFFF800000818
:1069B000FF89CCCC600003FFFB77777777779F9CCC
:1069C000FFFFFFFFFFFFE1000000000000000037B5
:1069D0007777777777750FFFFFFFFFFFFFF3F834C7
:1069E000410000004FDF8CFF40000002CFF8CFF4E1
:1069F00000000008FF89CC30000003FFFB777777A9
:106A000077779F9CFFFFFFFFFFFFE1000000000082
:106A1000000000377777777777750FFFFFFFFFFF6D
:106A2000FFF3F800000000004FDF800000000002CC
:106A3000CFF8000000000008FF800000000003FF06
:106A4000FB77777777779F9CFFFFFFFFFFFFE100E2
:106A50000000000000000000000000000000000036
:106A6000000025FB000000000005CBFE0000000137
:106A7000000D10420000009FD1680000006800FF78
:106A8000FEEEEDDDDDEFC09FD100B3000068000138
:106A900000003B0574000000000009BEFB00000080
:106AA0000000002DFB0000000000000000000000BE
:106AB00000342000006EFEFD2004FFF3FFD00CFF29
:106AC000F04FF50FD5F295F82FF7413CFA3FFF60F4
:106AD000AFFB3FFE204FFB2FE29275FA0FEBF1491F
:106AE000F809FFF09FF201DFF9FF900006AB950077
:106AF00000048870000BCCFFFFDCC5BCCCCCCCCC38
:106B00005288888888604FFFFFFFFC04FAAE6F5FF1
:106B1000C04FAAE6F4FC04FAAE6F4FC04FAAE6F4E9
:106B2000FC04FAAE6F4FC04FAAE6F5FC03FFFFFF6F
:106B3000FFB0068888887200000000000171000024
:106B4000000002EFD1000000015FFFC0000002EA78
:106B50005FFD000002EFFA5D200002EFFFF8000089
:106B600002EFFFFE200002EFFFFE200002EFFFFE1B
:106B7000200000BFFFFE2000000DFFFE20000000EF
:106B8000FFFE20000000066410000000000005EF7A
:106B9000FFFFFFFF8005FFFFFFFFFFFF05FFFF91E6
:106BA000DD19FFF5FFFFFD1111DFFFEFFFFFFB0018
:106BB000BFFFF5FFFFFD1111DFFF05FFFF91DD199D
:106BC000FFF005FFFFFFFFFFFF0004EFFFFFFFFFE8
:106BD0008000178887202DFFFFFD2EA0B378FEFAD6
:106BE0000B378FFFFFFFFFFFFFFFFFFFFFFFFFFFE1
:106BF000FFFFFFFFFFFFFFFFFFFFFFFFFFFFFFFFA5
:106C0000FFFFFCFFFFFFFC044444440000000000C1
:106C10000002000000000004F00069000000DF0036
:106C20007FC000000DF08FFFDDDDDDFF0BFFFFFFFC
:106C3000FFFFF00BFC00000000000AC00000000095
:106C40000000000000000000586C020034780200D0
:106C5000987702003C3000000001000000000000B6
:106C6000000100000300000000020000000000001E
:106C70000000000000000000000001000000000013
:106C80000000000000000000010C0007FA000000F6
:106C900000F1F0020D0605F5020D010B03090000DD
:106CA0000000000000000000001002FE00000000D4
:106CB000000000000000000000F80000000000FBE1
:106CC00005050000FD00FE0300FD00FDFFFB0000C8
:106CD0000000FD0000FCFC0000FD00FB00000000C7
:106CE0000000000000FDFD0000F900DF0000FB00D7
:106CF00005080000FB03030905FB050000F0000088
:106D0000000000000000000000F60000000000008D
:106D10000000000000000000FDF300F5FE00000090
:106D200000010B00F8FEFF0100FB0000FEEC00007C
:106D3000000000000000000000EAFE0A0000000061
:106D40000000000000000000000000000000000043
:106D500000000900030000FB00000000000000002C
:106D60000000000000000000000A02010000000016
:106D70000000000000000000000000000000000013
:106D80000000000000000000000000000000000003
:106D90000000F600000000000000000000000000FD
:106DA000000000000000000002050308FD000005CF
:106DB000FDF7DB02070501FC000A0009000900E7F6
:106DC00000FD080009FD0503000001FD0000FB16A1
:106DD00000160008000B0405000000F6000000008B
:106DE00001FE0002FBFCFB0200FD000000F50000BC
:106DF000000000000000000000EE000000000000A5
:106E0000000000000000000001F100EF00000000A1
:106E1000FE001BFDFC0303FE00FC030000F200006B
:106E2000000000000000000000E600030000000079
:106E3000000000000000000000100000F600090043
:106E4000EEE6EEFB080000EE0003FA00FC00000096
:106E50000000000000000000000708DF0000000044
:106E6000000000000000000000020000000000021E
:106E700002FDFB00FFFFFD0000FE000000FB00FE26
:106E800000FAFB00F9F7F7FB00FB00FB0000000035
:106E9000FE0000030002FD0000000003FE000000F1
:106EA000FE0303FF000000FB00FF000000000001E4
:106EB0000004FE00FD00FB0000FE00080000FD00D5
:106EC00000000000FF01FEFE00FD00FD00000000CC
:106ED0000000000000FFFF00FDFD000000000001B9
:106EE0000000FE00FDFDFD000000000000000000AD
:106EF000FE00000000FEFC0000F8FEF8050000FBAC
:106F000003050700F9FFFD00FFF303FE02F2030093
:106F10000001F200F2FEE8FE00F2000508000400A5
:106F20000000000100FBFC00000000FD000000FD6F
:106F30000000000000FFFF00FFFC00000000000058
:106F400000FDFD00FEFDFE0000FD00000000000051
:106F50000000000000FEFE0000FE00FB030000FD3C
:106F6000010303000000000000FE0000000000021A
:106F70000000FD00FDFEFD0000000000000002001A
:106F8000FE00000000FDFC000008FE01F700000705
:106F9000F2F2F5FB0300FEEEFB00FB00FB04FBEF4F
:106FA00000F9000001FF02FE000300F8F600F2F90C
:106FB000FAF9F8FDF9FFFBF9000100FD00000002FD
:106FC00000030000000000000000000000FD00FFC2
:106FD00000FFFD00FBFAFAFF00F8000000000000CF
:106FE000FE0000000001FE000003000000000000A1
:106FF00000000D00000000000002000000FD000085
:10700000000000000000000000FB00030000000082
:107010000000000000000000FE000000FB00000077
:1070200000F2F8000000FCF20000FD0300F900008F
:107030000000000000000000FC0000FB0000000059
:10704000000000000000000000FB00000000030042
:1070500002FBFB00FDFDFD000000000000F800FD4C
:1070600000FCFD00FAF9F8FE00FB00F8000000004B
:10707000160000010000FC0000F40000000000E722
:10708000FB0908FEF50003FC00F2FFFC03EDFD0424
:107090000004F6FCF6F7F50000F000100000FF0019
:1070A0000000FFFFFDF9F7FF0000000000000000F6
:1070B00000010000000000000000000000000000CF
:1070C0000000FD00FFFDFC0000FB00FD00000000D3
:1070D00000000000000000000000FF00FB000005B1
:1070E000FF0400FA03FEFFF9FD00FCFDFE00FCFBBF
:1070F0000000FEFFFEFBFD0000FD0003FE00FA00A5
:107100000000FB00FB00FBFB000000000000000093
:10711000FB0300FC00FEFDF8FEFEFEFFFEFDFF008F
:1071200000000000FDFEFE0000000003FE00FE0067
:107130000000FEFDFEFEFDFE020BFF00F900FE0555
:1071400000FDF5FC040000F3FB03FB0200FEFEF76C
:1071500000FC010000FB0000000303FBFB00FBFD43
:10716000FCFDFD00FB01FBFB000000000000000037
:10717000000300000000000000000000000000000C
:10718000000000000000000000FB00000000000004
:1071900000000000000000000000000000000000EF
:1071A00000000000000000000000000000000000DF
:1071B00000000000FE0000000000000000000000D1
:1071C00000000000000000000000000000000000BF
:1071D00000FEFD000000000000000000000000FCB8
:1071E0000000FC0000FDFD00000000FD00000000AC
:1071F000FF0000000000FE000000FC00FB0000009B
:10720000F70002FA0501FEF30000FAFD00F5F9F8B7
:107210000000F4FDF5F6F300F9000212FC00FAFD9F
:10722000FFFDFBF9FBF6F5FA0000FE00010000EDA2
:10723000FE0806FAF60001F800F2FEFD05E7FC0183
:107240000000EEFDF2FDEC0000ED00100100FE007C
:10725000000000FFFEF6FE0000000000F700FE0048
:10726000FFF8F30000FFFCF8FD00FE00000000F452
:10727000FDF7F7FEFBF9FDFB00FBFEF7FC00FDFB55
:10728000FDFB000100FEF70000FB00000000030012
:1072900002FB0B00FDFDFD000000000000F800FDFA
:1072A00000FCFD00FAF9F8FE00FB020B00000000F4
:1072B000160000010000FC000000000000000000BB
:1072C000FF0000000000FEFB0000000000FF0000C7
:1072D00000FDFD0000FBFD0000FB0005FF000000BD
:1072E00000000001000000000502FE00F7FC00089D
:1072F000F7F7FBFB0B0503E8FE05FD00FD03FDF6BC
:1073000000FD03FCFEF8FE0000080500F800F1FC9B
:1073100008FCF601FCF7F7FD0300FC00F900020988
:10732000FAF6F5F9080001ECFE03FBFEFA00FAF6A6
:10733000FCFCFE0000FAFAFD000806FDF100F1FC7D
:1073400000F6F0FFF7FBF7F80000FC00FBFE00FD85
:10735000FB0005F7030000F200FDFAFBFEF8F9F769
:10736000FA00F8FDFAFBF8FD0000010DFB00F8FD46
:1073700000FDFBFAF9F8F6FC0500FC00F2FD020541
:10738000F7F6FBF709FD01E7FB05FAFBF600F8F558
:10739000FDFDFEFDFAF8FF00000808FEEE00F0FA21
:1073A00007F6EEFBF6F5F2F700000000FD00000323
:1073B000FD0502FB050000F8FF00FF000101FE00D3
:1073C0000000000000FD0000000002080100FD00B8
:1073D000000000FEFEFD00000102000000000200AF
:1073E000FE000A00050101FC00050000000200008B
:1073F000000000000000000000080008000000007D
:10740000000000000000000000F000FD0500080082
:10741000001B03FBFB0303FE01F200000DF0000064
:10742000000000000000000000EE0A26000000003E
:10743000000000000000000000000000000000004C
:10744000000000000000000000000000000000003C
:107450000000FC0000FBFE00000000000000000037
:10746000000000000000000000FE00F90000010024
:10747000000323FBFE0907F90300000303FC0000DF
:10748000000000000000000000DD08000000000017
:107490000000000000000000000000F8000000F9FB
:1074A00000000000FAFF000000FA00FD00F30000F9
:1074B000000000000000000000EE000000000100DD
:1074C0000000000000FD000000FC00F9000000FBCF
:1074D00003FD0000F9FDFA0000F900FD00F300FDD6
:1074E0000000EAFBF5FDF60000EE00F9FF000000E9
:1074F0000000000000FCFBFE00000000FA00FA049F
:10750000FD0500FEFAFEFBFB00FDFFFE02F9FF0099
:107510000000E8FEFC00FA00FEF3FE0000FEFE00A4
:107520000000000200FEFBFE000000000000000062
:10753000000000000000000000000000000000004B
:10754000000000000000000000000000000000003B
:10755000000000040000000000FA00FE000000FB34
:1075600003000000F9FDFB0000F800FD00F300003F
:107570000000E600FBF6F20000EE00FEFC0000005A
:107580000000000000FDFCFF01000005FC00080DEC
:10759000FDFDF8030D0506F9030B030806070000BF
:1075A000000000000000000000110DFBFD00FE16B1
:1075B0000C160000000300000000FC0000000000AA
:1075C00000000000FE0000000000000000040000B9
:1075D0000000E9FDFEF5F30000EE000000000000F1
:1075E00000000000000000000000FC00000000009F
:1075F00000000000FE000000000000000004000089
:107600000000E9FDFEF5F30000F5000000000000B9
:10761000000000000000000000000000FE0000006C
:10762000FA0300FD020503F800FFFE03000200005C
:107630000000F900FEFEFB00FEF50011FD00FAFE61
:1076400000FEFB00FDF8FBFD0000FC000000000058
:1076500000000000FE000000000000000004000028
:107660000000E9FDFEF5F30000EE00000000000060
:107670000E000000000000000000FC00F7FDFE0806
:10768000FEFDF501FE01FEF9010601020102F9F518
:10769000FD00F6FBF9F5F500FCFBFDFCFEFEFDFE32
:1076A00000FEFF040004FE000000000000000000D7
:1076B00000000000FEFDFD0000F900FF00FB0000DF
:1076C000000000000000000000F0000000000000CA
:1076D0000000000000FDFD0000000000FE0000FBB7
:1076E000FD0300FBFBFE00F8FEFAFEFD00FB0000C0
:1076F000000000000000000000EE00090000FB0098
:10770000000000FC00FD00000000FE00FA00000B7D
:10771000FCF7F8020303FFF8020402080209FEF96D
:107720000000F50000F8F90000FB00FCFB00FC0085
:10773000FC00FE0400FEF8FD0000FE00FB0000045B
:10774000FA0003FD020000F700FEFF00FD03FE004B
:107750000000F5FDFA00F80000F3000AFD00FB0050
:107760000200FD00FDF800FD00000000FE00000327
:10777000FC010000FDFE00FD000000000000000014
:10778000000000000000000000EF00060000FE0006
:107790000000000100FDFD000000010200030405DF
:1077A0000206070809090A0B0C0D0E0F10110C1226
:1077B00013141515000000161718191719191917A1
:1077C00019191A1919191917191719031B1C1D1D35
:1077D0001E1F2021222300240025262727270027DB
:1077E00026282926262A2A272A272A2B2C2D2E2E00
:1077F0002F2E3000002309000000000000000000D0
:107800000000000000000000000000000000000078
:107810000000000000000000000000000000000068
:107820000000000000000000000000000000000058
:107830000000000000000102000304050206070822
:1078400009090A0B0C000D0E0F101112130C141461
:107850000000001516171819161A1B1C1D1D1E1FD7
:10786000201D1D1621222303241E25252627282915
:107870002A2B002C002D2E2F303132332D3434356D
:10788000302D2D2E2E36373839333A3A3B3A3C29B3
:1078900000000900000000000000000000000000DF
:1078A00000000000000000000000000000000000D8
:1078B00000000000000000000000000000000000C8
:1078C00000000000000000000000000000000000B8
:1078D000200000000C00010000000000000000007B
:1078E000000002002D00000052000D00000000000A
:1078F000000000000000020001F00000A2085F008C
:107900000C790200000000003C00030000000700AA
:107910000A000B000C0010001200140018001B00DD
:1079200020002500260027003D00420047004A00B5
:107930004B004C005000510052005300660067009D
:107940006D006F00700073007600770078007A0099
:1079500092009400C300C400C600C800DF00E60027
:10796000E900F2001B0123015A01EA013F02400233
:1079700041024202430286029202EC0203035905CD
:10798000C107A108000000000000000000009004F2
:107990000000000000009004030C01001200A0068B
:1079A000050501071F00F00B0C0C00006700900A92
:1079B0000A1000FEB700500E0E0C00000B01B00BB9
:1079C0000C0D00FF59019003020501075E01C0057F
:1079D000050F01FD8401C005050F00FDAA01D006B9
:1079E00007070005C301E00908080102E30180065A
:1079F00006030003EC01E00304030000F2010006AB
:107A00000810FFFE3202500B0B0C000074025006EF
:107A1000050C00009202C0090A0C0000CE02C00949
:107A2000090C00000403600B0C0C00004C03C0099F
:107A30000A0C00008803800A0B0C0000CA03300AFD
:107A40000A0C00000604F00A0B0C00004804800A2F
:107A50000A0C00008404E003040900009604E0031B
:107A6000040C00FDAE04E00908080102CE04E009A0
:107A700008060103E604E009080801020605C0093A
:107A8000090C00003C059011110F00FDBC05700CA5
:107A90000E0CFF001006E00C0C0C01005806500CF8
:107AA0000C0C0000A006100E0D0C0100EE06600B81
:107AB0000A0C01002A07D00A0A0C01006607200DF3
:107AC0000C0C0000AE07D00D0C0C0100F6074005B1
:107AD000030C01000808C008090CFF003E08400C18
:107AE0000C0C01008608200A090C0100BC0840109B
:107AF0000E0C01001009D00D0C0C01005809400EAD
:107B00000E0C0000AC09400C0B0C0100EE09400EFD
:107B10000F0F00FD5F0A600C0B0C0100A10A900A18
:107B20000A0C0000DD0A000A0A0C0000190B700D97
:107B30000B0C01005B0B200C0E0CFF00AF0B201395
:107B4000130C0000210C700B0C0C0000690C000BD6
:107B50000D0CFF00B70C300B0B0C0000F90CB0053E
:107B6000050F01FD1F0D00060810FFFE5F0DB0059B
:107B7000040F00FD7D0DF00908070102990D800832
:107B8000090200FEA20D300A0602010AA80D300A01
:107B900009090000D10DA00B0A0C01000D0EB0095F
:107BA0000A0900003A0EA00B0B0C00007C0E600AC4
:107BB0000A090000A90E0006070C0000D30EC00B36
:107BC0000B0C00FD150F900B0A0C0100510FC004A7
:107BD000030C0100630FD004060FFEFD900F800A16
:107BE0000A0C0100CC0FC004030C0100DE0F0012D0
:107BF000100901002610900B0A0901005310D00A49
:107C00000B0900008510A00B0A0C01FDC110A00B90
:107C10000B0C00FD03110007060901001E1180086E
:107C20000909000047111007070B00006E11800BB7
:107C300009090100971180090B09FF00C911500FB4
:107C400010090000111260090A0900003E128009A3
:107C50000B0CFFFD8012E00809090000A912F005D5
:107C6000060F00FDD6121005030F01FDED12F00501
:107C7000050F00FD1313E009090500042A13001184
:107C80001212FFFDCC130011110D00003B14001166
:107C9000111000FEC3140011110D00003215B00BBD
:107CA0000C0D000080150011111100FE11160011BD
:107CB000111200FDAA162013141000FE4A1700111D
:107CC000111100FEDB172013140D00005D180011C8
:107CD000111300FDFF188008090E00FF3E19C00CAB
:107CE0000D0E00FF99192013141100FE431A001104
:107CF000110D0000B21AB00B0C1200FD1E1BE00E9D
:107D00000B1102FE7C1BE00E0F1300FD0B1CE00E9E
:107D10000F1000FE831CE00E0F1000FEFB1CE00E97
:107D20000B1102FE591DE00E1110FFFEE11DA00A0D
:107D30000A0F00FF2C1EA00A0A0F00FF771EE00E9C
:107D40000F1000FEEF1EE00E0F0400040D1F2013A5
:107D5000140D00008F1F4015161200FD5520201332
:107D60001512FFFD12210011111000FE9A21E00EE4
:107D70000F0A0001E521E00E0F0A00013022401534
:107D8000170DFF00C6220011110D00003523001150
:107D9000111100FEC62300111213FFFD7124E00E25
:107DA000101000FEF124E00E0F1200FD7825E00E09
:107DB0000F1000FEF025E00E0F0E00FF59260011F7
:107DC000110D0000C826A00A0C12FFFD3427E00E9A
:107DD0000F1200FDBB27E00E0F1200FD42282013FA
:107DE000140D0000C42800111313FFFD7929C00CE5
:107DF0000D1200FDEE294015161100FEA92A4015AE
:107E0000160B0001222B4015160B00019B2B401571
:107E1000160B0001142C4015160B00018D2C40157B
:107E2000160B0001062D4015160E00FFA02DE00ECA
:107E30000D1201FD152EE00E0F1200FD9C2E0011FB
:107E40001212FFFD3E2F4015160D0000CD2FC00C65
:107E50000D1200FD42302011120B0001AF39F39FCB
:107E600028F18F17F06F06F0000010AF39E2E70D30
:107E70009E70D8D60C8D60C77306400002F000C714
:107E8000000004E000E5000006C000F3000FFFFF63
:107E9000FFFFF7033BA336F331000C7005D0000061
:107EA0000E5007B000000F3009A0008FFFFFFFFF4A
:107EB000F0136F333D8330005D000F4000007B0006
:107EC0001F200000002E000000002E0000004BEFDD
:107ED000FC6005FD9F8CF20DD02E00200FB02E000F
:107EE000000CF73E000002DFFF72000004AFFFB09D
:107EF00000002E2AF900002E00ED07002E01FB2FB6
:107F0000E98F8EF3029DFFEA2000002E00000000A2
:107F10002E000002CEB10000C8000D608A0007D01C
:107F2000003D001F002F30005C000F10C800003E15
:107F3000001F07D000000D609A2F20000002CEA184
:107F4000C708ED70000008C07C12D500003F20C5B6
:107F500000790000D700C500790008C0007B00D57B
:107F6000003F200009DD700007DFD50000007F63BF
:107F70008F200000BC000F5000009F108F200000D9
:107F80001ECBF50000000BFF30000002DD6EC105C6
:107F9000500DD003EC1D902F60003EEF402F90005D
:107FA00005FF100AFB669FCED1007DFFC602C1000F
:107FB0000000000000E7E7D6D67300AE002F60088F
:107FC000F100DB001F8004F5005F4006F3005F4016
:107FD00004F5001F8000DB0008F1002F6000AE00F8
:107FE0003F5000BE0004F4000F9000CD0009F000E7
:107FF0008F1007F1008F1009F000CD000F9004F4EE
:1080000000BE003F5000001E000582E1A32AEFE8F9
:10801000106EFD407C5E5E4001E000000400000048
:10802000043000000CA000000CA000011CA110DF17
:10803000FFFFFC344DB443000CA000000CA0000175
:1080400011100FFFF804444202201FF00DC0000081
:1080500001F6000006F100000BB000001F600000F8
:108060007F000000CA000002F5000007F000000DCC
:10807000A000003F4000008E000000E9000003F374
:10808000000009D000000E8000004F200000000614
:10809000DFE910000AFC8AFE1006F80003FB00CEA0
:1080A000000009F10FA000004F52F8000003F72F65
:1080B0008000003F70FA000004F50CE000009F1003
:1080C0006F80003FB000AFC8AFE100006DFE9100CF
:1080D000DFFF8678F8002F8002F8002F8002F8007A
:1080E0002F8002F8002F8002F8002F8002F803AEE4
:1080F000FEA2006FE98AFF201800005F80000000E8
:108100001FA00000004F70000001DE1000001CF4F2
:10811000000001CF4000001DF3000001DE30000030
:108120001DFA7777716FFFFFFFF36FFFFFFF727725
:10813000777EF3000007F6000004F9000002FB0060
:108140000000AFFC40000357DF50000001EC0000CE
:10815000000CE4500002FBBFD98AFF306BEFEA202D
:10816000000000AF3000000006F7000000002FB054
:1081700000000000DE100000000AF3000000006FA5
:108180007009C00002FB000BE0000DF3222BE2207F
:108190005FFFFFFFFFF21555555DE5500000000B36
:1081A000E0000000000BE00004FFFFFF8005F9770E
:1081B000773007F100000009F00000000AF210001B
:1081C000000CFFFFD700045557CF900000000CF0C3
:1081D00000000009F11600000DE07FE989EF60055D
:1081E000AEFEB4000003AEFEA20007FE878D1004B1
:1081F000FB00000000BF100000000FA00000000204
:10820000F86DFFD6002FEF746CF601FF30000DE023
:108210000EF00000AF008F40001ED000CF967DF41E
:1082200000008DFEB3007FFFFFFFF77F87777CF5AF
:108230007F20000DD04A10005F70000000CF0000CA
:108240000003F80000000AF10000002FA000000069
:108250009F30000000FC00000007F50000000EE069
:108260000000003BEFEA30004FE768EF300BF10011
:1082700002FA00CE00000FB006FA212AF50009FF2D
:10828000FFF80008FB545BF701FB00000CF03F8097
:1082900000008F21FC00000DF007FD768DF7000532
:1082A000BEFEB400007DFEB3000BFA67CF504F70E6
:1082B000000CE07F200007F56F50000AF91EE52250
:1082C0008FFA03DFFFD5F900023202F70000000742
:1082D000F30000003FB007B87BFD1006DFFD700023
:1082E0000DC01FE0021000000000000002201FF07F
:1082F0000DC00DC01FE002100000000000000000D3
:108300000DC01FF009B00C500A000000001500005D
:108310005BFB028EFA40AFC61000DF93000005CF72
:10832000D71000028EF800000057DFFFFFFC455514
:1083300055530000000001111110DFFFFFFC344411
:10834000444351000000DFA4000005BFE710000116
:108350007DF900003AFB017DFB50AFE7100084007F
:10836000000003AEFEA207FD879FF22800005F8099
:10837000000002F7000000AF200000AF6000009F87
:108380006000000FB000000031000000010000009C
:1083900003FA0000002E9000000005BDFED9300059
:1083A00000003DD742249EA100004F700000001B3A
:1083B000D0001E6007DFD76F1BA009C00AF956DE88
:1083C000F11F30E504F70001EF10A81F209F000007
:1083D00008F108B2F10AD000006F106B1F209F0057
:1083E0000008F107A0E604F60001EF10B708C00A84
:1083F000F956DCF87F101E7007DFD709FD40004FEB
:1084000070000000000000003ED7423592000000DE
:108410000005BDFEC8100000000000DF40000000A5
:108420000004FFB0000000000BE8F3000000003F74
:1084300071FA00000000AF10AF10000001FA004F09
:1084400080000008F3000DF000000FD11117F700B5
:10845000007FFFFFFFFE0000EE4444449F5005F7FD
:108460000000001FC00CE000000009F33FFFFFFD0B
:1084700081003FA55569FE003F7000008F503F709E
:1084800000006F403F811125ED003FFFFFFFF4002A
:108490003F944446CF503F7000000ED03F70000024
:1084A0000CF03F7000001EE03FA55567DF603FFF06
:1084B000FFFEB40000007CEFD920003EFC98AFF432
:1084C00001EE400001A109F4000000000FC000000F
:1084D00000002F90000000002F90000000000FC04F
:1084E0000000000009F40000000001EE400002A1BD
:1084F000003DFD98BFF400007CEFD8103FFFFFEC7B
:10850000710003FB7778CFE4003F7000003EF20378
:10851000F70000003FA03F70000000BF03F700001D
:108520000008F23F700000008F23F70000000BF0FE
:108530003F70000003FA03F7000003EF203FB77716
:108540008CFE4003FFFFFEC710003FFFFFFFF33F1D
:10855000B77777713F700000003F700000003F82E6
:108560002222003FFFFFFF703FA55555203F7000BE
:1085700000003F700000003F700000003FB77777B9
:10858000733FFFFFFFF63FFFFFFFF33FB7777771C2
:108590003F700000003F700000003F700000003F8F
:1085A000822222003FFFFFFF703FA55555203F70FC
:1085B0000000003F700000003F700000003F7000AE
:1085C000000000006CEFD920003DFD98AFF601EEF1
:1085D0004000019209F4000000000FC000000000FC
:1085E0002F90000000002F90000000FA0FC0000044
:1085F00000FA09F4000000FA01EF500001FA003D12
:10860000FD98AFF700007CEFD9303F7000000BF011
:108610003F7000000BF03F7000000BF03F70000057
:108620000BF03F8222222BF03FFFFFFFFFF03FA520
:1086300055555CF03F7000000BF03F7000000BF0F0
:108640003F7000000BF03F7000000BF03F70000027
:108650000BF03F73F73F73F73F73F73F73F73F73C9
:10866000F73F73F700FFFFFF0007777CF000000083
:10867000AF0000000AF0000000AF0000000AF000A8
:108680000000AF0000000AF0000000BF0073000E01
:10869000D00DF97DF60019EFD6003F7000008F6015
:1086A0003F700008F7003F70007F80003F7006F9C0
:1086B00000003F706FA000003F75FF1000003FCF2B
:1086C000EFA000003FFC1AF800003FC100CF5000AF
:1086D0003F70001DF3003F700002EE103F7000007D
:1086E0003FC03F70000003F70000003F7000000330
:1086F000F70000003F70000003F70000003F70002B
:108700000003F70000003F70000003F70000003F87
:10871000B7777763FFFFFFFE3F7000000004F73F6D
:10872000F10000000DF73FFA0000006FF73FDF3067
:108730000001EDF73F7DD00009F4F73F64F6002F0C
:1087400073F73F60AE10BD03F73F602F95F403F75A
:108750003F6007FEB003F73F6000DF2003F73F6094
:1087600000350003F73F6000000003F73F90000072
:108770000BF03FF500000BF03FFF30000BF03FAF78
:10878000E1000BF03F75FB000BF03F709F800BF09A
:108790003F700BF50BF03F7001EF3BF03F70003F77
:1087A000DCF03F700005FFF03F7000009FF03F706D
:1087B00000000CF000007CEFD82000003DFC98BFCA
:1087C000F60001EE400002CF4009F40000001ED088
:1087D0000FC000000008F42F9000000004F62F9056
:1087E00000000004F60FC000000008F409F40000C7
:1087F000001ED001EE400002DF40003DFC98BFF6B5
:108800000000007CEFD820003FFFFFEB4003FB7728
:1088100079FF603F700001DF13F7000007F53F703C
:1088200000006F53F700000BF23F82224AFA03FF69
:10883000FFFFF9003FA555300003F7000000003F9F
:108840007000000003F70000000000006CEFD8206B
:10885000000002DFC98BFF600001EE400002CF4044
:10886000009F40000001ED000FC000000008F4016F
:10887000F9000000004F602F9000000004F600FC9B
:10888000000000008F400AF40000001EE0002FE40A
:1088900000001CF500004EFB87AFF700000018DF5A
:1088A000FF9200000000000AF9227A000000000791
:1088B000EFFF6000000000003300003FFFFFEB40CF
:1088C00003FB7779FF603F700001DF13F7000006BC
:1088D000F53F7000006F53F700000BF23F82224A11
:1088E000FA03FFFFFFF8003FA554BF2003F7000184
:1088F000ED003F700004F803F7000009F4004BEFAF
:10890000EB6005FE878CF20DE00000200FB0000048
:10891000000CF700000002DFFC730000049DFFB0B4
:108920000000001AF900000000ED08100001FB1F14
:10893000FB879EF3018CFFEA20FFFFFFFFFE7777A6
:10894000EE77760000DD00000000DD00000000DDB5
:1089500000000000DD00000000DD00000000DD0080
:10896000000000DD00000000DD00000000DD000070
:108970000000DD00005F6000000EC5F6000000ECA6
:108980005F6000000EC5F6000000EC5F6000000EA6
:10899000C5F6000000EC4F6000000EB4F7000000C8
:1089A000FB1FB000003F80CF40001CF302EFB89ED9
:1089B000F800019EFFB5000CF10000000CE005F787
:1089C0000000003F7000EE000000AF10007F50007C
:1089D00001F900001FC00008F2000009F3000EB00A
:1089E000000002FA006F40000000BF10DD00000030
:1089F000004F84F6000000000DECF00000000007BE
:108A0000FF800000000000FF2000004F7000005FAA
:108A10009000002F60EC00000AFE000008F10AF14F
:108A20000000FEF40000DC004F70005F4F90003F3C
:108A30006000FC000AE0BE0008F1000AF100F80541
:108A4000F400DC00004F705F300F903F700000FCBE
:108A50000BD000BE08F100000AF2F80005F4DC00BB
:108A600000005FCF30000FCF70000000FFD000008B
:108A7000AFF10000000AF8000005FC00002FC00064
:108A8000004F8006F80001EC0000BF400BF2000030
:108A90001EE17F60000004FCFA000000009FE0007F
:108AA000000000CFF300000008F7EE1000004FA018
:108AB0004FA00001EE1008F6000BF30000CF206F6E
:108AC0008000002FD00CF1000000DC002FA000007F
:108AD0008F20008F40002F800000ED000BE0000091
:108AE00005F705F50000000BF2EB000000002FEF8A
:108AF00020000000008F800000000005F50000004D
:108B000000005F500000000005F500000000005F5D
:108B10005000002FFFFFFFFF717777777FF3000092
:108B20000009F600000006F900000003FC00000048
:108B300001EE10000000CF300000009F6000000038
:108B40006F900000003FC00000001EF97777775457
:108B5000FFFFFFFFFA3FFF53F9513F6003F6003F6D
:108B60006003F6003F6003F6003F6003F6003F60DD
:108B700003F6003F6003F9513FFF507F0000001FE4
:108B80005000000CB0000006F1000001F6000000EB
:108B9000BC0000005F1000000F7000000AC0000061
:108BA00005F2000000E80000009D0000004F3000CA
:108BB000000E80000008E0000003F4AFFE35DE0088
:108BC000CE00CE00CE00CE00CE00CE00CE00CE0035
:108BD000CE00CE00CE35DEAFFE000ED000005EE44B
:108BE0000000C78B0003F12F200AA00B901F300458
:108BF000F08C0000D6FFFFFFFF711111111005F975
:108C000000001CB0029DFEB300AE868EF201100083
:108C10003F80000000FA02BEFFFFB0DE5222FB1FC1
:108C200080001FB0DE425DFB02AEFD6DB07F200014
:108C300000007F200000007F200000007F39EFD778
:108C4000007FED87BFB07FC00007F67F500000EBCC
:108C50007F200000CD7F500000EB7FC00007F67F33
:108C6000ED87BFC07F29EFD7000019EFD80002EFD2
:108C7000969FC00CE20004402F800000004F60006F
:108C800000002F800000000CE200044002EE869FEE
:108C9000C00019EFE800000000009F00000000097C
:108CA000F0000000009F0002AEFC59F003FE879F19
:108CB000EF00DE20004FF02F800000BF04F6000020
:108CC00009F02F800000BF00DE10003FF003FE75AA
:108CD0008FEF0002AEFD68F0002AEFC60003FE76BB
:108CE000BF800DE10008F32F700000F84FFFFFFF79
:108CF000FA2F922222210DE100002003FF978ED04F
:108D00000029EFEA20004CFE500FD66203F6000C5B
:108D1000FFFFF037F955003F600003F600003F60A9
:108D20000003F600003F600003F600003F60000013
:108D30002AEFD76F203FF979FEF20DF20003FF22F0
:108D4000F800000AF24F6000007F22F8000009F2EC
:108D50000DE20003FF203FF969FEF2002AEFD68FF3
:108D6000100000000DD008EA868DF50006CEFEB496
:108D7000007F200000007F200000007F2000000016
:108D80007F49EFD6007FED88DF707FC0000EE07F67
:108D9000500009F17F200008F17F200008F17F20BA
:108DA0000008F17F200008F17F200008F17F48F4DF
:108DB0000007F27F27F27F27F27F27F27F27F2005A
:108DC00006F50007F50000000006F40006F40006B2
:108DD000F40006F40006F40006F40006F40006F4BD
:108DE0000006F40006F3286EE04EFC307F20000001
:108DF000007F200000007F200000007F20007F8097
:108E00007F2008F8007F20AF80007F3BF800007FC4
:108E1000DFFD00007FF56FA0007F5009F7007F2085
:108E200000CF407F20001EE17F27F27F27F27F27BF
:108E3000F27F27F27F27F27F27F27F3AEFC406CF37
:108E4000E9107FFC77EFBF969FC07FB0002FF60040
:108E500007F47F40000DF00003F77F20000CD000E6
:108E600002F87F20000CD00002F87F20000CD00018
:108E700002F87F20000CD00002F87F20000CD00008
:108E800002F87F3AEFD6007FEC77CF707FB0000E0C
:108E9000E07F400009F17F200008F17F200008F109
:108EA0007F200008F17F200008F17F200008F100FA
:108EB00029EFD800003FE879FD100DE20004F90227
:108EC000F800000BF04F6000009F02F800000BF06C
:108ED0000DE20004F9003FE869FD100029EFD80019
:108EE000007F39EFD7007FED75AFB07FC00006F689
:108EF0007F500000EB7F200000CD7F500000EB7F13
:108F0000D00007F67FED87BFC07F39EFD7007F2005
:108F10000000007F200000007F20000000002AEFFA
:108F2000C58F003FE87AFEF00DE20004FF02F80072
:108F3000000BF04F6000009F02F800000BF00DE204
:108F40000004FF003FE869FEF0002AEFC59F000023
:108F5000000009F0000000009F0000000009F07F01
:108F600039E67FDEA37FC0007F50007F30007F2086
:108F7000007F20007F20007F2000029EFDB400EED5
:108F8000768D504F60000001FD51000005DFFEA10D
:108F90000000148FC0010000AF05FA769FB018DF03
:108FA000FD800003F600003F6000CFFFFF037F95C8
:108FB0005003F600003F600003F600003F6000022F
:108FC000F700000EE683003CFD408F10000BF8F127
:108FD0000000BF8F10000BF8F10000BF8F10000BD6
:108FE000F8F20000DF5F70003FF0DF968FFF019D19
:108FF000FD69F00CD000004F406F50000BD000EB2B
:109000000002F60008F2009E00001F901F80000082
:10901000AF17F1000003F7EA0000000CFF3000007A
:10902000005FC00000BD00003F800007F05F30001F
:109030009FE0000DA00E9000EBF4003F4009E0051A
:10904000F2DA009D0003F40BC07F00E80000DA1F95
:10905000501F65F200007F8F000BCBC000001FF98E
:109060000005FF6000000BF30000EF00003F9000E0
:109070003F9007F501EC0000AF2BE100000DFF4031
:10908000000006FC0000002EDF600000CE19F30097
:1090900009F300CE106F70002FB00CE000004F40BD
:1090A0005F50000CD000DC0003F60006F400AE00B8
:1090B000000EB01F7000008F28F1000001FAE800D8
:1090C000000009FF100000003FA000000007F300AF
:1090D000001C78FA000001AEE90000003FFFFFFF2E
:1090E0001155558FB000001DD100000BF200000893
:1090F000F5000005F8000003FB000001DF65555195
:109100005FFFFFFF30000AFA008F9300AF0000AF4F
:109110000000AF0000AF0001DE000FF70004EE001A
:1091200000AF0000AF0000AF0000AF00008F930061
:109130001BFA3F43F43F43F43F43F43F43F43F43C0
:10914000F43F43F43F43F43F40AFA0039F7000FA65
:10915000000FA000FA000FA000EC1007FF00ED4088
:109160000FA000FA000FA000FA039F70AFA000004C
:10917000000000002DF8003D0BA4D909A0E201BFBA
:10918000E202000010000000000000000038C800EB
:109190000000000015AEFFFE000000027CFFFFFF94
:1091A000FE000006EFFFFFFFFFFE00000EFFFFFFC7
:1091B000FFFEFE00000EFFFFFFB613FE00000EFFD5
:1091C000D9400003FE00000EF400000003FE000082
:1091D0000EF300000003FE00000EF300000003FE8B
:1091E00000000EF300000135FE00000EF300009FAA
:1091F000FFFE00001EF30005FFFFFE04DFFFF3008B
:1092000004FFFFFB0FFFFFF300005CFE910FFFFF69
:10921000F1000000000004DFFD400000000000003D
:1092200000100000000000009009CCCCCCCCC9009C
:109230009FBBFFDDDDDDDFFBBFF76EC0000000CEB2
:1092400067FF10DC0000000CD01FF98FC000000089
:10925000CF89FFA9FD2222222DF9AFF10DFFFFFFDB
:10926000FFFD01FF65EE6666666EE56FFCCFC00030
:109270000000CFCCFF10DC0000000CD01FF32DC08D
:10928000000000CD23FFFFFF9999999FFFFFD10DAB
:10929000FFFFFFFFFD01D0CFFFB0CFFFFFFFFFCFEC
:1092A000FFFF0FFFFFFFFFFFFFFFF0FFFFFFFFFFCD
:1092B000FFFFFE0EFFFFFFFFFF2444202444444431
:1092C00044224442024444444442FFFFE0EFFFFF93
:1092D000FFFFFFFFFF0FFFFFFFFFFFFFFFF0FFFF9D
:1092E000FFFFFFFCFFFB0CFFFFFFFFFC133310131E
:1092F000333333331EFFFD0EFFFFFFFFFEFFFFF092
:10930000FFFFFFFFFFFFFFFF0FFFFFFFFFFFDFFF7D
:10931000C0DFFFFFFFFFD01110001111111110006D
:1093200000000000000087000000000000009FF720
:109330000000000000009FFFE000000000009FFF11
:10934000F303400000009FFFF304FF5000009FFF65
:10935000F300EFFF50009FFFF30007FFFF509FFF58
:10936000F3000007FFFFBFFFF300000007FFFFFF50
:10937000F30000000007FFFFF3000000000006FFFD
:10938000F300000000000006E30000000000010000
:10939000000000005FC100003FD1EFFC1003FFF9A7
:1093A0008FFFC13FFFF409FFFDFFFF40009FFFFF5C
:1093B000F400000AFFFF5000003FFFFFC10003FF61
:1093C000FFFFFC103FFFF49FFFC1EFFF4009FFF9D3
:1093D000AFF400009FF507300000064000000009D0
:1093E000D700000000000100EFB0020000001DF1F6
:1093F0000EFB03FB00001DFF60EFB09FFB0009FFA9
:10940000B00EFB01DFF601FFD000EFB002FFD06F1E
:10941000F5000EFB0009FF3AFF0000EFB0004FF629
:10942000BFF0000EFB0002FF8AFF00007A50003FF1
:10943000F78FF30000000007FF53FFB000000000AB
:10944000DFF00CFF70000000AFF9002FFFA2000357
:10945000CFFD10004FFFFEDEFFFE2000002DFFFFBE
:10946000FFFB10000000049CDC93000000000000E3
:1094700037973000000000000AFFFA0000000000EB
:1094800000BFFFB00000000DB6EFFFFFE6BD000912
:10949000FFFFFFFFFFFFF901FFFFFFFFFFFFFFF1EE
:1094A0003FFFFFD303DFFFFF301EFFF20002FFFE8E
:1094B0001000DFFE00000EFFD0000DFFF00000FFE7
:1094C000FD002CFFFFA000AFFFFC23FFFFFFECEF30
:1094D000FFFFF20BFFFFFFFFFFFFFB002FEAFFFF85
:1094E000FFFAEF20002003DFFFD300200000000A76
:1094F000FFFA0000000000006BDC600000000000CC
:10950000000000000000000000006C7005DD20007D
:1095100000000009FFFB07FF3000000001CFFBFF48
:10952000D9FF300000003EFF503EFFFF3000000535
:10953000FFE35F62DFFF3000008FFC18FFF91BFFC5
:1095400090000AFF91AFFFFFC18FFB10CFF71CFF08
:10955000FFFFFD25FFE07F43EFFFFFFFFFF43EA08D
:10956000010CFFFFFFFFFFFE0100000DFFFFDCDF2E
:10957000FFFF0000000DFFFF000DFFFF0000000DCA
:10958000FFFF000DFFFF0000000DFFFF000DFFFFBC
:109590000000000CFFFE000CFFFE000000000000B9
:1095A0000000000000000000004CCC400000000063
:1095B0000009FFF9000000000000AFFFA00000005C
:1095C00000000AFFFA000000000000AFFFA000004A
:1095D0000000000AFFFA000000000566CFFFC66524
:1095E000000001FFFFFFFFFFF1000004FFFFFFFF8E
:1095F000F300000003FFFFFFF30000000003FFFF84
:10960000F3000000111113EFE3111110EFFFFF53EE
:10961000C35FFFFFEFFFFFFF838FFFFFFFFFFFFF32
:10962000FFFFFFFFFFFFFFFFFFFFFFB4D2FFDFFFE2
:10963000FFFFFFFFFFFFD00001CFFFFFFFFFC200D2
:1096400000000BFFFFFFFFFFFC0000005FF4222281
:109650002223FF700001EF80000000006FF2000A7B
:10966000FD00000000000CFC005FF40000000000A2
:1096700002FF70EFD6664000003666CFF0FFFFFFB6
:10968000F10000EFFFFFF1FFFFFFFA4448FFFFFF8B
:10969000F2FFFFFFFFFFFFFFFFFFF2FFFFFFFFFFF4
:1096A000FFFFFFFFF2FFFFFFFFFFFFFFFFFFF17F65
:1096B000FFFFFFFFFFFFFFFF900000000000000022
:1096C000011000000478630005FF00008FFFFFFD1C
:1096D000604FF001DFFFFEFFFFC5FF01EFFB300031
:1096E0004BFFFFF0AFF700000005FFFF2FF8000071
:1096F00006FEEFFFF7FF0000006FFFFFFF254000B1
:10970000000155555540000000000000000045557F
:109710005551000000352FFFFFFF6000000FF7FFDD
:10972000FFEFF6000007FF2FFFF300000004FFB07B
:10973000FFFFF7000007FFF20FF7FFFFA8AEFFF4EF
:1097400000FF42AFFFFFFFC2000FF50028BDC94078
:1097500000001100000000000000000000000820D0
:1097600000000BF700000BFF84666BFFF8FFFFFFA4
:10977000FF8FFFFFFFF8FFFFFFFF8FFFFFFFF8FFE7
:10978000FFFFFF8CFFFFFFF800004FFF8000004F3E
:10979000F80000004F6000000010000000072000EB
:1097A0000000000BF7000000000BFF800004666B58
:1097B000FFF80000FFFFFFFF80CA0FFFFFFFF80860
:1097C000F7FFFFFFFF800EBFFFFFFFF804F9FFFF69
:1097D000FFFF80DE1CFFFFFFF8021000004FFF803C
:1097E000000000004FF800000000004F6000000083
:1097F0000000100000000000000000004000000019
:10980000000000000004FA00000000000820000032
:109810008FC000000000BF70009307F80000000B2D
:10982000FF8000EF50BF204666BFFF80002DF13F54
:1098300090FFFFFFFF80CB04F80CD0FFFFFFFF80FD
:109840007F70DC09F0FFFFFFFF800EB0BE08F1FF64
:10985000FFFFFF804F90CD08F1FFFFFFFF80DE127A
:10986000F90BE0CFFFFFFF80210BF31FA000004F9B
:10987000FF8000BF808F40000004FF8000D703FB03
:10988000000000004F6000004FE1000000000100F8
:109890000003FD2000000000000000018100005CCA
:1098A000DDDDDDDDDDDDDC5EFFFFFFFFFFFFFFFE59
:1098B000FF914EFFFFFFFFFFFFF0008FFFFFFFFF55
:1098C000FFFF0008FFFFF4BFFFFFFA36FFFFF300C2
:1098D000BFFFFFFFEFFFF30000BFFFFFD15FF3000B
:1098E0000002FFFFD100530000002FFFF200000034
:1098F000000002FFFF3222222222223FFFFFFFFF51
:10990000FFFFFFFFFF7FFFFFFFFFFFFFFF70000074
:109910000B80000000005FF100000000BFF60000B7
:109920000003FFFE0000000BFFFF7000005FFFFF61
:10993000F10001EFFFFFFB000BFFFFFFFF704FFF88
:10994000FFFFFFF1BFFFFFFFFFF6EFDFFFFFFFF9B4
:10995000FF2CFFFFFFFADF57FFFFFFF88FD18EFFCD
:10996000FFF31EFD40CFFFA003EFFFFFFC00001937
:10997000FFFD700000000110000000000000000B5F
:10998000D5000003C5EF700004FFBEF70005FFFB24
:10999000EF7006FFFFBEF707FFFFFBEF78FFFFFF4B
:1099A000BEFEFFFFFFFBEFFFFFFFFFBEFFFFFFFF5E
:1099B000FBEF8CFFFFFFBEF70BFFFFFBEF7009FF14
:1099C000FFBEF70008FFFBEF700007FFBEF70000C7
:1099D00005F7000000000000000000000000000586
:1099E000D8100000000000EFFE60000000000FFF34
:1099F000FFC300000000FFFFFFF91000000FFFFF92
:109A0000FFFF700000FFFFFFFFFFD4000FFFFFFF0D
:109A1000FFFFFA10FFFFFFFFFFFFFF5FFFFFFFFFEA
:109A2000FFFFFCFFFFFFFFFFFFFF8FFFFFFFFFFFB9
:109A3000FE50FFFFFFFFFFF8000FFFFFFFFFB20028
:109A400000FFFFFFFD4000000FFFFFF700000000D8
:109A5000FFFFA10000000009FC3000000000000032
:109A6000000000000000005CDDD9000ADDDC4FFFD3
:109A7000FFF506FFFFFDFFFFFF607FFFFFEFFFFF2A
:109A8000F607FFFFFEFFFFFF607FFFFFEFFFFFF620
:109A900007FFFFFEFFFFFF607FFFFFEFFFFFF607FF
:109AA000FFFFFEFFFFFF607FFFFFEFFFFFF607FFF7
:109AB000FFFEFFFFFF607FFFFFEFFFFFF607FFFFE7
:109AC000FEFFFFFF607FFFFFEFFFFFF506FFFFFEDA
:109AD0008FFFFC001DFFFF60000000000000005C25
:109AE000DDDDDDDDDDDC3FFFFFFFFFFFFFFDFFFF15
:109AF000FFFFFFFFFFEFFFFFFFFFFFFFFEFFFFFF87
:109B0000FFFFFFFFEFFFFFFFFFFFFFFEFFFFFFFF76
:109B1000FFFFFFEFFFFFFFFFFFFFFEFFFFFFFFFF66
:109B2000FFFFEFFFFFFFFFFFFFFEFFFFFFFFFFFF56
:109B3000FFEFFFFFFFFFFFFFFEFFFFFFFFFFFFFF46
:109B4000EFFFFFFFFFFFFFFD8FFFFFFFFFFFFF6046
:109B500000000000000000000000000005C300003D
:109B600005DBBFF400007FEBFFF50007FEBFFFF64B
:109B7000007FEBFFFFF707FEBFFFFFF97FEBFFFF63
:109B8000FFFEFEBFFFFFFFFFEBFFFFFFFFFEBFFF7C
:109B9000FFFB8FEBFFFFFA07FEBFFFF9007FEBFF34
:109BA000F80007FEBFF700007FE7F6000007FE00A1
:109BB000000000000000000009E7000000000000B5
:109BC00009FFF6000000000007FFFFF5000000009D
:109BD00006FFFFFFF400000005FFFFFFFFF300009A
:109BE00004FFFFFFFFFFE20003FFFFFFFFFFFFE2B5
:109BF00000DFFFFFFFFFFFFFB00EFFFFFFFFFFFFD4
:109C0000FB0029999999999998100023333333339C
:109C1000332000DFFFFFFFFFFFFFB00FFFFFFFFF5D
:109C2000FFFFFE00FFFFFFFFFFFFFFE00CFFFFFF56
:109C3000FFFFFFFA000011111111111000000000C8
:109C400003700000004FF7000004FFF600004FFF14
:109C5000700004FFF700004FFF700004FFF70000E2
:109C60000FFF90000008FFF40000008FFF4000008D
:109C700008FFF40000008FFF40000008FFF4000020
:109C8000008FF900000007B101810000000DFD10F8
:109C900000000CFFD1000001CFFD1000001CFFD11F
:109CA000000001CFFD1000000CFFD1000001EFFA11
:109CB000000009FFF300009FFF300009FFF30000E0
:109CC0009FFF300009FFE300000FFE30000004C3D7
:109CD000000000000000AC9000000000002FFF001A
:109CE0000000000002FFF000000000002FFF000055
:109CF00000000002FFF000000000002FFF00000045
:109D0000BFFFFFFFFFFFFF9FFFFFFFFFFFFFFDEF15
:109D1000FFFFFFFFFFFFC133335FFF33333000002E
:109D200002FFF000000000002FFF00000000000212
:109D3000FFF000000000002FFF000000000000EF17
:109D4000D000000000000000000000BFFFFFFFFF88
:109D5000FFFF9FFFFFFFFFFFFFFDEFFFFFFFFFFF85
:109D6000FFC13333333333333000000048ABA840F6
:109D700000000000006EFFFEFFFE700000001BFFF1
:109D8000E50004DFFC200001DFFE1017500CFFE2AD
:109D9000000CFFF4000FFC02FFFD108FFFE0006FCE
:109DA000FF70CFFFA0FFFFC08FFFFFB0AFFFF1AF8D
:109DB000FFE07FFFFF90CFFFC01EFFF20EFFFF21ED
:109DC000FFFF3003FFFB019CA20AFFF500003EFFEE
:109DD000B100009FFF500000019FFFB9BFFFB2001C
:109DE000000000027CEFFC930000005B100000000C
:109DF000000000000000EFE3000000000000000091
:109E0000003DFF600369BA850000000001BFFBDF71
:109E1000FFEFFFE70000000007FFFE60004CFFD2ED
:109E2000000000004EFF508600CFFE3000007001A1
:109E3000CFF9FFD12FFFE10007FC2009FFFFF80B4E
:109E4000FFFB000EFFE4005FFFFC09FFFF2009FF9E
:109E5000FF0002DFFC0BFFFD0001EFFF40000AFFE7
:109E6000BFFFF300003FFFD000006FFFFF50000076
:109E700003EFFC200003EFFA0000000019FFFC993B
:109E8000001BFF900000000028CEFFA0008FFD20E7
:109E9000000000000000000004EFF10000000000DE
:109EA000000000002CC000000000000000000000C6
:109EB000000000000006C7000000000000000002D3
:109EC000FFF40000000000000000BFFFD000000011
:109ED000000000005FFFFF700000000000000DFFA9
:109EE000FFFE10000000000007FFFFFFF900000068
:109EF000000001FFF200FFF20000000000AFFF20B1
:109F00000FFFB0000000003FFFF301FFFF50000013
:109F1000000CFFFF402FFFFD00000005FFFFF503D1
:109F2000FFFFF7000000EFFFFFDADFFFFFF10000A7
:109F30008FFFFFF604FFFFFFA0001FFFFFFF100FC2
:109F4000FFFFFF300AFFFFFFF917FFFFFFFC00FFD5
:109F5000FFFFFFFFFFFFFFFFF109FFFFFFFFFFFF15
:109F6000FFFFFB00012222222222222221000000E8
:109F7000000000001B3000000000000004FF30ABB8
:109F8000BB6000007BCFFF3FFFFF60007FFFFFFE55
:109F9000EFFFFF406FFFFFFF70005FF35FFF34FFD5
:109FA000700000644FFF402F700000003FFF500022
:109FB000000000003FFF63101B3000002EFF72ED19
:109FC00014FF30ABBEFF809FFDCFFF3FFFFF90002F
:109FD000BFFFFFFEEFFFA00000BFFFFF700000000B
:109FE000000004FF700000000000002F700000005F
:109FF0000000000000000000003B20000000000006
:10A000003FFE20000000003FFFFE200000003FFF59
:10A01000EFFE2000003FFF90BFFE20003FFF9000BA
:10A02000BFFE203EFF900000BFFE2BFF900000000F
:10A03000BFF93E9000000000AD10000000000000DD
:10A04000001A5000000000690AFF500000007FF86D
:10A050005FFF5000007FFF406FFF50007FFF400018
:10A060006FFF507FFF4000006FFFAFFF4000000018
:10A070006FFFFF40000000006FFF40000000000085
:10A080006F400000000000000000000000007A00A7
:10A090000000000000000000009FFC108EEEEEEEBD
:10A0A000EA0000009FFFFD16FFFFFFFFF000009F8A
:10A0B000FFFEFD02333335FF00000DF4EF4DF200DB
:10A0C00000002FF00000020EF31200000002FF005B
:10A0D000000000EF30000000002FF00000000EF341
:10A0E0000000000102FF01000000EF30000001FD50
:10A0F0004FF3FD00000EF52222210DFEFFEFB00010
:10A1000000EFFFFFFFF61DFFFFA000000BFFFFFFAA
:10A11000FF901CFFA00000000000000000000A806B
:10A1200000004BCCCCB3000000000EFFFFFFF3009B
:10A13000000000FFFFFFFFFAAAAAA93FFFFFFFFFF1
:10A14000FFFFFFFEFFFFFFFFFFFFFFFFFFFFFFFF20
:10A15000FFFFFFFFFFFFFFFFFFFFFFFFFFFFFFFF0F
:10A16000FFFFFFFFFFFFFFFFFFFFFFFFFFFFFFFFFF
:10A17000FFFFFFFFFFFFFFFFFFFFFFFFFFFFFFFFEF
:10A18000FFFFFFFFFFFFFFFF7FFFFFFFFFFFFFFF5F
:10A190007000000004A000000000000004FFC000E8
:10A1A0000000000004FFFFC00000000004FFFFFFEC
:10A1B000C000000004FFFFFFFFC0000003FFFFFF1F
:10A1C000FFFFB000002999EFFFC997000000000DC4
:10A1D000FFF6000000000000DFFF6000000000004C
:10A1E0000DFFF6000000000000DFFF60000000111E
:10A1F000110DFFF6011110EFFFF68DDD36FFFFEFB9
:10A20000FFFFE53335EFFFFFFFFFFFFFFFFFFFFF1E
:10A21000FFFFFFFFFFFFB4D2FFDFFFFFFFFFFFFFE6
:10A22000FFD000000000000000000000000000005F
:10A23000000BB7300000000000006FFFFE000000C0
:10A24000000000CFFFFF000000000003FFFFFE0042
:10A250000000000009FFFFFC000000000002DFFF1B
:10A26000F80000000000001CFFF4000000000000E7
:10A270000BFFE00000000000004FFF700000000036
:10A280000002EFFD0000002700001DFFF400004B5E
:10A29000FFB003EFFF70000CFFFFF9AFFFF9000004
:10A2A0000DFFFFFFFFFF7000000AFFFFFFFFE4004C
:10A2B000000006FFFFFFF80000000002FFFDA50000
:10A2C0000000000000110000000000000004BC704D
:10A2D00000000042005FFFFA00003EFF90DFA6FF93
:10A2E0002002EFFF50FF20CF502EFFF500CFB7FF29
:10A2F00032EFFF50004FFFFFCDFFF5000003ADFF31
:10A30000FFFF5000000000AFFFF70000000025EF46
:10A31000FFFE2000001BFFFFFFFFE200009FFEFF8B
:10A3200067FFFE2000EF40EF407FFFE200EF62EFAB
:10A330003006FFFE208FFFFD00006FFFB008EFB278
:10A34000000002760000000000000000000000BFD6
:10A35000FFFF64A000000EFFFFF74FB00000EFFF0B
:10A36000FF74FFA8BB2EFFFFF70333FFF3EFFFFFE0
:10A37000EA998FFF3EFFFFFFFFFEFFF3EFFFFFFFB6
:10A38000FFEFFF3EFFFFFFFFFEFFF3EFFFFFFFFFCB
:10A39000EFFF3EFFFFFFFFFEFFF3EFFFFFFFFFEFCB
:10A3A000FF3EFFFFFFFFFEFFF3EFFFFFFFFFEFFFAB
:10A3B0004BFFFFFFFFFAFFFC10000000000FFFFF44
:10A3C000FFFFF70000EFFFFFFFFF500000222222F7
:10A3D000221000006EFFFFFFFFE9000FFFFFFFFFED
:10A3E000FFF900FF522222228FF90FF20000000530
:10A3F000FFF8FF200000005FFFEFF200000005FF04
:10A40000FEFF533333338FFFEFFFFFFFFFFFFFFEEE
:10A41000FFFFFFFFFFFFFFEFFFFFE203EFFFFEFF86
:10A42000FFF60007FFFFEFFFFF70008FFFFEFFFF4B
:10A43000FE515FFFFFEFFFFFFFFFFFFFFE8FFFFFFC
:10A44000FFFFFFFF7001111111111100DFFFFFFF6E
:10A45000FFFFFFCFFFFFFFFFFFFFFD577777777706
:10A4600077774000000000000000000000000000BE
:10A47000000577777777777774FFFFFFFFFFFFFFA0
:10A48000DEFFFFFFFFFFFFFC0000000000000000F8
:10A4900000000000000000344444444444442FFFC2
:10A4A000FFFFFFFFFFFDFFFFFFFFFFFFFFD12222A6
:10A4B000222222222128888888888888882DFFFFE8
:10A4C000FFFFFFFFFFFDFFFFFFFFFFFFFFFFF7FFA6
:10A4D000FFFFFFFFFFFFF723EFFFFFFFFFFFE35F3C
:10A4E00071BFFFFFFFFFB2AFFFC27FFFFFFF73DF50
:10A4F000FFFFF63DFFFD37FFFFFFFFFA19E91BFFE6
:10A50000FFFFFFFFFE636EFFFFFFFFFFFFFFFFFF89
:10A51000FFFFFFFFFFFFFFFFFFFFFF7FFFFFFFFFCB
:10A52000FFFFFF7000BFFFFF400000FFFFFF400084
:10A5300002FFFFFE000004FFFFF9000007FFFFF429
:10A54000000009FFFFFAAAA40BFFFFFFFFF80DFFB1
:10A55000FFFFFFE00FFFFFFFFF6007999BFFFC007D
:10A56000000007FFF30000000BFFA00000000EFF3B
:10A57000100000002FF8000000006FE00000000055
:10A58000AF5000000000BB00000000000000000011
:10A590000001BD500000000ADDEEAFDDC20000FF8B
:10A5A000FFA4FFFF60000FFFFFFFFFF60000FFFFAB
:10A5B000F8666620000FFFF72555521100FFFF4D8A
:10A5C000FFFF64E20FFFF4EFFFF64FE2FFFF4EFFE5
:10A5D000FF63DDBFFFF4EFFFFC5554FFFF4EFFFFAD
:10A5E000FFFFEFFFF4EFFFFFFFFEFFFF4EFFFFFF58
:10A5F000FFECFFF3EFFFFFFFFE00000EFFFFFFFF8A
:10A60000E00000EFFFFFFFFE00000CFFFFFFFFC0B8
:10A61000000002222222200000004C300000000036
:10A62000000AF800000000005DFFFC300000007F21
:10A63000FFFFFF5000003FFFFFFFFF10000AFFFF7A
:10A64000FFFFF70000DFFFFFFFFFB0000EFFFFFF7F
:10A65000FFFC0000FFFFFFFFFFD0003FFFFFFFFFF9
:10A66000FF1008FFFFFFFFFFF603FFFFFFFFFFFFE5
:10A67000E1DFFFFFFFFFFFFFBAFFFFFFFFFFFFF973
:10A68000000000000000000000009FFF70000000BC
:10A690000001DFC0000000000000100000006EFF9D
:10A6A000FFFFFFFFFFFFFE80FFFFFFFFFFFFFFFF3A
:10A6B000FFF1FF53F52D725F35F33FF2FF20E20CFF
:10A6C000402E02E00FF2FF64F64E847F46F45FF204
:10A6D000FFFFCEFCDFDCFECFFFF2FFFB05B01F303B
:10A6E0009609FFF2FFFC17C13F51B71AFFF2FFFFB7
:10A6F000FFFFFFFFFFFFFFF2FF20E200000002F07C
:10A700000FF2FF42F422222224F22FF2FFFFFFFF7A
:10A71000FFFFFFFFFFF17FFFFFFFFFFFFFFFFF9046
:10A720000000000000000000000000000000000029
:10A73000029D500000000000003BFFFE00000000F2
:10A740000005CFFFFFC0000000006DFFFFFFF50018
:10A75000000017EFFFFFFFFD0000029FFFFFFFFF5C
:10A76000FF60001AFFFFFFFFFFFFE0000DFFFFFF8C
:10A77000FFFFFFF80000EFFFFFFFFFFFFF100003E8
:10A78000ABBBBBDFFFFF90000000000009FFFFF242
:10A790000000000000009FFFFA0000000000000918
:10A7A000FFFF300000000000009FFFC0000000001D
:10A7B000000009FFF4000000000000008FFD000011
:10A7C000000000000003FF40000000000000000047
:10A7D0000000000000CFFFFFF649000FFFFFFF75EC
:10A7E000FA00FFFFFFF75FFA0FFFFFFF75FFF9FFAA
:10A7F000FFFFF714444FFFFFFFEAAAA9FFFFFFFF87
:10A80000FFFFEFFFFFFFFFFFFEFFFFFFFFFFFFEF79
:10A81000FFFFFFFFFFFEFFFFFFFFFFFFEFFFFFFF59
:10A82000FFFFFEFFFFFFFFFFFFEFFFFFFFFFFFFE4A
:10A83000FFFFFFFFFFFFEFFFFFFFFFFFFEDFFFFF59
:10A84000FFFFFFC00000000000000000000000004B
:10A85000000000000000000047ACDCB85000000021
:10A8600000018EFFFFFFFFFFA30000008FFFFFFE30
:10A87000DEFFFFFFA1001CFFFE830000027CFFFE45
:10A8800030DFFE6000000000004DFFF25FC10000FD
:10A8900046775100009F90020002AFFFFFFFC40007
:10A8A000030000007FFFFFFFFFFFA000000002FF8A
:10A8B000FD73236BFFF6000000006F600000003D99
:10A8C000A0000000000000002000000000000000C8
:10A8D00000000CFE2000000000000000006FFFA040
:10A8E00000000000000000006FFFA000000000005A
:10A8F0000000000BFD200000000000000000000030
:10A9000000000000006DEEEEEEEEEEEEEEEEE80082
:10A91000FFFFFFFFFFFFFFFFFFFF20FF5333333336
:10A9200033333333FFB0FF2344444444444440FFB3
:10A93000F3FF2DFFFFFFFFFFFFF05FF3FF2DFFFF92
:10A94000FFFFFFFFF00EF3FF2DFFFFFFFFFFFFF004
:10A950004FF3FF2CFFFFFFFFFFFFF0FFF3FF42224B
:10A96000222222222222FFC0FFFFFFFFFFFFFFFF64
:10A97000FFFF206EFFFFFFFFFFFFFFFFF9006DEEFF
:10A98000EEEEEEEEEEEEEEE800FFFFFFFFFFFFFF64
:10A99000FFFFFF20FF5333333333333333FFB0FF35
:10A9A0002444444444430000FFF3FF2EFFFFFFFF15
:10A9B000FB00005FF3FF2EFFFFFFFFFB00000EF325
:10A9C000FF2EFFFFFFFFFB00004FF3FF2EFFFFFFF7
:10A9D000FFFA0000FFF3FF4222222222222222FF5E
:10A9E000C0FFFFFFFFFFFFFFFFFFFF206EFFFFFF26
:10A9F000FFFFFFFFFFF9006DEEEEEEEEEEEEEEEE86
:10AA0000E800FFFFFFFFFFFFFFFFFFFF20FF5333C3
:10AA1000333333333333FFB0FF2444444420000046
:10AA200000FFF3FF2EFFFFFF800000005FF3FF2E0B
:10AA3000FFFFFF800000000EF3FF2EFFFFFF8000EE
:10AA400000004FF3FF2EFFFFFF70000000FFF3FF39
:10AA50004222222222222222FFC0FFFFFFFFFFFF0D
:10AA6000FFFFFFFF206EFFFFFFFFFFFFFFFFF9006B
:10AA70006DEEEEEEEEEEEEEEEEE800FFFFFFFFFF16
:10AA8000FFFFFFFFFF20FF5333333333333333FFF5
:10AA9000B0FF2444410000000000FFF3FF2EFFF54B
:10AAA00000000000005FF3FF2EFFF5000000000033
:10AAB0000EF3FF2EFFF500000000004FF3FF2EFF06
:10AAC000F50000000000FFF3FF4222222222222292
:10AAD00022FFC0FFFFFFFFFFFFFFFFFFFF206EFF12
:10AAE000FFFFFFFFFFFFFFF9006DEEEEEEEEEEEE73
:10AAF000EEEEE800FFFFFFFFFFFFFFFFFFFF20FF7D
:10AB00005333333333333333FFB0FF2000000000BF
:10AB1000000000FFF3FF20000000000000005FF3D2
:10AB2000FF20000000000000000EF3FF20000000E6
:10AB3000000000004FF3FF2000000000000000FFB5
:10AB4000F3FF4222222222222222FFC0FFFFFFFF28
:10AB5000FFFFFFFFFFFF206EFFFFFFFFFFFFFFFF75
:10AB6000F900000000000009D6000000000000000D
:10AB7000003ABFFF1000000000000001FA8FFF0044
:10AB800000000000000009B005930000000008B6B6
:10AB9000001F30000000013000AFFF60AB0000007C
:10ABA0000004FA10FFFFFFFFFFFFFFFFFFFFE2CFF0
:10ABB000FF93338F43333336FD402CEA00000D7092
:10ABC00000000270000000000005E007884000005F
:10ABD0000000000000CA5FFF9000000000000000BD
:10ABE0001ADFFF9000000000000000000FFF80004F
:10ABF00000000000000000000000000000039CDCDA
:10AC0000A5000009FFFCFFFB0007FFFF1CFFF90187
:10AC1000FFFFF01DFFF26FFFFF031DFF7AFE1AF02A
:10AC2000971EFACFF80A0835FFCDFFF80004FFFDA4
:10AC3000EFFFF701FFFFEEFFFE2009FFFEDFFE231F
:10AC4000040AFFDBFE23F0980CFC8FF8FF1716FFB9
:10AC500093FFFFF106FFF40BFFFF17FFFD001DFF41
:10AC6000F9FFFF300008DFFFFA300000000110009C
:10AC70000000002DEEEC10000CEEEEFFFFFEEEEB00
:10AC8000FFFFFFFFFFFFFFD1222222222222210C01
:10AC9000DDDDDDDDDDDA00FFFFFFFFFFFFD00FFDB3
:10ACA0008FF6FF7FFD00FFB3FE0FF1DFD00FFB3FFC
:10ACB000E0FF1DFD00FFB3FE0FF1DFD00FFB3FE013
:10ACC000FF1DFD00FFB3FE0FF1DFD00FFB3FE0FFE4
:10ACD0001DFD00FFB3FE0FF1DFD00FFC4FF2FF3E72
:10ACE000FD00EFFFFFFFFFFFC008FFFFFFFFFFF6C4
:10ACF000000122222222210000000000000008D6CC
:10AD0000000000000000009FFF7000000000000530
:10AD1000FFFFF60000000000819FFFFF0000000021
:10AD200009FD19FFFB000000009FFFD19FC100003B
:10AD30000009FFFFFD17100000009FFFFFFFA000AC
:10AD4000000009FFFFFFFC100000009FFFFFFFC194
:10AD500000000009FFFFFFFC100000009FFFFFFF45
:10AD6000C100000007FFFFFFFC100000000BFFFF09
:10AD7000FFC1000000000CFFFFFC10000000000EEF
:10AD8000FFFFC100000000000EFFDA10000000000D
:10AD900000000000000000000000000004ACCCCC6B
:10ADA000CCCCCCCA3000005FFFFFFFFFFFFFFFF1FC
:10ADB0000005FFFFFFFFFFFFFFFFF3005FFFFFF84E
:10ADC0001DFF62EFFFF405FFFFFFF301C600BFFFA9
:10ADD000F45FFFFFFFFE30000AFFFFF4FFFFFFFFFD
:10ADE000FFE1007FFFFFF49FFFFFFFFF60001CFFFC
:10ADF000FFF409FFFFFFF6009301DFFFF4009FFF60
:10AE0000FFF40AFE30CFFFF40009FFFFFFCFFFFD84
:10AE1000FFFFF300009FFFFFFFFFFFFFFFF10000B8
:10AE200007EFFFFFFFFFFFFE600004FFFFFFFC20B6
:10AE300004FFFFFFFFFB04FC2E43F35FE4FFB0E2DF
:10AE40000F03FEFFFB0E20F03FEFFFEAFBAFABFE70
:10AE5000FFFFFFFFFFFFEFFFFFFFFFFFFEFFFFFF13
:10AE6000FFFFFFEFFFFFFFFFFFFEFFFFFFFFFFFF03
:10AE7000EFFFFFFFFFFFFEFFFFFFFFFFFFEFFFFF03
:10AE8000FFFFFFFEFFFFFFFFFFFFEDFFFFFFFFFFE5
:10AE9000FC4EFFFFFFFFFD3000000000000000003F
:10AEA00000000000000080000000000000000AF127
:10AEB000000071000000007FF1001CF500000000A0
:10AEC0009FF101DFF6000000009FF12EFFFCAAAA0F
:10AED000AAAADFF1DFFFFFFFFFFFFFFFF16FFFFF18
:10AEE000FFFFFFFFFFD006FFF6000000000000009C
:10AEF0005FF60000000000000004D3000000000026
:10AF00000000000014AF0200F0BA020054BA0200C0
:10AF10003C300000000200000000000000020000C1
:10AF20000500000000040000000000000000000018
:10AF3000000000000000020000000000000000000F
:10AF4000000000000217000EF500000000E4E1041C
:10AF5000180B09EC0419021605100000000000008F
:10AF600000000000001F04FC0000000000000000C2
:10AF70000000000000F10000000000F6090A0000D7
:10AF8000FB00FC0500FB00FBFDF600000000FB00E1
:10AF900000F9F80000FB00F60000000000000000CF
:10AFA00000FBFB0000F200C20000F6000A0F0100E7
:10AFB000F60505110AF70A0000E300000000000092
:10AFC0000000000000ED0000000000000000000094
:10AFD00000000000FAE700ECFC0000000001140093
:10AFE000F1FCFE0200F70000FCDA000000000000A7
:10AFF0000000000000D7FC1300000000000000006B
:10B00000000000000000000000000000000011002F
:10B01000050000F600000000000000000000000035
:10B020000000000000130402000000000000000007
:10B030000000000000000000000000000000000010
:10B040000000000000000000000000000000ED0013
:10B0500000000000000000000000000000000000F0
:10B0600000000000040A050FFB00000AFBEFBA0411
:10B070000E0A01F900120010001000D000FA0F00B3
:10B0800011FB0A05000002FB0000F7290029000F50
:10B0900000160709000000ED0000000002FC00049B
:10B0A000F7F9F60400FB000000EC000000000000CF
:10B0B0000000000000DF00000000000000000000B1
:10B0C0000000000002E400E000000000FC0033FA91
:10B0D000F90505FB00F9050000E50000000000008F
:10B0E0000000000000CE000500000000000000008D
:10B0F00000000000001F0000ED001100DDCEDDF6B5
:10B100000F0000DE0006F400F80000000000000060
:10B1100000000000000D0FC2000000000000000051
:10B1200000000000000400000000000404FAF60023
:10B13000FEFEFB0000FC000000F600FC00F4F60040
:10B14000F3EFEFF600F600F600000000FC0000054B
:10B150000004FB0000000005FC000000FC0505FEEB
:10B16000000000F600FE0000000000020007FC00E6
:10B17000FA00F70000FC000F0000FB0000000000D8
:10B18000FE02FCFC00FB00FB0000000000000000D1
:10B1900000FDFD00FBFA0000000000020000FC00C2
:10B1A000FBFBFB000000000000000000FD000000B1
:10B1B00000FCF90000F1FCF10A0000F6050A0E009F
:10B1C000F3FEFA00FEE805FC04E505000002E500D8
:10B1D000E5FCD3FC00E6000A0E00070000000001B9
:10B1E00000F7F900000000FB000000FB0000000079
:10B1F00000FDFD00FDF900000000000000FBFB0069
:10B20000FCFAFC0000FB0000000000000000000051
:10B2100000FCFC0000FC00F6050000FA0305050038
:10B220000000000000FC0000000000040000FB0023
:10B23000FBFCFA000000000000000400FC0000001D
:10B2400000FAF800000FFC02F000000EE6E5EAF656
:10B250000500FCDFF700F700F608F7DF00F200005A
:10B2600003FE04FC000501F1ED00E6F4F5F4F1FA4B
:10B27000F2FFF6F2000200FB0000000400050000EF
:10B28000000000000000000000FB00FD00FEFB00CD
:10B29000F7F5F5FE00F1000000000000FC000000E2
:10B2A0000002FD0000050000000000000000190081
:10B2B000000000000004000000FB0000000000008F
:10B2C0000000000000F70005000000000000000082
:10B2D00000000000FC000000F600000000E6F100A5
:10B2E0000000F8E60000FB0500F20000000000008E
:10B2F00000000000F80000F6000000000000000060
:10B300000000000000F700000000060004F6F60050
:10B31000FBFBFA000000000000F100FB00F8FB005E
:10B32000F5F3F1FC00F600F1000000002900000335
:10B330000000F90000EA0000000000D0F7110FFC47
:10B34000EA0005F800E6FDF905DCFB070008EEF869
:10B35000EDEFEA0000E1001D0000FD000000FDFD32
:10B36000FBF2EFFF00000000000000000002000000
:10B370000000000000000000000000000000FB00D2
:10B38000FDFBF80000F600FB0000000000000000DC
:10B39000000000000000FE00F600000AFE0700F5B5
:10B3A00005FCFEF3FB00F9FBFC00F8F70000FCFED7
:10B3B000FCF7FA0000FB0005FC00F5000000F600B9
:10B3C000F700F7F70000000000000000F60500F9A4
:10B3D00000FCFAF0FCFCFCFEFCFAFE0000000000A1
:10B3E000FBFCFC0000000006FC00FC000000FCFA76
:10B3F000FCFBFAFB0414FE00F200FC0A00FBEAF975
:10B40000080100E8F705F70400FCFCF000F8030071
:10B4100000F70000000505F6F600F7FBF8FBFB005F
:10B42000F703F6F700000000000000000005000030
:10B43000000000000000000000000000000000000C
:10B440000000000000F70000000000000000000005
:10B4500000000000000000000000000000000000EC
:10B4600000000000000000000000000000000000DC
:10B47000FC000000000000000000000000000000D0
:10B4800000000000000000000000000000FCFB00C5
:10B490000000000000000000000000F80000F900BB
:10B4A00000FBFB00000000FB00000000FD000000AE
:10B4B0000000FC000000F800F6000000EF0004F5BA
:10B4C0000A01FCE80000F5FB00ECF3F20000EAFBE7
:10B4D000ECEDE700F3000422F900F4FBFEFBF7F2C9
:10B4E000F7EDEBF40000FC00020000DCFB0F0BF5B5
:10B4F000ED0002F000E6FCFB0AD1F9020000DFFAE1
:10B50000E5FBDB0000DC001E0200FC00000000FD8B
:10B51000FCEDFC0000000000F000FB00FEF2E80083
:10B5200000FDF8F1FB00FC00000000E9FBEFF0FC7F
:10B53000F7F3FBF700F6FBEFF800FAF6FBF6000373
:10B5400000FCEF0000F700000000060004F6150004
:10B55000FBFBFA000000000000F100FB00F8FB001C
:10B56000F5F3F1FC00F604140000000029000003CC
:10B570000000F9000000000000000000FF000000D3
:10B580000000FCF60000000000FD000000FBFB00D6
:10B5900000F6FB0000F60009FD00000000000003BB
:10B5A000000000000A04FB00F0F8000FEFF0F6F6D0
:10B5B000140905D3FC0AFB00FB06FBEE00FB05F9B2
:10B5C000FCF1FC00000F0A00F200E4F90FF9ED02B3
:10B5D000F9EFEFFB0500F800F2000411F4EDECF3D5
:10B5E0000F0002DBFC05F7FCF400F5EDF8F8FC00B9
:10B5F00000F4F5FB000F0CFBE400E4F900EEE2FEC2
:10B60000F0F7EFF20000F900F6FB00FBF70009EF9E
:10B61000050000E500FBF5F7FCF1F3EFF400F1FBAA
:10B62000F4F6F1FB00000218F700F1FB00FBF6F462
:10B63000F2F2EDF90A00F800E6FA030AF0EDF6EF8F
:10B6400011FB03D0F70AF5F7ED00F1EAFAFBFCFB7A
:10B65000F5F1FE00000F0EFCDF00E1F40CEDDDF66D
:10B66000EEEAE6EF00000000FA000005FA0A04F630
:10B670000A0000F0FE00FE000202FC0000000000D4
:10B6800000FB00000000040F0100FA00000000FCB5
:10B69000FCFA00000204000000000400FC0013009B
:10B6A000090202F9000A0000000400000000000086
:10B6B00000000000000F000E00000000000000006D
:10B6C0000000000000E100FB09000F00003306F657
:10B6D000F60505FC02E6000019E10000000000008C
:10B6E0000000000000DD1348000000000000000022
:10B6F000000000000000000000000000000000004A
:10B700000000000000000000000000000000F80041
:10B7100000F6FB0000000000000000000000000038
:10B720000000000000FC00F200000200000542F6EC
:10B73000FC100EF20500000505F9000000000000F5
:10B740000000000000BD0E0000000000000000002E
:10B7500000000000000000F2000000F20000000005
:10B76000F5FD000000F500FA00E800000000000010
:10B770000000000000DE00000000020000000000E9
:10B7800000FB000000F800F2000000F705FA0000DE
:10B79000F2FBF40000F200FB00E800FA0000D7F62C
:10B7A000ECFAEE0000DE00F2FD00000000000000F8
:10B7B00000F8F7FC00000000F500F507FA0A00FCAD
:10B7C000F4FCF7F600FAFDFC04F2FE000000D3FCE6
:10B7D000F900F500FCE8FB0000FCFC0000000004A0
:10B7E00000FCF7FC0000000000000000000000006A
:10B7F0000000000000000000000000000000000049
:10B800000000000000000000000000000000000731
:10B810000000000000F500FC000000F6050000003C
:10B82000F2FBF60000F200FB00E800000000CE0092
:10B83000F6EDE60000DE00FCF8000000000000006D
:10B8400000FBF8FD02000009F9001019FBFBF106EE
:10B8500019090BF20616060F0B0E0000000000007F
:10B8600000000000002018F7FB00FC29162900004A
:10B87000000500000000F8000000000000000000CB
:10B88000FC00000000000000000700000000D5FAE6
:10B89000FCEBE70000DE00000000000000000000FC
:10B8A000000000000000F8000000000000000000A0
:10B8B000FC00000000000000000700000000D5FAB6
:10B8C000FCEBE70000EC00000000000000000000BE
:10B8D0000000000000000000FC000000F40500FB78
:10B8E000040905F100FFFC05000400000000F3005E
:10B8F000FBFCF600FBEC0020FB00F5FC00FCF70075
:10B90000FBF2F6FA0000F800000000000000000062
:10B91000FC00000000000000000700000000D5FA55
:10B92000FCEBE70000DE0000000000001A00000051
:10B93000000000000000F800F0FAFB0FFBFBEC0237
:10B94000FD02FCF2010B01040204F4ECFA00EDF636
:10B95000F2EAEC00F8F6FAF9FCFCFAFC00FCFE084E
:10B960000008FC00000000000000000000000000D3
:10B97000FCFBFB0000F200FD00F7000000000000EF
:10B980000000000000E100000000000000000000D6
:10B9900000FBFB0000000000FC0000F7FB0500F7C7
:10B9A000F6FC00F1FCF5FCFA00F7000000000000D6
:10B9B0000000000000DE00100000F700000000F9A9
:10B9C00000FB00000000FC00F4000016F9EFF0049A
:10B9D0000606FFF20408040F0411FCF20000EC005C
:10B9E00000F1F20000F600F9F700F800F800FC089A
:10B9F00000FCF1FB0000FB00F6000007F40005FB73
:10BA0000040100EF00FCFE00FB06FC000000EBFA66
:10BA1000F500F10000E80013FB00F7000300FB0055
:10BA2000FBF100FB00000000FC000005F902000033
:10BA3000FAFC00FA00000000000000000000000016
:10BA40000000000000E0000B0000FC00000000010E
:10BA500000FBFB00000001020003040502060708CA
:10BA600009090A0B0C0D0E0F10110C1213141515E9
:10BA700000000016171819171919191719191A198A
:10BA800019191917191719031B1C1D1D1E1F202119
:10BA900022230024002526272727002726282926B9
:10BAA000262A2A272A272A2B2C2D2E2E2F2E30000D
:10BAB000002309000000000000000000000000005A
:10BAC0000000000000000000000000000000000076
:10BAD0000000000000000000000000000000000066
:10BAE0000000000000000000000000000000000056
:10BAF00000000102000304050206070809090A0BF9
:10BB00000C000D0E0F101112130C14140000001570
:10BB100016171819161A1B1C1D1D1E1F201D1D1679
:10BB200021222303241E2525262728292A2B002C01
:10BB3000002D2E2F303132332D343435302D2D2E33
:10BB40002E36373839333A3A3B3A3C29000009005F
:10BB500000000000000000000000000000000000E5
:10BB600000000000000000000000000000000000D5
:10BB700000000000000000000000000000000000C5
:10BB80000000000000000000000000002000000095
:10BB90000C00010000000000000000000000020096
:10BBA0002D00000052000D00000000000000000009
:10BBB0000000020001F00000A2085F00C8BB020004
:10BBC000000000003C000300000007000A000B001A
:10BBD0000C0010001200140018001B0020002500AB
:10BBE000260027003D00420047004A004B004C0061
:10BBF0005000510052005300660067006D006F0056
:10BC0000700073007600770078007A00920094004C
:10BC1000C300C400C600C800DF00E600E900F2006F
:10BC20001B0123015A01EA013F0240024102420284
:10BC3000430286029202EC0203035905C107A108E0
:10BC400000000000000000000000A008000000004C
:10BC500000009008051602003700800C0909020D4B
:10BC600060008016161600005201E013121E01FC3F
:10BC70006002001B191601007303F015151701FF70
:10BC80006504C0060309020D7304D00A071E03FAF7
:10BC9000DC04D00A071E01FA4505D00C0D0C000C7F
:10BCA0009305A0120F0E0204FC05400C0A030107C5
:10BCB0000B064007050501001806400B0E1EFFFD90
:10BCC000EA06601513160100BB07D00B0916000029
:10BCD0001E08601212160000E4085012111600002F
:10BCE0009F09701515160100860A601212160000D1
:10BCF0004C0BC01312160100120C20131216000078
:10BD0000D80CA01413160100A90DC01313160000BF
:10BD10007A0E400705110100A50E4007051601FB2C
:10BD2000DC0EA0120F0F02044D0FA0120F0A020624
:10BD3000980FA0120F0F02040910501211160000E4
:10BD4000C41010211F1C01FA761270171916FF007B
:10BD500089134018141603006514201715160100E6
:10BD60004C15701A161603003E16701511160300B6
:10BD7000F916501411160300B417B0181616010066
:10BD8000A618001A141603008219F00904160300FD
:10BD9000AE1970100F16FF00531A00171416030087
:10BDA0002F1B001310160300DF1B901E1916030033
:10BDB000F21C001A14160300CE1DE01A1916010019
:10BDC000E11E201713160300B21FE01A1A1B01FB15
:10BDD0001121401713160300E221E013121601008F
:10BDE000A822D0121316000079235019141603004C
:10BDF0005524D0161816FF005D25102423160100C7
:10BE0000DE26901516160000D027B0141616FF0077
:10BE1000C2280015141601009E29A00A081E03FA64
:10BE2000162A400B0F1EFEFDF72AA00A081E00FA74
:10BE30006F2BA0120F0D0205D12B0010100200FE77
:10BE4000E12B301309040313F32B2013101101000D
:10BE50007B2CD015131802005F2D40121111010028
:10BE6000F02DD01512180100C82E901312110100E8
:10BE7000612F500B0D180000FD2F1016131701FA3B
:10BE8000D830D01512180200B031F00805180200A1
:10BE9000EC3110090A1EFDFA8232B01312180200AA
:10BEA0005A33F008041802008A33D0211E11020010
:10BEB0008934D015121102002235501412110100DC
:10BEC000BB35D015131702FA9636D015121701FAA2
:10BED0006537200D0B110200C33710101011000040
:10BEE0004B38400D0D150000D438B015111102006B
:10BEF0006539E0111311FF00073AC01C1D11000045
:10BF0000FE3AB01112110000973BE0111317FFFA2F
:10BF1000723CB0100F110100F23C400B0A1E01FAF6
:10BF2000883D9009041E03FAC43D400B0A1E00FA26
:10BF30005A3EA012100601098A3E0020202100FC72
:10BF40009A400020201800001A420020201C00FE09
:10BF5000DA430020201800005A450016161600018A
:10BF60004C4600201F2000FC3C4800201E2001FC05
:10BF70001C4A0024241C00FE144C0020202000FC3D
:10BF8000144E002424180000C44F0020202000FC80
:10BF9000C4510010101A00FF94520018181A00FF24
:10BFA000CC530024242000FC0C5600202018000054
:10BFB0008C570016162000FCEC58001C141E04FDC3
:10BFC000185A001C1C2200FBF45B001C1C1D00FE08
:10BFD0008A5D001C1C1C00FE125F001C141E04FD68
:10BFE0003E60001C1E1CFFFEE2610014121C01FEDC
:10BFF000DE620014121C01FEDA63001C1C1C00FE31
:10C000006265001C1C060009B665002424180000A7
:10C0100066670028282000FCE66900242620FFFC33
:10C02000466C0020201E00FD266E001C1C12000322
:10C03000226F001C1C1200031E700028281A00FF2B
:10C040002672002020180000A6730020202000FC8B
:10C05000A67500202121FFFCC777001C1D1C00FED7
:10C060005D79001C1C2000FC1D7B001C1C1C00FEBC
:10C07000A57C001C1C1A00FF117E00202018000067
:10C08000917F00141620FFFCF180001C1C2000FC96
:10C09000B182001C1C2000FC7184002424180000C4
:10C0A000218600202222FFFB63880018182000FC54
:10C0B000E3890028281D00FE278C00282814000290
:10C0C000B78D002828140002478F0028281400028A
:10C0D000D790002828140002679200282814000234
:10C0E000F7930028291A00FF0C96001C182002FC68
:10C0F0008C97001C1C2000FC4C9900202121FFFB88
:10C100006D9B0028281800004D9D0018182000FC89
:10C11000CD9E3020211500027FFF17FFF06FFF0535
:10C12000FFF05FFE04FFE04FFD03FFC02FFC02FFA6
:10C13000B01FFB01FFA00FF900FF900FF8003310B4
:10C1400000000000002DFA0BFFF4AFFF42CF90FF7C
:10C15000B002FF7FFA002FF7EFA002FF6EF9001F79
:10C16000F6EF9001FF6DF8001FF5DF8000FF5DF82E
:10C17000000FF479400099200000000BF800000641
:10C18000FD00000000000DF6000009FB00000000AB
:10C19000000FF400000BF900000000002FF2000077
:10C1A0000DF600000000004FF000000FF400000149
:10C1B000FFFFFFFFFFFFFFFFFFFA01FFFFFFFFFF92
:10C1C000FFFFFFFFFA005555CFB555559FE5555375
:10C1D000000000CF7000007FC00000000000EF6092
:10C1E00000009FA00000000000FF400000BF800092
:10C1F00000000002FF200000DF700000000004FFCC
:10C20000000000FF500000000006FE000000FF30AC
:10C2100000002FFFFFFFFFFFFFFFFFFF902FFFFF3B
:10C22000FFFFFFFFFFFFFF9005555DFA555559FED3
:10C2300055553000000DF6000008FB00000000001E
:10C240000FF400000AF900000000001FF200000CCB
:10C25000F700000000003FF000000EF500000000B5
:10C26000005FE000000FF300000000000000EF207E
:10C2700000000000000000EF2000000000000000AF
:10C28000EF2000000000000000EF20000000000090
:10C2900028CEFFFEB820000009FFFFFFFFFFFB20B4
:10C2A00000BFFFFCFFDEFFFF5007FFF810EF201676
:10C2B000CE000EFF7000EF200002001FFF0000EF15
:10C2C000200000001FFF0000EF200000000FFF70A3
:10C2D00000EF2000000008FFFA30EF20000000010E
:10C2E000DFFFFDFF30000000001AFFFFFFFD8200AE
:10C2F00000000028DFFFFFFFB20000000001EFEFA9
:10C30000FFFF4000000000EF229FFFE00000000060
:10C31000EF2003FFF500000000EF2000AFF8000061
:10C320000000EF2000AFF80B500000EF2001EFF409
:10C330004FFC5100EF203DFFD05FFFFFDCFFCEFF41
:10C34000FF3003BFFFFFFFFFFFD30000027BDFFFD3
:10C35000FEA5000000000000EF200000000000002B
:10C3600000EF2000000000000000EF2000000000AF
:10C370000000007810000000002AEFD81000000034
:10C38000007FE100003FFFDFFD100000002FF500FF
:10C39000000EF8000AFB0000000CFA000006FD0089
:10C3A000001FF3000008FE000000AF700000AF7037
:10C3B0000003FF4000000CF5000008F80000DF80DB
:10C3C000000000CF5000008F80009FD00000000AC6
:10C3D000F700000BF6004FF2000000005FE00001E4
:10C3E000FF201EF70000000000DFB203CFA00BFC0F
:10C3F000000000000002EFFFFFC006FF2019DFE988
:10C400002000007BCB6002FF601EFFDFFE300000DB
:10C41000000000CFA00CFB1009FD00000000007F11
:10C42000E103FF10000EF6000000003FF4007FA0C3
:10C4300000007FA00000000DF90009F8000005FCD5
:10C4400000000009FD00009F7000005FC0000004B4
:10C45000FF300007F9000007FA000001EF8000003C
:10C460003FE00000CF600000AFC0000000CF8000C0
:10C470006FE000005FF200000002EFDACFF300008F
:10C480001EF600000000019EFEA2000000028DFFCB
:10C49000EA40000000000005FFFFFFFF90000000E1
:10C4A0000002FFF9546EFF50000000009FF70000EB
:10C4B0002FFA000000000CFF100000DFC000000099
:10C4C00000BFF200001FFA0000000007FF90000B01
:10C4D000FF40000000001EFF603DFF9000000000D4
:10C4E000004FFFBFFF800000000000007FFFFD4005
:10C4F0000000000000006EFFFF700000000000015F
:10C50000BFFE9FFF700000500001DFFA104FFF8058
:10C51000005FF400BFF800004FFF9009FF103FFDDF
:10C520000000003FFF91FFC007FF800000003EFFBA
:10C53000EFF5008FF8000000002EFFFC0006FFD092
:10C54000000000005FFFC0001EFFB20000018FFF6F
:10C55000FFC1005FFFFCA89CFFFF6CFFC1004EFF06
:10C56000FFFFFFFB201CFE200005ADFFEC83000059
:10C570001C400000000000000000000000FFBFFAA7
:10C58000EFAEF9EF9DF8DF8DF879400006FF8000EF
:10C59000EFE0007FF8000EFF1003FFB0008FF60001
:10C5A0000EFF1001FFD0004FFA0007FF8000AFF52B
:10C5B000000CFF3000CFF2000DFF2000EFF1000E65
:10C5C000FF1000DFF2000CFF2000CFF3000AFF5045
:10C5D000007FF80004FFA0001FFD0000DFF100084D
:10C5E000FF60003FFB0000DFF10006FF80000EFE51
:10C5F00000006FF8BFF30004FFB0000CFF30005FD5
:10C60000FB0000FFF0000AFF50005FFB0001FFE0AD
:10C61000000EFF1000BFF40008FF70006FF9000665
:10C62000FFA0005FFB0004FFB0004FFC0005FFB05F
:10C63000006FFA0006FF90008FF7000BFF4000EF3D
:10C64000F1001FFE0005FFB000AFF5000FFF000472
:10C65000FFB000CFF3003FFB000BFF3000000008ED
:10C66000F500000000008F500000097008F50087F9
:10C6700002FFD48F56EFE004DFFEFEFFB300006E32
:10C68000FFFD40000019FFFFE700007EFFDFDFFD38
:10C69000502FFA28F53CFE0074008F500650000021
:10C6A00008F500000000007D400000000000EE9052
:10C6B00000000000000FFA000000000000FFA000D2
:10C6C000000000000FFA000000000000FFA00000C2
:10C6D0000000000FFA000000DFFFFFFFFFFFFF7DFB
:10C6E000FFFFFFFFFFFFF7788888FFD888883000BA
:10C6F000000FFA000000000000FFA0000000000092
:10C700000FFA000000000000FFA000000000000F72
:10C71000FA0000001AAAAAAAA42FFFFFFFF72FFF12
:10C72000FFFFF7014201EFF47FFFB6FFF90AFC10AB
:10C7300000000000008FF40000000000DFE00000B7
:10C74000000003FF900000000009FF30000000001F
:10C750000EFD00000000004FF80000000000AFF2E6
:10C760000000000000FFC00000000005FF70000096
:10C7700000000AFF10000000001FFC000000000085
:10C780006FF60000000000BFF10000000001FFB0E4
:10C790000000000007FF50000000000CFF00000038
:10C7A00000002FFA00000000007FF40000000000ED
:10C7B000DFE00000000003FF900000000008FF30F1
:10C7C000000000000EFE00000000004FF800000016
:10C7D00000009FF20000000000EFD0000000000405
:10C7E000FF70000000000AFF20000000000FFC00A6
:10C7F000000000005FF60000000000BFF100000034
:10C8000000000000006BEFFC820000000005EFFF5D
:10C81000FFFFF900000007FFFFFDEFFFFC00000530
:10C82000FFFC400029FFFA0000EFFB00000006FFBC
:10C83000F4007FFE100000000AFFC00DFF70000032
:10C8400000002FFF21FFF20000000000DFF64FFF85
:10C85000000000000009FF96FFD000000000007FEC
:10C86000FB7FFC000000000006FFC7FFC0000000C7
:10C8700000006FFC6FFD000000000007FFB4FFF038
:10C8800000000000009FF91FFF20000000000DFFC6
:10C8900060DFF70000000002FFF207FFE100000088
:10C8A00000AFFC000EFFB00000006FFF40005FFF14
:10C8B000C400029FFFA000007FFFFFDEFFFFC0005B
:10C8C00000005EFFFFFFFF900000000006BEFFD8E3
:10C8D000200000CFFFFFFF7CFFFFFFF79CCCCEFFC7
:10C8E000700000BFF700000BFF700000BFF70000F2
:10C8F0000BFF700000BFF700000BFF700000BFF7D8
:10C9000000000BFF700000BFF700000BFF7000007D
:10C91000BFF700000BFF700000BFF700000BFF70B7
:10C920000000BFF700000BFF700000BFF700000B16
:10C93000FF700000BFF7000049CEFFDA5000000092
:10C940005DFFFFFFFFFD200009FFFFFEDEFFFFE2AE
:10C95000004FFFB4000018FFFB0004E600000000D9
:10C960007FFF100000000000000FFF4000000000EB
:10C9700000000EFF400000000000000FFF2000003C
:10C98000000000006FFD00000000000001EFF60055
:10C9900000000000000CFFC0000000000001CFFDFF
:10C9A0001000000000001DFFD1000000000002DFA9
:10C9B000FD1000000000002EFFC100000000000379
:10C9C000EFFB0000000000004FFFB000000000007F
:10C9D00005FFFA0000000000006FFF90000000005B
:10C9E0000006FFFFCCCCCCCCCCC30DFFFFFFFFFF7C
:10C9F000FFFFF40DFFFFFFFFFFFFFFF40DFFFFFF41
:10CA0000FFFFFFFF00DFFFFFFFFFFFFFF009CCCCC0
:10CA1000CCCCCCFFFA000000000000AFFC0000000E
:10CA20000000008FFE1000000000005FFF300000DB
:10CA30000000003FFF5000000000001EFF700000DB
:10CA40000000000DFFA0000000000009FFFDA50090
:10CA500000000000AFFFFFFE500000000699ADFF90
:10CA6000FF70000000000002BFFF20000000000077
:10CA700000DFF900000000000007FFC00000000018
:10CA800000005FFD00000000000008FFB0B80000DB
:10CA9000000002FFF75FFE83000016EFFE07FFFFB6
:10CAA000FFEDEFFFFF3004CFFFFFFFFFFC30000082
:10CAB00027BDEFED94000000000000000BFFB00068
:10CAC00000000000000008FFD1000000000000008E
:10CAD00004FFF30000000000000002FFF600000069
:10CAE0000000000000DFF90000000000000000AFBF
:10CAF000FC00000000000000007FFE1000000000AD
:10CB00000000004FFF40000000000000001EFF700A
:10CB1000000000000000000CFFA00003DD900000FA
:10CB20000009FFD000003FFC00000006FFF20000FB
:10CB300003FFC0000003FFF50000003FFC00000100
:10CB4000EFF800000003FFC00000AFFFFFFFFFFF92
:10CB5000FFFFFFFF0CFFFFFFFFFFFFFFFFFFF09B4B
:10CB6000BBBBBBBBBBDFFFBBBB00000000000005C5
:10CB7000FFC000000000000000005FFC000000009B
:10CB80000000000005FFC000000000000000005F82
:10CB9000FC000000000000000005FFC00000000BCA
:10CBA000FFFFFFFFFFFF00000CFFFFFFFFFFFF0085
:10CBB000000EFFCCCCCCCCCC00000FFF000000005E
:10CBC0000000002FFD000000000000003FFB0000FF
:10CBD00000000000005FFA000000000000007FF885
:10CBE000000000000000008FFDCCBA96200000007D
:10CBF000AFFFFFFFFFFC400000CFFFFFFFFFFFF68E
:10CC000000000000000249FFFF400000000000009B
:10CC10002EFFC000000000000004FFF10000000033
:10CC2000000000FFF300000000000000FFF2000021
:10CC30000000000003FFF006D3000000000CFFC05E
:10CC40001EFFB5100004CFFF402EFFFFFEDDFFFFEB
:10CC5000F800019FFFFFFFFFFF6000000059DEFFAB
:10CC6000DB61000000000027BEFFEC940000001A0A
:10CC7000FFFFFFFFFF700003EFFFFECBCFFF1000B1
:10CC80002EFFF8100000360000CFFD20000000004D
:10CC90000004FFF20000000000000BFF8000000015
:10CCA0000000000FFF200000000000003FFE000217
:10CCB00068874000005FFC04DFFFFFFF80006FFB20
:10CCC0007FFFFFFFFFFD107FFFFFD610039FFFC018
:10CCD0006FFFFA00000004FFF45FFFE000000000B7
:10CCE0009FFA2FFF90000000004FFC0EFF80000015
:10CCF00000004FFD09FFC0000000006FFB02FFF4C1
:10CD000000000000DFF6008FFF6000002CFFE00055
:10CD10000AFFFEB99CFFFF2000007FFFFFFFFFC25C
:10CD2000000000017BEFFDA400000FFFFFFFFFFFED
:10CD3000FFFFFD0FFFFFFFFFFFFFFFFD0FFFCCCC4D
:10CD4000CCCCCCFFFB0FFF0000000001FFF30FFF76
:10CD50000000000008FFC00FFF000000000FFF50A0
:10CD60000BBB000000007FFD00000000000000EF92
:10CD7000F600000000000006FFE0000000000000D8
:10CD80000DFF800000000000004FFF1000000000B9
:10CD90000000CFF900000000000003FFF2000000D7
:10CDA0000000000AFFA00000000000002FFF30007C
:10CDB00000000000009FFC00000000000001FFF4E4
:10CDC00000000000000008FFD00000000000000E7E
:10CDD000FF600000000000007FFE00000000000077
:10CDE00000EFF700000000000005FFF10000000068
:10CDF000000016BDFFED94000000007FFFFFFFFF65
:10CE0000FD3000009FFFFCA9BDFFFF40004FFF91D8
:10CE1000000004DFFE0009FFB000000001FFF40085
:10CE2000CFF6000000000CFF600AFF700000000059
:10CE3000DFF4006FFE100000006FFE0000CFFE83E5
:10CE40001014AFFF5000009FFFFFFFFFFE500000D7
:10CE500007FFFFFFFFFFC300001CFFFC9767AFFF4A
:10CE6000F7000BFFE400000008FFF503FFF20000ED
:10CE7000000009FFD07FFB00000000002FFF19FF1A
:10CE8000A00000000000FFF27FFC00000000003F57
:10CE9000FF14FFF4000000000BFFD00CFFF60000B1
:10CEA000002BFFF6001DFFFFB99ADFFFF800001A04
:10CEB000FFFFFFFFFFE6000000027BDFFED950000E
:10CEC00000000016BDFFDA60000000006EFFFFFFEB
:10CED000FFE40000007FFFFB99BFFFF600004FFF5B
:10CEE00090000008FFF3000BFF9000000007FFD048
:10CEF00000FFF2000000000EFF401FFF00000000D6
:10CF000000CFFA00FFF2000000000EFFD00CFF90EF
:10CF100000000007FFFF005FFF90000008FFFFF127
:10CF200000AFFFFB99BFFFAFFF20008FFFFFFFFFA8
:10CF300090FFF2000028CEFEC8201FFF1000000066
:10CF400000000004FFF0000000000000008FFB0064
:10CF50000000000000000EFF70000000000000084C
:10CF6000FFF100000000000006FFF700000930009C
:10CF7000003BFFFB000005FFECBCEFFFFC100000D6
:10CF8000BFFFFFFFFFF7000000005ADFFFDA60007D
:10CF9000000009FC16FFF97FFFB1EFF40142000029
:10CFA0000000000000000000000000000000000081
:10CFB000014201EFF47FFFB6FFF90AFC1009FC16ED
:10CFC000FFF97FFFB1EFF401420000000000000014
:10CFD00000000000000000000000000000009FC1F1
:10CFE0005FFFA6FFFB1DFF803FF307FD00BF800F23
:10CFF000F202DB0000000000000000000000000062
:10D000000005B700000000028EFF700000005CFF0A
:10D01000FFE4000039FFFFFA400006CFFFFD71007A
:10D02000008FFFFE930000000DFFC5000000000010
:10D03000DFFF930000000005CFFFFD71000000003E
:10D0400029EFFFFA40000000005BFFFFE82000002E
:10D0500000028EFFFF600000000005BFF700000027
:10D060000000001760DFFFFFFFFFFFFF7DFFFFFFF6
:10D07000FFFFFFF7788888888888883000000000E4
:10D0800000000000000000000000000000000000A0
:10D090000000000000000000000788888888888859
:10D0A00083DFFFFFFFFFFFFF7DFFFFFFFFFFFFF7B6
:10D0B000000000000000000C92000000000000DFF3
:10D0C000FC600000000009FFFFF930000000016D66
:10D0D000FFFFD610000000039EFFFFA40000000029
:10D0E00005BFFFFD400000000017EFF70000000043
:10D0F00005BFFF700000039EFFFFA200016DFFFF50
:10D10000C610004AFFFFF9300000CFFFFC600000AE
:10D11000000DFE82000000000095000000000000ED
:10D1200000000059DEFFDA50000005EFFFFFFFFFAF
:10D13000D3000AFFFFECBDFFFFF306FFF92000015B
:10D140008FFFC005E4000000007FFF00000000002A
:10D150000002FFF20000000000002FFF00000000AE
:10D16000000008FFC0000000000004FFF400000001
:10D17000000005FFF7000000000007FFF6000000B8
:10D18000000007FFF5000000000002FFF6000000AD
:10D190000000008FFC00000000000009EE8000008D
:10D1A000000000000000000000000000000000007F
:10D1B0000000000000000000000000000007FE402A
:10D1C000000000000001FFFD0000000000000FFF54
:10D1D000D00000000000006EE4000000000000002D
:10D1E0000048BDFFFEC9510000000000000000180B
:10D1F000EFFFFFFFFFFFFA300000000000007FFF9D
:10D20000EA63212358DFFF900000000000BFFD50BB
:10D2100000000000003AFFD200000000CFF800003C
:10D22000000000000004EFE2000000BFF500000174
:10D23000566400017741DFD000006FF600002BFF3D
:10D24000FFFF913FF901EF90000EFA00004FFFFF42
:10D25000FFFFE5FF9004FF2006FF20003FFFC41002
:10D2600026EFFFF9000BF900CFA0000DFF800000B2
:10D2700001CFFF90005FE01FF50004FFC000000039
:10D2800001EFF90000FF34FF10009FF400000000E0
:10D2900009FF90000CF66FF0000CFF00000000008A
:10D2A0004FF90000BF77FE0000DFF0000000000231
:10D2B000FF90000AF87FE0000DFF00000000003F33
:10D2C000F90000AF76FF0000BFF20000000006FF8B
:10D2D00090000BF63FF20007FF7000000000BFF95E
:10D2E0000000EF40FF50001FFE200000005FFF9095
:10D2F000003FF00CFA00008FFD3000006FFFFD00D2
:10D300000BFA006FF20000CFFFB768DFF9CFFB7BAD
:10D31000FF2000EFB000009FFFFFFFF805FFFFFFB9
:10D32000600005FF6000003ADFFD930004CFEB4092
:10D3300000000AFF50000000000000000000000094
:10D3400000000CFF80000000000000000000000052
:10D3500000000BFFD60000000000040000000000E9
:10D36000000007FFFFA6432347AFF00000000000C6
:10D370000000018FFFFFFFFFFFFD20000000000005
:10D38000000000049BEFFFDB8300000000000000B2
:10D390000000002FFF8000000000000000000009D6
:10D3A000FFFE00000000000000000001FFFFF6008B
:10D3B00000000000000000008FFBFFE00000000004
:10D3C000000000000EFF1BFF5000000000000000E6
:10D3D00006FFA04FFD0000000000000000DFF3008A
:10D3E000DFF4000000000000005FFC0006FFB0005A
:10D3F00000000000000CFF40000EFF3000000000A5
:10D400000004FFD000007FFA000000000000BFF61B
:10D41000000001FFF200000000003FFE00000009D4
:10D42000FF90000000000AFF800000002FFF1000A6
:10D43000000002FFF100000000BFF8000000009FA4
:10D44000FFFFFFFFFFFFFFE00000001FFFFFFFFFE8
:10D45000FFFFFFFF70000007FFD88888888888AF2B
:10D46000FE000000EFF4000000000000EFF50000F7
:10D470006FFD00000000000007FFD0000DFF6000FE
:10D4800000000000001FFF4005FFE000000000005A
:10D4900000009FFC00CFF70000000000000002FF2A
:10D4A000F3AFFFFFFFFFFFDA600000AFFFFFFFFFFA
:10D4B000FFFFFE5000AFFD9999999ADFFFF600AF8C
:10D4C000F90000000003DFFF00AFF90000000000DA
:10D4D0002FFF40AFF900000000000DFF60AFF90022
:10D4E000000000000DFF50AFF900000000002FFF0A
:10D4F00010AFF90000000003DFF900AFFD99999922
:10D500009ADFFFB000AFFFFFFFFFFFFFFD1000AF8E
:10D51000FFFFFFFFFFFFFFF700AFF900000000145F
:10D52000AFFF80AFF9000000000006FFF2AFF90086
:10D530000000000000DFF7AFF9000000000000AFBE
:10D54000F9AFF9000000000000BFF9AFF9000000DA
:10D55000000001FFF6AFF900000000003DFFF1AF51
:10D56000FD99999999ADFFFF60AFFFFFFFFFFFFFA6
:10D57000FFE500AFFFFFFFFFFFEDA500000000008B
:10D58000016BDFFED950000000001AFFFFFFFFFF14
:10D59000E70000005FFFFFFEDEFFFFFC10007FFFE3
:10D5A000FA4000005BFFFA005FFFE40000000004A7
:10D5B000EB001EFFD10000000000010008FFF20098
:10D5C00000000000000000EFF80000000000000074
:10D5D000002FFF200000000000000005FFE0000019
:10D5E0000000000000007FFC0000000000000000C0
:10D5F00007FFC000000000000000005FFE00000008
:10D60000000000000002FFF2000000000000000027
:10D610000EFF8000000000000000008FFF200000CF
:10D62000000000000001EFFD1000000000002000DD
:10D6300005FFFE40000000004FB00007FFFFA40000
:10D640000005BFFFA00005FFFFFFEDEFFFFFC100DA
:10D650000001AFFFFFFFFFFE600000000017BDFFED
:10D66000ED950000AFFFFFFFFFFEC840000000AFD8
:10D67000FFFFFFFFFFFFFD600000AFFECCCCCCDE64
:10D68000FFFFFC1000AFF90000000016DFFFD10023
:10D69000AFF9000000000008FFFC00AFF900000037
:10D6A0000000006FFF70AFF900000000000009FFEC
:10D6B000E0AFF900000000000001FFF5AFF9000045
:10D6C0000000000000AFF9AFF9000000000000000A
:10D6D0006FFCAFF9000000000000005FFDAFF90033
:10D6E0000000000000005FFDAFF900000000000036
:10D6F000006FFCAFF900000000000000AFF9AFF9C7
:10D7000000000000000001FFF5AFF900000000007C
:10D710000009FFF0AFF90000000000006FFF70AFDC
:10D72000F9000000000008FFFC00AFF90000000055
:10D7300016DFFFD100AFFECCCCCCCEFFFFFC10003B
:10D74000AFFFFFFFFFFFFFFD600000AFFFFFFFFF28
:10D75000FEC840000000AFFFFFFFFFFFFFFF2AFFF2
:10D76000FFFFFFFFFFFFF2AFFECCCCCCCCCCCC2A2E
:10D77000FF90000000000000AFF900000000000072
:10D780000AFF90000000000000AFF9000000000058
:10D79000000AFF90000000000000AFF90000000048
:10D7A00000000AFFDBBBBBBBBBB800AFFFFFFFFF46
:10D7B000FFFFC00AFFFFFFFFFFFFFC00AFF9000003
:10D7C000000000000AFF90000000000000AFF90018
:10D7D00000000000000AFF90000000000000AFF908
:10D7E0000000000000000AFF90000000000000AFF1
:10D7F000F90000000000000AFFECCCCCCCCCCCC778
:10D80000AFFFFFFFFFFFFFFF9AFFFFFFFFFFFFFFDD
:10D81000F9AFFFFFFFFFFFFFFF2AFFFFFFFFFFFF43
:10D82000FFF2AFFECCCCCCCCCCCC2AFF90000000D9
:10D83000000000AFF90000000000000AFF900000A7
:10D8400000000000AFF90000000000000AFF900097
:10D850000000000000AFF90000000000000AFF9087
:10D86000000000000000AFFEBBBBBBBBBB900AFFCB
:10D87000FFFFFFFFFFFC00AFFFFFFFFFFFFFC00A3E
:10D88000FF90000000000000AFF900000000000061
:10D890000AFF90000000000000AFF9000000000047
:10D8A000000AFF90000000000000AFF90000000037
:10D8B00000000AFF90000000000000AFF900000027
:10D8C0000000000AFF9000000000000000000001BE
:10D8D0006ADFFEDA6100000000019FFFFFFFFFFF2B
:10D8E000910000005FFFFFFEDEFFFFFE300007FF3C
:10D8F000FFB40000049FFFD0005FFFE400000000C1
:10D9000002CD1001EFFE100000000000010008FF32
:10D91000F200000000000000000EFF800000000088
:10D92000000000002FFF2000000000000000005F4A
:10D93000FE0000000000000000007FFC000000006E
:10D9400000000022107FFC00000000000002FFF039
:10D950005FFE00000000000002FFF02FFF2000002B
:10D9600000000002FFF00EFF80000000000002FF38
:10D97000F008FFF3000000000002FFF001EFFE10CE
:10D980000000000002FFF0004FFFE4000000000272
:10D99000FFF00006FFFFB40000038FFFF000005F00
:10D9A000FFFFFEDEFFFFFF70000001AFFFFFFFFF84
:10D9B000FFA200000000016ADFFEDA610000AFF99B
:10D9C0000000000000009FFAAFF900000000000016
:10D9D0009FFAAFF90000000000009FFAAFF90000C5
:10D9E000000000009FFAAFF90000000000009FFA5D
:10D9F000AFF90000000000009FFAAFF9000000003E
:10DA000000009FFAAFF90000000000009FFAAFF994
:10DA10000000000000009FFAAFFECCCCCCCCCCCCF8
:10DA2000EFFAAFFFFFFFFFFFFFFFFFFAAFFFFFFFC0
:10DA3000FFFFFFFFFFFAAFF90000000000009FFAB0
:10DA4000AFF90000000000009FFAAFF900000000ED
:10DA500000009FFAAFF90000000000009FFAAFF944
:10DA60000000000000009FFAAFF900000000000075
:10DA70009FFAAFF90000000000009FFAAFF9000024
:10DA8000000000009FFAAFF90000000000009FFABC
:10DA9000AFF90000000000009FFAAFF9AFF9AFF94D
:10DAA000AFF9AFF9AFF9AFF9AFF9AFF9AFF9AFF936
:10DAB000AFF9AFF9AFF9AFF9AFF9AFF9AFF9AFF926
:10DAC000AFF9AFF9AFF9000FFFFFFFFFFF4000FF15
:10DAD000FFFFFFFFF4000CCCCCCCCFFF40000000D8
:10DAE0000000EFF400000000000EFF400000000006
:10DAF00000EFF400000000000EFF400000000000F6
:10DB0000EFF400000000000EFF400000000000EFF6
:10DB1000F400000000000EFF400000000000EFF4E1
:10DB200000000000000EFF400000000000EFF400C5
:10DB3000000000000EFF300000000000FFF30010A6
:10DB40000000001FFF103E40000007FFE01EFF81A5
:10DB50000005FFF800AFFFFDCEFFFE10008FFFFFB6
:10DB6000FFFE30000028CEFEB60000AFF900000036
:10DB700000000BFFD1AFF90000000000BFFD10AFA7
:10DB8000F9000000000BFFD100AFF900000000BF5A
:10DB9000FD1000AFF90000000BFFE20000AFF9003C
:10DBA0000000BFFE200000AFF900000BFFE2000004
:10DBB00000AFF90000AFFE30000000AFF9000AFF2F
:10DBC000F300000000AFF900AFFF3000000000AF2D
:10DBD000F90AFFFF4000000000AFF9AFFFFFF200BD
:10DBE000000000AFFFFFF7EFFE10000000AFFFFFE7
:10DBF000503FFFC0000000AFFFF50005FFFA000036
:10DC000000AFFF6000007FFF800000AFF900000060
:10DC100009FFF50000AFF900000000BFFF3000AFC2
:10DC2000F9000000000CFFE100AFF9000000000166
:10DC3000DFFD00AFF900000000002EFFB0AFF900DB
:10DC40000000000003FFF8AFF9000000000000AF83
:10DC5000F9000000000000AFF9000000000000AF74
:10DC6000F9000000000000AFF9000000000000AF64
:10DC7000F9000000000000AFF9000000000000AF54
:10DC8000F9000000000000AFF9000000000000AF44
:10DC9000F9000000000000AFF9000000000000AF34
:10DCA000F9000000000000AFF9000000000000AF24
:10DCB000F9000000000000AFF9000000000000AF14
:10DCC000F9000000000000AFF9000000000000AF04
:10DCD000F9000000000000AFF9000000000000AFF4
:10DCE000FECCCCCCCCCCC8AFFFFFFFFFFFFFFBAF1F
:10DCF000FFFFFFFFFFFFFBAFF4000000000000008C
:10DD0000000BFF2AFFD00000000000000005FFF21A
:10DD1000AFFF7000000000000000EFFF2AFFFF20AF
:10DD20000000000000008FFFF2AFFFFB00000000CA
:10DD300000002FFFFF2AFFFFF400000000000BFF90
:10DD4000FFF2AFFBFFD00000000005FFCEFF2AFF6F
:10DD50007BFF8000000000EFF2EFF2AFF71FFF2023
:10DD60000000008FF80EFF2AFF707FFB0000002FDD
:10DD7000FE00EFF2AFF700DFF500000BFF500EFFE3
:10DD80002AFF7003FFE00004FFB000EFF3AFF700DD
:10DD90000AFF8000DFF2000EFF3AFF70001EFF2036
:10DDA0008FF80000EFF3AFF700006FFB2FFE0000CD
:10DDB0000EFF3AFF700000CFFDFF500000EFF3AF01
:10DDC000F7000003FFFFB000000EFF3AFF700000F5
:10DDD00009FFF2000000EFF3AFF70000001EF700AC
:10DDE00000000EFF3AFF700000002500000000EF69
:10DDF000F3AFF700000000000000000EFF3AFF70D4
:10DE00000000000000000000EFF3AFF6000000008B
:10DE100000009FFAAFFF3000000000009FFAAFFF44
:10DE2000E100000000009FFAAFFFFC0000000000CE
:10DE30009FFAAFFFFFA0000000009FFAAFFEFFF7C0
:10DE4000000000009FFAAFF9BFFF500000009FFAEA
:10DE5000AFF90DFFF20000009FFAAFF902EFFD10DD
:10DE600000009FFAAFF9004FFFB000009FFAAFF932
:10DE70000006FFF900009FFAAFF900009FFF600065
:10DE80009FFAAFF900000CFFF3009FFAAFF9000012
:10DE900001EFFE109FFAAFF90000003FFFD09FFA9C
:10DEA000AFF900000005FFFA9FFAAFF9000000008B
:10DEB0008FFFEFFAAFF9000000000AFFFFFAAFF999
:10DEC0000000000000DFFFFAAFF900000000002EA4
:10DED000FFFAAFF9000000000004FFFAAFF90000FC
:10DEE000000000006FFA000000016ADFFFDA610045
:10DEF000000000000019FFFFFFFFFFF91000000005
:10DF0000005FFFFFFEDEFFFFFE400000006FFFFA34
:10DF10004000004BFFFF5000004FFFE400000000F6
:10DF200005EFFF30000EFFD1000000000002EFFD02
:10DF30000008FFF200000000000004FFF600EFF808
:10DF4000000000000000000AFFC02FFF20000000BA
:10DF5000000000004FFF05FFE0000000000000008F
:10DF600000FFF37FFC00000000000000000EFF47F0
:10DF7000FFC00000000000000000EFF45FFE0000A2
:10DF80000000000000000FFF32FFF2000000000060
:10DF9000000004FFF00EFF8000000000000000AF52
:10DFA000FC008FFF200000000000004FFF6000EF2A
:10DFB000FD1000000000002EFFD00004FFFE400016
:10DFC0000000005EFFF3000006FFFFA4000004BF96
:10DFD000FFF500000005FFFFFFEDEFFFFFE400008D
:10DFE000000001AFFFFFFFFFFF91000000000000F5
:10DFF00016ADFFFDA610000000AFFFFFFFFFEC9481
:10E0000000000AFFFFFFFFFFFFFD4000AFFECCCC8A
:10E01000CCDFFFFF700AFF9000000005DFFF40AF7C
:10E02000F90000000000CFFD0AFF9000000000038F
:10E03000FFF2AFF900000000000EFF5AFF90000051
:10E04000000000CFF6AFF900000000000EFF5AFFFD
:10E05000900000000003FFF2AFF90000000000CFC5
:10E06000FD0AFF9000000005DFFF40AFFECCCCCCE6
:10E07000DFFFFF700AFFFFFFFFFFFFFE4000AFFF63
:10E08000FFFFFFEC9400000AFF900000000000007A
:10E0900000AFF9000000000000000AFF900000003F
:10E0A00000000000AFF9000000000000000AFF902F
:10E0B00000000000000000AFF900000000000000B8
:10E0C0000AFF9000000000000000000000016ADF6D
:10E0D000FFDA61000000000000019FFFFFFFFFFF6B
:10E0E0009100000000005FFFFFFEDEFFFFFE40002A
:10E0F000000006FFFFA4000005BFFFF50000004F71
:10E10000FFE40000000005FFFF300000EFFE1000FC
:10E11000000000002EFFD00007FFF3000000000009
:10E120000004FFF5000DFF8000000000000000AFBC
:10E13000FC002FFF20000000000000004FFF005FE8
:10E14000FE00000000000000000FFF306FFC000028
:10E150000000000000000EFF407FFC0000000000F7
:10E160000000000EFF505FFD0000000000000000F6
:10E170000FFF303FFF10000000000000003FFF10C5
:10E180000EFF70000000000000009FFC0009FFF27D
:10E1900000000000000003FFF60001FFFD0000008A
:10E1A0000000001EFFD000006FFFD300000000033E
:10E1B000EFFF30000009FFFF930000039FFFF50011
:10E1C0000000008FFFFFECBCFFFFFF5000000000CD
:10E1D00003CFFFFFFFFFFFA1000000000000049C31
:10E1E000EFFFFE6100000000000000000001CFFF13
:10E1F00060000008400000000000000BFFFA30142F
:10E20000CFF2000000000000009FFFFFFFFFB00002
:10E2100000000000000004CFFFFFF7000000000036
:10E22000000000000267740000AFFFFFFFFFEC94E6
:10E2300000000AFFFFFFFFFFFFFD4000AFFECCCC58
:10E24000CCDFFFFF700AFF9000000005DFFF40AF4A
:10E25000F90000000000CFFD0AFF9000000000035D
:10E26000FFF2AFF900000000000EFF5AFF9000001F
:10E27000000000CFF6AFF900000000000EFF5AFFCB
:10E28000900000000002FFF2AFF90000000000CF94
:10E29000FD0AFF9000000005DFFF40AFFDBBBBBBE8
:10E2A000CFFFFF700AFFFFFFFFFFFFFD4000AFFF42
:10E2B000FFFFFFFFFC00000AFF90000002FFF500D7
:10E2C00000AFF900000006FFE1000AFF9000000027
:10E2D0000BFFB000AFF9000000001FFF600AFF90C5
:10E2E000000000005FFF20AFF90000000000AFFC5D
:10E2F0000AFF900000000001EFF7000016BDEFEDEF
:10E30000A610000008FFFFFFFFFFFA2000BFFFFD7F
:10E31000BBCEFFFF6007FFF910000027DE000DFFF6
:10E32000800000000003000FFF100000000000004C
:10E330001FFF100000000000000FFF700000000031
:10E34000000009FFF910000000000001CFFFFC846D
:10E35000000000000009FFFFFFFC72000000001732
:10E36000CFFFFFFFB2000000000048CFFFFF3000EA
:10E3700000000000017FFFE000000000000002FF3D
:10E38000F600000000000000AFF8000000000000F0
:10E3900000AFF70C700000000001FFF45FFE830087
:10E3A00000005EFFD04EFFFFFDBBCFFFFE20019FB0
:10E3B000FFFFFFFFFFB200000159CEFFEC8300001A
:10E3C000EFFFFFFFFFFFFFFFFFAEFFFFFFFFFFFFBE
:10E3D000FFFFFAACCCCCCCFFFCCCCCCC8000000056
:10E3E0003FFF0000000000000003FFF000000000FD
:10E3F0000000003FFF0000000000000003FFF000ED
:10E400000000000000003FFF0000000000000003CB
:10E41000FFF0000000000000003FFF0000000000CF
:10E42000000003FFF0000000000000003FFF0000BC
:10E43000000000000003FFF0000000000000003FAB
:10E44000FF0000000000000003FFF00000000000DB
:10E4500000003FFF0000000000000003FFF000008C
:10E4600000000000003FFF0000000000000003FF6C
:10E47000F0000000000000003FFF0000000000006E
:10E480000003FFF0000000000000003FFF0000005C
:10E4900000DFF6000000000000FFF1DFF6000000E2
:10E4A000000000FFF1DFF6000000000000FFF1DFD8
:10E4B000F6000000000000FFF1DFF60000000000A1
:10E4C00000FFF1DFF6000000000000FFF1DFF600C2
:10E4D0000000000000FFF1DFF6000000000000FF78
:10E4E000F1DFF6000000000000FFF1DFF6000000A1
:10E4F000000000FFF1DFF6000000000000FFF1DF88
:10E50000F6000000000000FFF1DFF6000000000050
:10E5100000FFF1CFF7000000000001FFF0AFF900AD
:10E520000000000003FFF07FFD000000000007FF77
:10E53000B02FFF50000000000EFF700BFFE2000044
:10E540000000AFFF1002FFFF7100005DFFF600004A
:10E550005FFFFFEDEFFFFF90000003DFFFFFFFFF16
:10E56000E600000000049DEFFDA60000000CFFA0E7
:10E57000000000000000009FF905FFF1000000000E
:10E58000000001FFF200EFF800000000000008FFAB
:10E59000B0007FFE0000000000000EFF30001FFFF3
:10E5A0006000000000006FFC000009FFD0000000C8
:10E5B0000000DFF5000002FFF50000000005FFE0AD
:10E5C000000000AFFC000000000CFF700000003FE6
:10E5D000FF300000003FFF100000000CFFA0000013
:10E5E00000AFF90000000005FFF1000002FFF2009B
:10E5F00000000000DFF8000008FFA000000000009D
:10E600006FFF00000FFF3000000000000EFF7000E1
:10E610007FFC00000000000008FFD000EFF50000C4
:10E620000000000001FFF505FFD000000000000021
:10E6300000AFFC0CFF70000000000000003FFF7FF7
:10E64000FF00000000000000000BFFFFF8000000CA
:10E65000000000000004FFFFF100000000000000C7
:10E660000000DFFFA00000000000000000006FFFBE
:10E670003000000000CFF7000000000008FFC000DD
:10E68000000000003FFD07FFD00000000000DFFF9A
:10E69000200000000008FF801FFF20000000003F56
:10E6A000FFF70000000000EFF200CFF700000000CD
:10E6B00009FFFFD0000000003FFD0007FFD0000071
:10E6C0000000EFFEFF2000000009FF70001FFF2088
:10E6D0000000004FFA9FF800000000EFF20000CFAA
:10E6E000F800000009FF53FFD00000004FFC0000BD
:10E6F00006FFD0000000FFF00EFF30000009FF70A1
:10E7000000001FFF3000005FFA008FF8000000EFEC
:10E71000F1000000BFF800000AFF4003FFD0000036
:10E720004FFC00000006FFD00000FFE0000DFF30AE
:10E73000000AFF600000001FFF30006FF900007F3B
:10E74000F90000FFF100000000BFF8000BFF3000EF
:10E7500002FFE0005FFC0000000006FFE001FFE0B8
:10E7600000000CFF400AFF60000000001FFF306F38
:10E77000F80000007FF900FFF10000000000BFF981
:10E780000CFF30000001FFE05FFB0000000000050F
:10E79000FFE2FFD00000000CFF4BFF600000000014
:10E7A000000FFFBFF8000000006FFBFFF10000004A
:10E7B000000000AFFFFF2000000001FFFFFB000092
:10E7C0000000000005FFFFC0000000000BFFFF502D
:10E7D0000000000000000FFFF700000000005FFFD6
:10E7E000F000000000000000AFFF1000000000007B
:10E7F000FFFA000000000BFFE100000000004FFFE7
:10E800003001EFFA0000000001EFF600003FFF606A
:10E810000000000CFFA0000007FFF30000008FFEC7
:10E8200010000000BFFD000004FFF3000000001E08
:10E83000FFA0001EFF700000000004FFF600BFFBF9
:10E840000000000000008FFF27FFE1000000000033
:10E85000000CFFDFFF3000000000000002FFFFF7A8
:10E8600000000000000000006FFFD000000000006A
:10E87000000000BFFFF40000000000000008FFFFE0
:10E88000FE100000000000004FFF5DFFC000000010
:10E89000000001EFF902FFF800000000000BFFC0CC
:10E8A000006FFF40000000007FFF20000AFFE10032
:10E8B000000003FFF6000000DFFC0000001EFFA0C8
:10E8C0000000002FFF800000BFFD0000000006FFD9
:10E8D000F40007FFF30000000000AFFE103FFF70E0
:10E8E00000000000001DFFB00CFF900000000000C1
:10E8F00000AFF803FFF3000000000004FFD0009F0A
:10E90000FD00000000000DFF40000EFF7000000041
:10E91000008FFA000005FFF100000002FFF1000087
:10E9200000BFFB0000000CFF600000002FFF500044
:10E93000006FFC0000000007FFE00001EFF30000A3
:10E94000000000DFF80009FF9000000000003FFF1A
:10E95000203FFE00000000000009FFC0DFF50000BE
:10E960000000000001EFFCFFB0000000000000000C
:10E970005FFFFF20000000000000000BFFF7000019
:10E9800000000000000004FFF00000000000000094
:10E990000003FFF0000000000000000003FFF00093
:10E9A0000000000000000003FFF000000000000075
:10E9B000000003FFF0000000000000000003FFF073
:10E9C000000000000000000003FFF0000000000055
:10E9D00000000003FFF0000000006FFFFFFFFFFFDB
:10E9E000FFFFFFB06FFFFFFFFFFFFFFFFFB04CCC4B
:10E9F000CCCCCCCCCCEFFF6000000000000003FFCB
:10EA0000F9000000000000001EFFB0000000000040
:10EA10000000CFFD100000000000000AFFF200001F
:10EA200000000000007FFF4000000000000004FF25
:10EA3000F7000000000000002FFFA0000000000011
:10EA40000001DFFC000000000000000BFFE10000FF
:10EA500000000000009FFF3000000000000006FFE3
:10EA6000F5000000000000003FFF800000000000F3
:10EA70000002EFFB000000000000000DFFD00000CE
:10EA80000000000000AFFE2000000000000008FFB2
:10EA9000F4000000000000005FFFFCCCCCCCCCCC2C
:10EAA000CCC1AFFFFFFFFFFFFFFFFFF1AFFFFFFF95
:10EAB000FFFFFFFFFFF1AFFFFFF0AFFFFFF0AFFB86
:10EAC0008880AFF70000AFF70000AFF70000AFF7A6
:10EAD0000000AFF70000AFF70000AFF70000AFF79E
:10EAE0000000AFF70000AFF70000AFF70000AFF78E
:10EAF0000000AFF70000AFF70000AFF70000AFF77E
:10EB00000000AFF70000AFF70000AFF70000AFF76D
:10EB10000000AFF70000AFF70000AFF70000AFF75D
:10EB20000000AFFB8880AFFFFFF0AFFFFFF01FFBDF
:10EB3000000000000000BFF1000000000005FF70B1
:10EB400000000000000FFC000000000000AFF20019
:10EB50000000000004FF7000000000000EFD000037
:10EB6000000000009FF3000000000003FF80000091
:10EB70000000000DFE0000000000008FF400000007
:10EB8000000002FF9000000000000DFE00000000E9
:10EB900000007FF5000000000001FFA00000000061
:10EBA000000CFF0000000000006FF50000000000F6
:10EBB00001FFB000000000000BFF1000000000008B
:10EBC0005FF6000000000000FFC000000000000A27
:10EBD000FF2000000000004FF7000000000000EFE1
:10EBE000D0000000000009FF3000000000003FF8E6
:10EBF000000000000000EFE0000000000008FF300F
:10EC000000000000003FF9000000000000DFE06F9E
:10EC1000FFFFF46FFFFFF43888EFF40000CFF4003B
:10EC200000CFF40000CFF40000CFF40000CFF400D8
:10EC300000CFF40000CFF40000CFF40000CFF400C8
:10EC400000CFF40000CFF40000CFF40000CFF400B8
:10EC500000CFF40000CFF40000CFF40000CFF400A8
:10EC600000CFF40000CFF40000CFF40000CFF40098
:10EC700000CFF40000CFF40000CFF43888EFF46F39
:10EC8000FFFFF46FFFFFF4000002FFD00000000060
:10EC9000009FFF40000000001FFEFB000000000777
:10ECA000FE3FF200000000EF70CF900000005FF127
:10ECB00006FF0000000CFA000EF6000003FF300013
:10ECC0008FD00000AFC00001FF40001FF500000A18
:10ECD000FB0008FE0000004FF200EF70000000DFB4
:10ECE000906FF100000006FF10FFFFFFFFFFFFFF26
:10ECF000FFFFFFFFFFFFFFFFFF08FFF3000004EF30
:10ED0000F4000001CFF60000008FF700028BEFFE49
:10ED1000B6000002BFFFFFFFFFE4000BFFFEBABD1D
:10ED2000FFFF2002FA3000003EFFB000100000009C
:10ED300003FFF1000000000000DFF400000000000D
:10ED400000BFF50005ADFFFFFFFFF501CFFFFFFF9F
:10ED5000FFFFF50BFFE8433333CFF52FFF20000013
:10ED600000BFF55FFB00000000BFF55FFC00000086
:10ED700003FFF52FFF3000002DFFF50AFFE84349A0
:10ED8000FFFFF500BFFFFFFFFA9FF50005BEFFDAAA
:10ED9000409FF51FFF0000000000000001FFF00091
:10EDA0000000000000001FFF000000000000000144
:10EDB000FFF0000000000000001FFF000000000046
:10EDC000000001FFF0000000000000001FFF000035
:10EDD000000000000001FFF0049DFFDA4000001F6A
:10EDE000FF0AFFFFFFFFC10001FFFCFFFCBCFFFFAC
:10EDF000E3001FFFFF9100006FFFD101FFFF6000E4
:10EE000000002FFF901FFFB0000000006FFF01FF08
:10EE1000F40000000000EFF41FFF10000000000BE2
:10EE2000FF61FFF00000000000AFF71FFF100000BF
:10EE300000000BFF61FFF40000000000EFF41FFF73
:10EE4000B0000000006FFF01FFFF600000002FFF17
:10EE5000901FFFFF9100006FFFD101FFECFFFCBC92
:10EE6000FFFFF3001FFD1BFFFFFFFFC20001FFD0EC
:10EE700004ADFFDA4000000000049DFFDB610000EC
:10EE8000002CFFFFFFFFE500003FFFFECBDFFFF69A
:10EE9000001EFFE500002AFFE00BFFD10000000983
:10EEA000A102FFF30000000000006FFC0000000062
:10EEB000000009FF90000000000000AFF700000014
:10EEC00000000009FF900000000000006FFC00003F
:10EED0000000000002FFF30000000000000BFFD163
:10EEE00000000009A1001EFFE500002AFFE0003F2E
:10EEF000FFFECBDFFFF500002CFFFFFFFFE400006B
:10EF000000049DFFEB610000000000000000002FE6
:10EF1000FE000000000000002FFE000000000000C6
:10EF2000002FFE000000000000002FFE0000000087
:10EF30000000002FFE000000000000002FFE000077
:10EF400000000000002FFE000005BEFFD9202FFEAC
:10EF50000003DFFFFFFFF82FFE005FFFFECBDFFFA8
:10EF6000CFFE02FFFE500002BFFFFE0CFFD10000EB
:10EF70000009FFFE2FFF3000000000DFFE7FFC00D5
:10EF8000000000007FFE9FF900000000003FFEAF80
:10EF9000F700000000002FFE9FF800000000003F77
:10EFA000FE7FFC00000000006FFE2FFF200000002D
:10EFB00000CFFE0CFFC000000007FFFE02FFFC2098
:10EFC00000008FFFFE005FFFFB98AFFFCFFE000346
:10EFD000DFFFFFFFFA1FFE000006BEFFD9300FFE65
:10EFE000000005BEFFD94000000003DFFFFFFFFB6C
:10EFF0001000005FFFFB9ACFFFE10002FFF9100055
:10F0000002CFFC000BFF800000000CFF602FFD0012
:10F0100000000002FFC07FF80000000000DFF09F4A
:10F02000FFFFFFFFFFFFFFF2AFFFFFFFFFFFFFFF4D
:10F03000F39FF9333333333333306FFB0000000079
:10F040000000002FFF300000000000000BFFD10087
:10F05000000001800002EFFE5000005DF800004F4C
:10F06000FFFFCBCEFFFC000002CFFFFFFFFFA000A1
:10F070000000049DFFEC8300000000019DFFD7000D
:10F080000003EFFFFFF30000EFFE99DD00005FFEDD
:10F090001000100008FF8000000000AFF600000024
:10F0A000000AFF60000008FFFFFFFFFF408FFFFF27
:10F0B000FFFFF40488DFFB888820000AFF7000004F
:10F0C0000000AFF7000000000AFF7000000000AF72
:10F0D000F7000000000AFF7000000000AFF700001A
:10F0E00000000AFF7000000000AFF7000000000AF7
:10F0F000FF7000000000AFF7000000000AFF700082
:10F10000000000AFF7000000000AFF7000000000E0
:10F11000AFF7000000000005ADFFD9400CFF200054
:10F120004EFFFFFFFFB1CFF2007FFFFEBBCFFFDD41
:10F13000FF204FFFC3000007FFFFF20DFFB00000EC
:10F140000003FFFF24FFF10000000007FFF28FFA29
:10F1500000000000001FFF2AFF700000000000EF09
:10F16000F2AFF800000000000FFF28FFB000000021
:10F170000001FFF24FFF10000000008FFF20DFFCB6
:10F18000000000004FFFF204FFFD4000017FFFFF81
:10F190002006FFFFECBCFFFDFFF20004EFFFFFFFC6
:10F1A000FB1FFF2000006BEFFD9400FFF10000004B
:10F1B000000000002FFF0000000000000007FFC05B
:10F1C00000640000000001EFF7002FFB5000000575
:10F1D000EFFE0007FFFFFDBBCFFFFF400005DFFF95
:10F1E000FFFFFFFD3000000038BDFFEDA50000006F
:10F1F0001FFF000000000000001FFF0000000000D3
:10F2000000001FFF000000000000001FFF000000C2
:10F21000000000001FFF000000000000001FFF00B2
:10F220000000000000001FFF000000000000001FA1
:10F23000FF004ADFFDA300001FFF1CFFFFFFFF9040
:10F24000001FFFDFFFCCDFFFF9001FFFFF600002A0
:10F25000CFFF301FFFF30000000DFF901FFF800065
:10F26000000006FFD01FFF3000000002FFF01FFF6C
:10F270000000000001FFF01FFF0000000001FFF090
:10F280001FFF0000000001FFF01FFF000000000151
:10F29000FFF01FFF0000000001FFF01FFF00000053
:10F2A0000001FFF01FFF0000000001FFF01FFF0042
:10F2B00000000001FFF01FFF0000000001FFF01F31
:10F2C000FF0000000001FFF01BFB08FFF68FFF614D
:10F2D000BEA00000000000000001FFF01FFF01FFC2
:10F2E000F01FFF01FFF01FFF01FFF01FFF01FFF004
:10F2F0001FFF01FFF01FFF01FFF01FFF01FFF01FC5
:10F30000FF01FFF0000000AFC1000005FFF90000A1
:10F3100005FFF9000000AEB1000000000000000091
:10F3200000000000000000000000EFF2000000EF0D
:10F33000F2000000EFF2000000EFF2000000EFF238
:10F34000000000EFF2000000EFF2000000EFF2001A
:10F350000000EFF2000000EFF2000000EFF200000A
:10F3600000EFF2000000EFF2000000EFF2000000FA
:10F37000EFF2000000EFF2000000EFF2000000FFEB
:10F38000F2000001FFF0020008FFD05FB9CFFF706C
:10F39000BFFFFFFB004ADFFC60001FFF0000000012
:10F3A0000000001FFF000000000000001FFF000021
:10F3B00000000000001FFF000000000000001FFF11
:10F3C000000000000000001FFF000000000000001F
:10F3D0001FFF000000000000001FFF000000005F92
:10F3E000FF601FFF00000006FFF6001FFF00000087
:10F3F0007FFF60001FFF000009FFF600001FFF00F5
:10F4000000AFFF6000001FFF000BFFF50000001FB2
:10F41000FF01CFFF500000001FFF1DFFFF30000065
:10F42000001FFFEFFFFFE10000001FFFFFE6FFFBF3
:10F430000000001FFFFD206FFF8000001FFFC100C4
:10F4400009FFF500001FFF000000BFFF20001FFFA5
:10F450000000001EFFD0001FFF00000003FFFA00A5
:10F460001FFF000000005FFF701FFF00000000088A
:10F47000FFF41FFF1FFF1FFF1FFF1FFF1FFF1FFFC7
:10F480001FFF1FFF1FFF1FFF1FFF1FFF1FFF1FFF8C
:10F490001FFF1FFF1FFF1FFF1FFF1FFF1FFF1FFF7C
:10F4A0001FFF1FFD006BEFEC71000049DEFEA400A2
:10F4B000001FFD3DFFFFFFFF501BFFFFFFFFB000E0
:10F4C0001FFEEFFCA9CFFFF5DFFFB9AEFFFB001F6A
:10F4D000FFFD300003EFFFFF8000008FFF501FFF94
:10F4E000E10000004FFFF90000000BFFB01FFF70AC
:10F4F0000000000DFFF100000004FFE01FFF2000EE
:10F5000000000AFFB000000001FFF01FFF00000034
:10F510000008FF9000000000FFF11FFF0000000046
:10F5200008FF8000000000FFF11FFF00000000083E
:10F53000FF8000000000FFF11FFF0000000008FF37
:10F540008000000000FFF11FFF0000000008FF80A6
:10F5500000000000FFF11FFF0000000008FF800016
:10F56000000000FFF11FFF0000000008FF80000006
:10F570000000FFF11FFF0000000008FF80000000F6
:10F5800000FFF11FFF0000000008FF8000000000E6
:10F59000FFF11FFF0000000008FF8000000000FFD7
:10F5A000F11FFD005ADFFDA300001FFD2DFFFFFF2F
:10F5B000FF90001FFEEFFDA9BFFFF9001FFFFE40F7
:10F5C0000000AFFF301FFFF20000000CFF901FFF94
:10F5D0007000000005FFD01FFF2000000002FFF0B8
:10F5E0001FFF0000000001FFF01FFF0000000001EE
:10F5F000FFF01FFF0000000001FFF01FFF000000F0
:10F600000001FFF01FFF0000000001FFF01FFF00DE
:10F6100000000001FFF01FFF0000000001FFF01FCD
:10F62000FF0000000001FFF01FFF0000000001FFCD
:10F63000F01FFF0000000001FFF0000004ADFFEB31
:10F640006000000002CFFFFFFFFE5000004FFFFEF2
:10F65000CBDFFFF80002EFFE500002BFFF500BFFB0
:10F66000D100000009FFF12FFF3000000000DFF79C
:10F670006FFC00000000007FFB9FF900000000000D
:10F680003FFEAFF700000000002FFF9FF9000000D1
:10F6900000003FFE6FFC00000000007FFB2FFF30EA
:10F6A00000000000DFF70BFFD100000009FFF101AF
:10F6B000EFFE400002BFFF50004FFFFEBBDFFFF830
:10F6C000000002CFFFFFFFFE5000000004ADFFEB83
:10F6D0006000001FFD004ADFFDA4000001FFD1CF44
:10F6E000FFFFFFFC10001FFEDFFEA89DFFFE3001A4
:10F6F000FFFFF7000004EFFD101FFFF50000000101
:10F70000EFF901FFFA0000000005FFF01FFF4000C5
:10F710000000000EFF41FFF00000000000BFF61FD8
:10F72000FF00000000000AFF71FFF1000000000070
:10F73000CFF61FFF40000000000FFF41FFFB00005D
:10F74000000006FFF01FFFF700000002FFF901FFB5
:10F75000FFF9100006FFFD101FFFBFFFCBCFFFFF1B
:10F760003001FFF0AFFFFFFFFC20001FFF0039DF7B
:10F77000FDA4000001FFF0000000000000001FFFDA
:10F780000000000000000001FFF000000000000089
:10F79000001FFF0000000000000001FFF00000005B
:10F7A000000000001FFF000000000000000000003B
:10F7B00005BEFFD9300FFE0003DFFFFFFFF90FFE8C
:10F7C000005FFFFECBDFFFAFFE02FFFE500002BF77
:10F7D000FFFE0CFFD100000009FFFE2FFF300000EC
:10F7E0000000DFFE7FFC00000000007FFE9FF900AC
:10F7F000000000003FFEAFF700000000002FFE9F5A
:10F80000F900000000003FFE7FFC00000000007FC8
:10F81000FE2FFF3000000000DFFE0CFFD1000000D3
:10F8200009FFFE02FFFE400002BFFFFE005FFFFE79
:10F83000BBDFFFBFFE0003DFFFFFFFF82FFE00006E
:10F8400006BEFFD8202FFE000000000000002FFEA3
:10F85000000000000000002FFE000000000000007B
:10F860002FFE000000000000002FFE00000000003E
:10F8700000002FFE000000000000002FFE1FFD0012
:10F880005ADF01FFD1BFFFF01FFDCFFFFE01FFFFD9
:10F89000F930001FFFF5000001FFFA0000001FFF14
:10F8A00040000001FFF10000001FFF00000001FF09
:10F8B000F00000001FFF00000001FFF00000001F2B
:10F8C000FF00000001FFF00000001FFF000000012A
:10F8D000FFF00000001FFF0000000000004ADFFEF4
:10F8E000D95000001CFFFFFFFFFF4000DFFFDBAA35
:10F8F000DFFF1006FFE300000187000AFF60000041
:10F9000000000009FF80000000000006FFF7100063
:10F9100000000000DFFFFDA7400000001AFFFFFF0E
:10F92000FFA2000000159CFFFFFF30000000000256
:10F930006EFFC0000000000002FFF0002000000089
:10F9400001FFF006F93000000AFFD00EFFFFCAAC3D
:10F95000FFFF5007FFFFFFFFFFF50000059CEFFED4
:10F96000B710000005883000000000AFF70000006D
:10F97000000AFF7000000000AFF70000008FFFFFDB
:10F98000FFFFF408FFFFFFFFFF40488DFFB88882AC
:10F990000000AFF7000000000AFF7000000000AF99
:10F9A000F7000000000AFF7000000000AFF7000041
:10F9B00000000AFF7000000000AFF7000000000A1E
:10F9C000FF7000000000AFF70000000009FF90008A
:10F9D0000000006FFE1000200001FFFFAADD000004
:10F9E00005FFFFFFF4000003AEFFC6004FFD00005F
:10F9F000000005FFB4FFD0000000005FFB4FFD00DA
:10FA000000000005FFB4FFD0000000005FFB4FFDC9
:10FA10000000000005FFB4FFD0000000005FFB4FB6
:10FA2000FD0000000005FFB4FFD0000000005FFBF8
:10FA30004FFD0000000005FFB3FFD0000000006F85
:10FA4000FB3FFE0000000008FFB1FFF100000000D6
:10FA5000DFFB0DFF800000006FFFB07FFF60000044
:10FA60006FFFFB00CFFFD99AEFFDFFB001BFFFFF93
:10FA7000FFFA3FFB00004AEFFD9303FFB00DFF507C
:10FA80000000000005FFB06FFC0000000000CFF494
:10FA900000EFF3000000003FFD0008FFA0000000A1
:10FAA0000AFF60001FFF10000001FFE00000AFF739
:10FAB0000000008FF8000003FFE000000EFF1000C0
:10FAC000000CFF500005FFA00000005FFC0000CF0D
:10FAD000F300000000EFF3003FFC0000000007FF10
:10FAE000900AFF50000000001FFF12FFE00000001E
:10FAF00000009FF78FF7000000000002FFEFFF10EB
:10FB000000000000000BFFFF900000000000004F0D
:10FB1000FFF200000000000000DFFB00000000AF6B
:10FB2000F4000000001FFE0000000005FF64FFA0BD
:10FB300000000006FFF400000000BFF00EFF000010
:10FB40000000CFFFA00000001FFA008FF6000000A9
:10FB50002FFFFF10000007FF4002FFB0000008FF6A
:10FB6000BFF6000000DFE0000CFF100000EFD1FF47
:10FB7000C000003FF800006FF700004FF70BFF20B8
:10FB80000009FF200001FFD0000AFF104FF800001D
:10FB9000EFC000000AFF3001FFB000EFE0005FF6A9
:10FBA0000000004FF9007FF50008FF400BFF100038
:10FBB0000000EFE00DFE00002FF901FFA0000000A3
:10FBC00008FF43FF800000CFF07FF4000000002F0B
:10FBD000FA9FF2000006FF5DFE0000000000CFFE6D
:10FBE000FC0000001FFDFF800000000006FFFF601A
:10FBF000000000AFFFF200000000001FFFF0000057
:10FC00000004FFFC000000000000BFFA000000003C
:10FC10000EFF600000000DFF900000000DFF70025D
:10FC2000FFF5000000AFFB00005FFF200006FFD1E2
:10FC3000000008FFD0002FFF30000000CFF900DFE8
:10FC4000F6000000001EFF6AFFA00000000004FF95
:10FC5000FFFD0000000000007FFFF2000000000038
:10FC6000001FFFB0000000000000CFFFF600000002
:10FC7000000008FFDFFF30000000005FFE16FFD12C
:10FC800000000002FFF400AFFB0000000DFF800049
:10FC90000DFF7000009FFC000002FFF40006FFE172
:10FCA0000000006FFE203FFF400000000AFFC00D73
:10FCB000FF500000000005FFB06FFC0000000000D6
:10FCC000CFF300EFF3000000003FFC0007FFB0009F
:10FCD00000000AFF50001FFF20000001FFE00000AD
:10FCE0009FF90000008FF7000002FFF100000EFFF7
:10FCF0000000000BFF700006FF900000003FFE00B8
:10FD000000DFF200000000CFF5004FFA0000000015
:10FD100005FFC00BFF30000000000EFF32FFC000E7
:10FD2000000000007FFA9FF5000000000000FFFFC8
:10FD3000FD00000000000008FFFF60000000000060
:10FD4000001FFFE000000000000000BFF8000000FE
:10FD5000000000000EFF1000000000000007FFA0E0
:10FD600000000000730004FFF2000000002FFCAB55
:10FD7000FFF80000000007FFFFFFFA00000000008E
:10FD800004AEFEB50000000000008FFFFFFFFFFF84
:10FD9000FF38FFFFFFFFFFFFF34888888888FFFCDC
:10FDA00000000000007FFE10000000004FFF300048
:10FDB0000000002FFF60000000000DFF9000000019
:10FDC000000AFFC00000000007FFE100000000047F
:10FDD000FFF30000000002FFF60000000000DFF962
:10FDE0000000000000BFFC00000000007FFE1000CB
:10FDF0000000004FFFB8888888883BFFFFFFFFFFA7
:10FE0000FFF7BFFFFFFFFFFFFF70000006CFFA0004
:10FE1000009FFFFA0003FFFD950007FFD0000009D7
:10FE2000FF80000009FF70000009FF70000009FF5B
:10FE300070000009FF70000009FF70000009FF70EA
:10FE4000000009FF7000000AFF6000002EFF400064
:10FE50002FFFFC00002FFFF4000018AFFF20000070
:10FE60000BFF60000009FF70000009FF700000092F
:10FE7000FF70000009FF70000009FF70000009FF1B
:10FE800070000009FF70000009FF80000008FFD02B
:10FE9000000003FFFD850000AFFFFA000006CFFA67
:10FEA000AFF3AFF3AFF3AFF3AFF3AFF3AFF3AFF342
:10FEB000AFF3AFF3AFF3AFF3AFF3AFF3AFF3AFF332
:10FEC000AFF3AFF3AFF3AFF3AFF3AFF3AFF3AFF322
:10FED000AFF3AFF3AFF3AFF3AFF3AFF36FFD80006A
:10FEE000006FFFFC000038CFFF70000009FFB0007A
:10FEF0000004FFD0000003FFE0000003FFE000006B
:10FF000003FFE0000003FFE0000003FFE000000348
:10FF1000FFE0000003FFE0000002FFE0000000FF40
:10FF2000F40000009FFFF600002DFFF60000EFFC3C
:10FF3000830002FFF0000002FFE0000003FFE0008A
:10FF40000003FFE0000003FFE0000003FFE000000B
:10FF500003FFE0000003FFE0000004FFD000000901
:10FF6000FFC00038BFFF70006FFFFD00006FFD8114
:10FF700000000001441000000154006FFFF9000070
:10FF800005FB04FFFFFFD2000AF80BFD207FFE6295
:10FF90007FF30FF30003DFFFFFA01FF0000007DF78
:10FFA000E800000000000000000000000000000069
:10FFB000000000000000000000000000000000053C
:10FFC0009DD40000000000000000000000027BFF44
:10FFD000FFFE0000000000000000000048DFFFFFFF
:10FFE000FFFF000000000000000016AFFFFFFFFF52
:10FFF000FFFF000000000000038CFFFFFFFFFFFF7A
:020000023000CC
:10000000FFFF000000000059EFFFFFFFFFFFFFFFB1
:10001000FFFF000000006FFFFFFFFFFFFFFFFFFF7C
:10002000FFFF00000000FFFFFFFFFFFFFFFFFFFFDC
:10003000FFFF00000000FFFFFFFFFFFFFFFFFFFDCE
:10004000FFFF00000000FFFFFFFFFFFFFFFFB620E4
:10005000FFFF00000000FFFFFFFFFFFFE94000007F
:10006000FFFF00000000FFFFFFFFFC720000000028
:10007000FFFF00000000FFFFFEA5100000000000D1
:10008000FFFF00000000FFFF300000000000000044
:10009000FFFF00000000FFFF000000000000000064
:1000A000FFFF00000000FFFF000000000000000054
:1000B000FFFF00000000FFFF000000000000000044
:1000C000FFFF00000000FFFF000000000000000034
:1000D000FFFF00000000FFFF000000000000000024
:1000E000FFFF00000000FFFF000000000000000014
:1000F000FFFF00000000FFFF00000000003ADFFDEE
:10010000FFFF00000000FFFF000000000AFFFFFFEC
:10011000FFFF00000000FFFF000000008FFFFFFF57
:10012000FFFF00000000FFFF00000000EFFFFFFFE7
:10013000FFFF003ADFFDFFFF00000000EFFFFFFFC1
:10014000FFFE0AFFFFFFFFFF000000008FFFFFFF21
:10015000FFF88FFFFFFFFFFF000000000AFFFFFF17
:10016000FFA0EFFFFFFFFFFF00000000003ADFFDF0
:10017000A300EFFFFFFFFFFE0000000000000000F3
:1001800000008FFFFFFFFFF80000000000000000EC
:1001900000000AFFFFFFFFA00000000000000000B9
:1001A0000000003ADFFDA300000000000000000096
:1001B00000008F0000FFFFFFFFFFFFFFFFFFFF00BA
:1001C00000F8FF2002FFFFFFFFFFFFFFFFFFFF2000
:1001D00002FFFFFFFFFFFFFFFFFFFFFFFFFFFFFF2C
:1001E000FFFFFFFFFFFFF20000000000002FFFFFF6
:1001F000FFFFFF2002FFF00000000000000FFF20C3
:1002000002FFFF0000FFF00000000000000FFF00F1
:1002100000FFFF0000FFF00000000000000FFF00E3
:1002200000FFFF2002FFF00000000000000FFF2091
:1002300002FFFFFFFFFFF00000000000000FFFFFC4
:10024000FFFFFFFFFFFFF00000000000000FFFFFB7
:10025000FFFFFF2002FFFA888888888888AFFF2088
:1002600002FFFF0000FFFFFFFFFFFFFFFFFFFF0098
:1002700000FFFF0000FFFFFFFFFFFFFFFFFFFF008A
:1002800000FFFF2002FFFA888888888888AFFF2057
:1002900002FFFFFFFFFFF00000000000000FFFFF64
:1002A000FFFFFFFFFFFFF00000000000000FFFFF57
:1002B000FFFFFF2002FFF00000000000000FFF2002
:1002C00002FFFF0000FFF00000000000000FFF0031
:1002D00000FFFF0000FFF00000000000000FFF0023
:1002E00000FFFF2002FFF00000000000000FFF20D1
:1002F00002FFFFFFFFFFF20000000000002FFFFFE2
:10030000FFFFFFFFFFFFFFFFFFFFFFFFFFFFFFFFFD
:10031000FFFFFF2002FFFFFFFFFFFFFFFFFFFF20A8
:1003200002FF8F0000FFFFFFFFFFFFFFFFFFFF0047
:1003300000F88FFFFFFFC004EFFFFFFFFFFFFFFF8D
:10034000FFF8FFFFFFFFF40AFFFFFFFFFFFFFFFFC4
:10035000FFFFFFFFFFFFF50BFFFFFFFFFFFFFFFFAB
:10036000FFFFFFFFFFFFF50BFFFFFFFFFFFFFFFF9B
:10037000FFFFFFFFFFFFF50BFFFFFFFFFFFFFFFF8B
:10038000FFFFFFFFFFFFF50BFFFFFFFFFFFFFFFF7B
:10039000FFFFFFFFFFFFF40AFFFFFFFFFFFFFFFF6D
:1003A000FFFF8FFFFFFFC004EFFFFFFFFFFFFFFF17
:1003B000FFF8000000000000000000000000000046
:1003C000000000000000000000000000000000002D
:1003D00000008FFFFFFFC004EFFFFFFFFFFFFFFFE5
:1003E000FFF8FFFFFFFFF40AFFFFFFFFFFFFFFFF24
:1003F000FFFFFFFFFFFFF50BFFFFFFFFFFFFFFFF0B
:10040000FFFFFFFFFFFFF50BFFFFFFFFFFFFFFFFFA
:10041000FFFFFFFFFFFFF50BFFFFFFFFFFFFFFFFEA
:10042000FFFFFFFFFFFFF50BFFFFFFFFFFFFFFFFDA
:10043000FFFFFFFFFFFFF40AFFFFFFFFFFFFFFFFCC
:10044000FFFF8FFFFFFFC004EFFFFFFFFFFFFFFF76
:10045000FFF80000000000000000000000000000A5
:10046000000000000000000000000000000000008C
:1004700000008FFFFFFFC004EFFFFFFFFFFFFFFF44
:10048000FFF8FFFFFFFFF40AFFFFFFFFFFFFFFFF83
:10049000FFFFFFFFFFFFF50BFFFFFFFFFFFFFFFF6A
:1004A000FFFFFFFFFFFFF50BFFFFFFFFFFFFFFFF5A
:1004B000FFFFFFFFFFFFF50BFFFFFFFFFFFFFFFF4A
:1004C000FFFFFFFFFFFFF50BFFFFFFFFFFFFFFFF3A
:1004D000FFFFFFFFFFFFF40AFFFFFFFFFFFFFFFF2C
:1004E000FFFF8FFFFFFFC004EFFFFFFFFFFFFFFFD6
:1004F000FFF8000000000000000000000000001BEA
:10050000D30000000000000000000000000001DF38
:10051000FF400000000000000000000000001DFF80
:10052000FFF4000000000000000000000001DFFFF9
:10053000FFFE00000000000000000000001DFFFFA3
:10054000FFFD0000000000000000000001DFFFFFD1
:10055000FFE3000000000000000000001DFFFFFF9F
:10056000FE3000000000000000000001DFFFFFFF80
:10057000E300003DB10000000000001DFFFFFFFE92
:10058000300004FFFD100000000001DFFFFFFFE26C
:1005900000004FFFFFD1000000001DFFFFFFFE2005
:1005A0000000EFFFFFFD10000001DFFFFFFFE20092
:1005B0000000DFFFFFFFD100001DFFFFFFFE200056
:1005C00000003EFFFFFFFD1001DFFFFFFFE2000024
:1005D000000003EFFFFFFFD11DFFFFFFFE20000023
:1005E0000000003EFFFFFFFDDFFFFFFFE200000015
:1005F00000000002EFFFFFFFFFFFFFFE20000000F2
:10060000000000002EFFFFFFFFFFFFE200000000E0
:100610000000000002EFFFFFFFFFFE2000000000CF
:1006200000000000002EFFFFFFFFE20000000000BE
:10063000000000000002EFFFFFFE200000000000AD
:100640000000000000002EFFFFE20000000000009C
:1006500000000000000002EFFE200000000000008B
:10066000000000000000002CC2000000000000009C
:10067000000001CF90000000000009FC101EFFFAEE
:100680000000000000AFFFE1CFFFFFA00000000A64
:10069000FFFFFCFFFFFFFA000000AFFFFFFF9FFF1F
:1006A000FFFFA0000AFFFFFFF90AFFFFFFFA00AFFC
:1006B000FFFFFFA000AFFFFFFFAAFFFFFFFA000050
:1006C0000AFFFFFFFFFFFFFFA0000000AFFFFFFFDB
:1006D000FFFFFA000000000AFFFFFFFFFFA000007D
:1006E000000000AFFFFFFFFA000000000000AFFFB6
:1006F000FFFFFA00000000000AFFFFFFFFFFA0005D
:10070000000000AFFFFFFFFFFFFA0000000AFFFF3D
:10071000FFFFFFFFFFA00000AFFFFFFFAAFFFFFFEB
:10072000FA000AFFFFFFFA00AFFFFFFFA09FFFFFE5
:10073000FFA0000AFFFFFFF9FFFFFFFA000000AF74
:10074000FFFFFFCFFFFFA00000000AFFFFFC1EFF1E
:10075000FA0000000000AFFFE101CF9000000000B0
:100760000009FC1000000000000007FFF900000075
:1007700000000000000000000000EFFFF00000009B
:100780000000000000000000000EFFFF100000004D
:10079000000000000003950000EFFFF1000394004B
:1007A0000000000005FFF3000EFFFF1001FFF7003F
:1007B00000000006FFFFC000EFFFF1009FFFF80000
:1007C000000004FFFFFF100EFFFF100EFFFFF600FA
:1007D0000001EFFFFFB000EFFFF1009FFFFFF3000C
:1007E000009FFFFFB0000EFFFF10009FFFFFC00043
:1007F0002FFFFFB00000EFFFF100009FFFFF500947
:10080000FFFFE100000EFFFF100000DFFFFC00FF14
:10081000FFF6000000EFFFF1000004FFFFF13FFFD3
:10082000FF1000000EFFFF1000000DFFFF67FFFF2D
:10083000A0000000EFFFF10000007FFFF99FFFF72D
:100840000000000EFFFF10000004FFFFCAFFFF5072
:10085000000000EFFFF10000002FFFFDBFFFF400DC
:1008600000000EFFFF00000002FFFFDAFFFF600044
:1008700000007FFF900000003FFFFD8FFFF80000A9
:100880000000000000000006FFFFB5FFFFD00000E1
:1008900000000000000000AFFFF82FFFFF20000065
:1008A0000000000000001FFFFF40CFFFFB00000022
:1008B000000000000008FFFFF006FFFFF500000049
:1008C0000000000003FFFFF9000EFFFFF30000002F
:1008D00000000002EFFFFF20005FFFFFF5000000B7
:1008E000000003EFFFFF800000AFFFFFFA200000D1
:1008F0000019FFFFFFD0000000CFFFFFFFC76457C4
:10090000BFFFFFFFE200000001DFFFFFFFFFFFFF6F
:10091000FFFFFFE20000000000BFFFFFFFFFFFFF3F
:10092000FFFFC10000000000005EFFFFFFFFFFFFB0
:10093000FF800000000000000007DFFFFFFFFFE86E
:1009400010000000000000000000269ABA97300056
:100950000000000000000000000146776410000065
:1009600000000000000000000EFFFFFFE00000009C
:10097000000000000000000FFFFFFFF0000000007B
:100980000000000000000FFFFFFFF000000000006B
:1009900000000000001FFFFFFFF10000000000004A
:1009A00005910019FFFFFFFFFF91002A5000003F53
:1009B000FF85EFFFFFFFFFFFFE58FFF30000EFFF93
:1009C000FFFFFFFFFFFFFFFFFFFFFD0008FFFFFF2F
:1009D000FFFFFFFFFFFFFFFFFFFF801FFFFFFFFF86
:1009E000FFFFFFFFFFFFFFFFFFF17FFFFFFFFFFFA5
:1009F000FFFFFFFFFFFFFFFFF7CFFFFFFFFFFFB38B
:100A0000003BFFFFFFFFFFFC3CFFFFFFFFF7000085
:100A1000007FFFFFFFFFC3006FFFFFFFB00000007C
:100A20000BFFFFFFF600000EFFFFFF30000000038A
:100A3000FFFFFFD000000FFFFFFF0000000000FFDE
:100A4000FFFFF000000FFFFFFF0000000000FFFFAE
:100A5000FFF000000EFFFFFF3000000003FFFFFF6C
:100A6000D000006FFFFFFFB00000000BFFFFFFF69C
:100A7000003CFFFFFFFFF70000007FFFFFFFFFC309
:100A8000CFFFFFFFFFFFB3003BFFFFFFFFFFFC7F38
:100A9000FFFFFFFFFFFFFFFFFFFFFFFFFFF71FFF4E
:100AA000FFFFFFFFFFFFFFFFFFFFFFFFF108FFFF5B
:100AB000FFFFFFFFFFFFFFFFFFFFFF8000EFFFFFD4
:100AC000FFFFFFFFFFFFFFFFFFFE00003FFF85EF7F
:100AD000FFFFFFFFFFFE58FFF3000005A2001AFF13
:100AE000FFFFFFFFA1002A500000000000001FFFD1
:100AF000FFFFF1000000000000000000000FFFFFFA
:100B0000FFF0000000000000000000000FFFFFFFEA
:100B1000F0000000000000000000000EFFFFFFE0FA
:100B20000000000000000000000001467764100093
:100B30000000000000000000000000008EE800003F
:100B400005FFFF500000000000000000001CFFFF38
:100B5000C10008FFFF80000000000000000003EF5C
:100B6000FFFFFE3008FFFF800000000000000000D3
:100B70006FFFFFFFFFF508FFFF800000000000008F
:100B80000008FFFFFCCFFFFF88FFFF800000000090
:100B9000000001BFFFFF8008FFFFFFFFFF80000094
:100BA000000000002DFFFFF500005FFFFFFFFF804A
:100BB000000000000004FFFFFE301AA103EFFFFF5A
:100BC000FF8000000000007FFFFFC102DFFD201C4E
:100BD000FFFFFF80000000000AFFFFFA004FFFFF49
:100BE000F400AFFFFFA000000001CFFFFF7007FF80
:100BF000FFFFFF7007FFFFFB1000003EFFFFF40048
:100C00009FFFFFFFFFF9004FFFFFD20005FFFFFD31
:100C1000201CFFFFFFFFFFFFC102DFFFFF507FFF30
:100C2000FFB102EFFFFFFFFFFFFFFE201CFFFFF7FA
:100C3000DFFFF9005FFFFFFFFFFFFFFFFFF5009FF2
:100C4000FFFD3FFF6007FFFFFFFFFFFFFFFFFFFF0D
:100C50007006FFF306E400AFFFFFFFFFFFFFFFFF9B
:100C6000FFFFFA004E60000000FFFFFFFFFFFFFFE5
:100C7000FFFFFFFFFF000000000000FFFFFFFFFF7E
:100C8000FFFFFFFFFFFFFF000000000000FFFFFF6E
:100C9000FFFFFFFFFFFFFFFFFF000000000000FF5E
:100CA000FFFFFFF300003FFFFFFFFF000000000019
:100CB00000FFFFFFFFF000000FFFFFFFFF0000003D
:100CC000000000FFFFFFFFF000000FFFFFFFFF002D
:100CD0000000000000FFFFFFFFF000000FFFFFFF1C
:100CE000FF000000000000FFFFFFFFF000000FFF0B
:100CF000FFFFFF000000000000FFFFFFFFF000000B
:100D00000FFFFFFFFF000000000000FFFFFFFFF0EC
:100D100000000FFFFFFFFF000000000000CFFFFFFB
:100D2000FFC000000CFFFFFFFC00000000000000FF
:100D300000008FFFFFF8000000000000000000002E
:100D40000000FFFFFFFF00000000000000000000A7
:100D50000000FFFFFFFF0000000000000000000097
:100D60000000FFFFFFFF0000000000000000000087
:100D70000000FFFFFFFF0000000000000000000077
:100D80000000FFFFFFFF0000000000000000000067
:100D90000000FFFFFFFF0000000000000000000057
:100DA0000000FFFFFFFF0000000000000000000047
:100DB0000000FFFFFFFF0000000000000000000037
:100DC0000000FFFFFFFF0000000000000000000027
:100DD0000000FFFFFFFF0000000000000000000017
:100DE0000000FFFFFFFF000000000000000006FF02
:100DF000FFFFFFFFFFFFFFFFFF60000000000AFF93
:100E0000FFFFFFFFFFFFFFFFFFA00000000001EF5B
:100E1000FFFFFFFFFFFFFFFFFE1000000000002E9E
:100E2000FFFFFFFFFFFFFFFFE200000000000002E6
:100E3000EFFFFFFFFFFFFFFE2000000000000000AB
:100E40002EFFFFFFFFFFFFE2000000000000000098
:100E500002EFFFFFFFFFFE20000000000000000087
:100E6000002EFFFFFFFFE200000000000000000076
:100E70000002EFFFFFFE2000000000000000000065
:100E800000002EFFFFE20000000000008FFFFFFFC8
:100E9000FFF302EFFE203FFFFFFFFFF8FFFFFFFF22
:100EA000FFFF302DD203FFFFFFFFFFFFFFFFFFFF1C
:100EB000FFFFF300003FFFFFFFFFFFFFFFFFFFFF0C
:100EC000FFFFFF6116FFFFFFFFFFFFFFFFFFFFFFB9
:100ED000FFFFFFFFFFFFFFFFFFFFFFFFFFFFFFFF22
:100EE000FFFFFFFFFFFFFFEEFFEEFFFFFFFFFFFF34
:100EF000FFFFFFFFFFFFFE00EE00EFFFFFFFFFFF22
:100F0000FFFFFFFFFFFFFE00EE00EFFFFFFFFFFF11
:100F1000FFFFFFFFFFFFFFEEFFEEFFFF8FFFFFFF73
:100F2000FFFFFFFFFFFFFFFFFFFFFFF800000002D2
:100F3000BFFFFFFFFFFFFFFFFFFB200000000000DF
:100F4000001EFFFFFFFFFFFFFFFFFFFFE1000000AC
:100F5000000000AFFFFFFFFFFFFFFFFFFFFFFA00F2
:100F60000000000005FFFFFFFFFFFFFFFFFFFFFF87
:100F7000FF50000000001EFFFC0000000000000009
:100F800000CFFFE100000000AFFFF2000000000012
:100F90000000002FFFFA00000005FFFF70000000B6
:100FA000000000000007FFFF5000001EFFFC0000D3
:100FB0000000000000000000CFFFE10000AFFFF2E2
:100FC000000000000000000000002FFFFA0005FFF5
:100FD000FF700000000000000000000007FFFF504D
:100FE0001EFFFC000000000000000000000000CF19
:100FF000FFE19FFFF2000000000000000000000081
:10100000002FFFF9FFFFFFFFFFFFC0000000000CF3
:10101000FFFFFFFFFFFFFFFFFFFFFFFFF4000000E8
:10102000004FFFFFFFFFFFFFFFFFFFFFFFFFFC0081
:10103000000000CFFFFFFFFFFFFFFFFFFFFFFFFFED
:10104000FF40000004FFFFFFFFFFFFFFFFFFFFFF68
:10105000FFFFFFFFFFFFFFFFFFFFFFFFFFFFFFFFA0
:10106000FFFFFFFFFFFFFFFFFFFFFFFFFFFFFFFF90
:10107000FFFFFFFFFFFFFFFFFFFFFFFFFFFFFFFF80
:10108000FFFFFFFFFFFFFFFFFFFFFFFFFFFFFFFF70
:10109000FFFFFFFFFFFFFFFFFFFFFFFFFFFFFFFF60
:1010A000FFFFFFFFFFFFEFFFFFFFFFFFFFFFFFFF60
:1010B000FFFFFFFFFFFFFFFE8FFFFFFFFFFFFFFFB1
:1010C000FFFFFFFFFFFFFFFFFFF808EFFFFFFFFF3E
:1010D000FFFFFFFFFFFFFFFFFFFFFE80000000009C
:1010E00000001457753000000004FFFD00000000F0
:1010F000017CFFFFFFFFA4000006FFFF00000000CF
:101100008FFFFFFFFFFFFFD50005FFFF0000003D41
:10111000FFFFFFFFFFFFFFFFC204FFFF000005FF0F
:10112000FFFFFFFFFFFFFFFFFF54FFFF00005FFF18
:10113000FFFFA520026BFFFFFFF9FFFF0003FFFF8A
:10114000FFA1000000002AFFFFFFFFFF000DFFFFCF
:10115000F40000000000005FFFFFFFFF008FFFFEB4
:101160003000000000000002EFFFFFFF01FFFFF46E
:1011700000000000004654435FFFFFFF07FFFF80B1
:101180000000000000FFFFFFFFFFFFFF0CFFFF104C
:101190000000000000FFFFFFFFFFFFFF1FFFF9003F
:1011A0000000000000FFFFFFFFFFFFFF2FFFF30025
:1011B0000000000000DFFFFFFFFFFFFD0000000058
:1011C000000000000000000000000000000000001F
:1011D000000000000000000000000000000000000F
:1011E00000000000000000000000000000000000FF
:1011F000000000000000000000000000DFFFFFFF13
:10120000FFFFFD0000000000003FFFF1FFFFFFFFB8
:10121000FFFFFF000000000000AFFFF0FFFFFFFF37
:10122000FFFFFF000000000001FFFFB0FFFFFFFF16
:10123000FFFFFF000000000009FFFF70FFFFFFF548
:1012400034456400000000004FFFFF00FFFFFFFE79
:101250002000000000000003FFFFF800FFFFFFFF79
:10126000E40000000000005FFFFFD000FFFFFFFF71
:10127000FFA2000000001AFFFFFF3000FFFF9FFFEA
:10128000FFFFB620025AFFFFFFF50000FFFF45FFFA
:10129000FFFFFFFFFFFFFFFFFF500000FFFF402C9D
:1012A000FFFFFFFFFFFFFFFFD3000000FFFF500025
:1012B0005DFFFFFFFFFFFFF800000000FFFF600081
:1012C000004AFFFFFFFFC71000000000DFFF4000E3
:1012D00000000367764100000000000000000000ED
:1012E0000000000000000000000009F700000000FE
:1012F00000009FFF000000000009FFFF0000000049
:10130000009FFFFF0000000009FFFFFF000000003A
:101310009FFFFFFF8FFFFFFFFFFFFFFFFFFFFFFFAD
:10132000FFFFFFFFFFFFFFFFFFFFFFFFFFFFFFFFCD
:10133000FFFFFFFFFFFFFFFFFFFFFFFFFFFFFFFFBD
:10134000FFFFFFFFFFFFFFFFFFFFFFFFFFFFFFFFAD
:10135000FFFFFFFFFFFFFFFFFFFFFFFFFFFFFFFF9D
:10136000FFFFFFFFFFFFFFFFFFFFFFFF8FFFFFFFFD
:10137000FFFFFFFF000000009FFFFFFF00000000D5
:1013800009FFFFFF00000000009FFFFF00000000BA
:101390000009FFFF0000000000009FFF00000000A8
:1013A000000009F70000000000000000000000003D
:1013B000000000000000000000000000000008E73E
:1013C000000000000000000000009FFF000000007F
:1013D000000000000009FFFF000000000000000006
:1013E000009FFFFF000000000000000009FFFFFF5A
:1013F00000000000000000009FFFFFFF0000000051
:101400007EFFFFFFFFFFFFFF00000000FFFFFFFF69
:10141000FFFFFFFF0008E700FFFFFFFFFFFFFFFFE9
:10142000000FFF90FFFFFFFFFFFFFFFF000AFFF429
:10143000FFFFFFFFFFFFFFFF00009FFBFFFFFFFF1E
:10144000FFFFFFFF00001FFEFFFFFFFFFFFFFFFF8B
:1014500000001FFFFFFFFFFFFFFFFFFF00007FFCFB
:10146000FFFFFFFFFFFFFFFF0008FFF5FFFFFFFF8C
:10147000FFFFFFFF000FFFB0FFFFFFFFFFFFFFFFBA
:10148000000AF9009FFFFFFFFFFFFFFF00000000C1
:1014900000000000AFFFFFFF0000000000000000A0
:1014A0000AFFFFFF000000000000000000AFFFFF88
:1014B0000000000000000000000AFFFF0000000024
:1014C000000000000000AFFF00000000000000006E
:1014D00000000AF80000000000000000000000000A
:1014E00000000000000000000000000000000000FC
:1014F00000000000000000000000000000000000EC
:10150000000000CE600000000000000000000000AD
:101510000000000004FFFA000000000000000000CE
:1015200000000000000000CFFFB00000000000003D
:10153000000009F7000000000009FFFB00000000A8
:10154000000000009FFF0000000000008FFF8000EF
:10155000000000000009FFFF0000003EC20009FF7C
:10156000F30000000000009FFFFF0000009FFF400D
:1015700000CFFC000000000009FFFFFF0000004F4B
:10158000FFF4002FFF40000000009FFFFFFF00005E
:101590000002DFFE1009FFB08FFFFFFFFFFFFFFF1C
:1015A000000000002EFF9001FFF1FFFFFFFFFFFF93
:1015B000FFFF0009F80004FFF100CFF6FFFFFFFF77
:1015C000FFFFFFFF000FFFA000CFF7007FF9FFFF35
:1015D000FFFFFFFFFFFF0009FFF5006FFB003FFC6F
:1015E000FFFFFFFFFFFFFFFF00008FFB002FFE004C
:1015F0001FFEFFFFFFFFFFFFFFFF00001FFE000FAA
:10160000FF000FFFFFFFFFFFFFFFFFFF00001FFEB8
:10161000000FFF000FFFFFFFFFFFFFFFFFFF0000B6
:101620008FFB002FFE002FFEFFFFFFFFFFFFFFFFDE
:101630000009FFF5006FFB003FFCFFFFFFFFFFFF0E
:10164000FFFF000FFFA000CFF7007FF9FFFFFFFFB4
:10165000FFFFFFFF0009F80004FFF100CFF68FFF46
:10166000FFFFFFFFFFFF000000002EFF9002FFF1D1
:10167000000000009FFFFFFF00000002DFFE1009D6
:10168000FFB00000000009FFFFFF0000004FFFF463
:10169000002FFF4000000000009FFFFF0000009FA0
:1016A000FF4000CFFC00000000000009FFFF000029
:1016B000004EC20009FFF3000000000000009FFF81
:1016C0000000000000008FFF80000000000000000C
:1016D00009F700000000000AFFFB00000000000006
:1016E000000000000000000000CFFFB0000000007C
:1016F0000000000000000000000004FFFA000000ED
:1017000000000000000000000000000000CE6000AB
:1017100000000000000000000000000000000000C9
:101720000000000008EFFFFFFFFFFFFFFFFFFFFFCC
:10173000FFFFFE808FFFFFFFFFFFFFFFFFFFFFFFA9
:10174000FFFFFFF8EFFFFFFFFFFFFFFFFFFFFFFFC0
:10175000FFFFFFFEFFFFFD88DFFFFFFFFFFFFFFF33
:10176000FFFFFFFFFFFF900009FFFFFFFFFFFFFFED
:10177000FFFFFFFFFFFD000000DFFFFFFFFFFFFF98
:10178000FFFFFFFFFFF80000008FFFFFFFFFFFFFDD
:10179000FFFFFFFFFFF80000008FFFFFFFFFF99F33
:1017A000FFFFFFFFFFFD000000DFFFFFFFFF8008DE
:1017B000FFFFFFFFFFFF900009FFFFFFFFF80000A2
:1017C0008FFFFFFFFFFFFD88DFFFFFFFFF800000AF
:1017D00008FFFFFFFFFFFFFFFFFFFFFFF800000014
:1017E000008FFFFFFFFFFFFF99FFFFFF800000005A
:1017F0000008FFFFFFFFFFF8008FFFF80000000068
:101800000000FFFFFFFFFF800008FF8000000000D6
:101810000000FFFFFFFFF80000008800000000004C
:101820000000FFFFFFFF800000000000000000003C
:101830000000FFFFFFFF00000000000000000000AC
:101840000000FFFFFFFF000000000000000000009C
:101850000000FFFFFFFF000000000000000000008C
:101860000000FFFFFFFFFFFFFFFFFFFFFFFFFFFF86
:10187000FFFFFFFFEFFFFFFFFFFFFFFFFFFFFFFF88
:10188000FFFFFFFE8FFFFFFFFFFFFFFFFFFFFFFFD9
:10189000FFFFFFF808EFFFFFFFFFFFFFFFFFFFFF66
:1018A000FFFFFE800000000004EE4000000000008A
:1018B0000000000DFFD000000000000000003FFF0E
:1018C000F300000000000000009FFFF9000000008E
:1018D00000000000EFFFFE0000000000000007FF16
:1018E000FFFF700000000000000EFFFFFFE000009F
:1018F000000000007FFFFFFFF7000000000001EF85
:10190000FFFFFFFF100000000009FFFFFFFFFFA027
:10191000000000004FFFFFFFFFFFF400000001EF99
:10192000FFFFFFFFFFFE1000000BFFFFFFFFFFFFA9
:10193000FFB000006FFFFFFFFFFFFFFFF70001FF99
:10194000FFFFFFFFFFFFFFFF1009FFFFFFFFFFFF8C
:10195000FFFFFF901FFFFFFFFFFFFFFFFFFFF17F74
:10196000FFFFFFFFFFFFFFFFFFF7BFFFFFFFFFFFCF
:10197000FFFFFFFFFBEFFFFFFFFFFFFFFFFFFFFE8C
:10198000FFFF33FFFFFFFFFFFFFFFFFFFF00FFFF32
:10199000FFFFFFFFFFFFDFFF20CFFFFFFFFFFFFF86
:1019A000FDAFFF704FFFFFFFFFFFFFFA6FFFE00883
:1019B000FFFFFFFFFFFFF61FFFFB004CFFFFFFFFD6
:1019C000FFF107FFFFB00003FFFFFFFF7000CFFF35
:1019D000FE7203FFFFFFFC00001EFFFFFFFFFFFF83
:1019E000FFE1000001CFFFFFFFFFFFFC1000000040
:1019F00007FFFFFFFFFF70000000000016BDFFDBC8
:101A00006100000000000000000000000000DFFF97
:101A10005000000000005EE5FFFF800000000006AF
:101A2000FFFEFFFF80000000007FFFFFFFFF800040
:101A3000000008FFFFFFFFFF80000000AFFFFFFF77
:101A4000FFFF8000000BFFFFFFFFFFFF800000CFC4
:101A5000FFFFFFFFFFFF80001CFFFFFFFFFFFFFFF7
:101A60008002DFFFFFFFFFFFFFFF802EFFFFFFFF72
:101A7000FFFFFFFF83EFFFFFFFFFFFFFFFFFBFFF42
:101A8000FFFFFFFFFFFFFFFFFFFFFFFFFFFFFFFF66
:101A9000FFFFFFFFFFFFFFFFFFFFFFFFFFFFFFFF56
:101AA000FFFFFFFFFFFFFFFFFFFFFFFFFFFFFFFF46
:101AB000CFFFFFFFFFFFFFFFFFFF84FFFFFFFFFFE1
:101AC000FFFFFFFF803EFFFFFFFFFFFFFFFF8002E2
:101AD000EFFFFFFFFFFFFFFF80001DFFFFFFFFFF86
:101AE000FFFF800001CFFFFFFFFFFFFF8000000B23
:101AF000FFFFFFFFFFFF80000000AFFFFFFFFFFFC2
:101B00008000000009FFFFFFFFFF80000000008F42
:101B1000FFFFFFFF800000000006FFFEDFFF500018
:101B2000000000005EE50000000000000000000072
:101B3000000000000000000000000000000009EFAD
:101B40008000000000000000000000009FFFFE6019
:101B500000000000000000000000FFFFFFFC30005C
:101B60000000000000000000FFFFFFFFF910000070
:101B7000000000000000FFFFFFFFFFE60000000084
:101B800000000000FFFFFFFFFFFFD3000000000088
:101B90000000FFFFFFFFFFFFFFA1000000000000AB
:101BA000FFFFFFFFFFFFFFFF700000000000FFFFCF
:101BB000FFFFFFFFFFFFFD4000000000FFFFFFFFF2
:101BC000FFFFFFFFFFFB20000000FFFFFFFFFFFF05
:101BD000FFFFFFFFF8000000FFFFFFFFFFFFFFFF19
:101BE000FFFFFFE50000FFFFFFFFFFFFFFFFFFFF1D
:101BF000FFFFB200FFFFFFFFFFFFFFFFFFFFFFFF41
:101C0000FF80FFFFFFFFFFFFFFFFFFFFFFFFFFF969
:101C1000FFFFFFFFFFFFFFFFFFFFFFFFFFFEFFFFD5
:101C2000FFFFFFFFFFFFFFFFFFFFFFFEFFFFFFFFC5
:101C3000FFFFFFFFFFFFFFFFFFF9FFFFFFFFFFFFBA
:101C4000FFFFFFFFFFFFFF80FFFFFFFFFFFFFFFF23
:101C5000FFFFFFFFB200FFFFFFFFFFFFFFFFFFFFE0
:101C6000FFE50000FFFFFFFFFFFFFFFFFFFFF800A2
:101C70000000FFFFFFFFFFFFFFFFFFFB2000000052
:101C8000FFFFFFFFFFFFFFFFFD4000000000FFFF21
:101C9000FFFFFFFFFFFF700000000000FFFFFFFFDE
:101CA000FFFFFFA1000000000000FFFFFFFFFFFF9C
:101CB000D300000000000000FFFFFFFFFFE6000070
:101CC000000000000000FFFFFFFFF910000000000F
:101CD00000000000FFFFFFFC3000000000000000DB
:101CE00000009FFFFE6000000000000000000000F8
:101CF00008EE80000000000000000000000000006E
:101D000000000000000000000000000000000000D3
:101D10000000000000000000000009FFFFFFFF902E
:101D2000000009FFFFFFFF909FFFFFFFFFF900008A
:101D30009FFFFFFFFFF9EFFFFFFFFFFE0000EFFF38
:101D4000FFFFFFFEFFFFFFFFFFFF0000FFFFFFFFA2
:101D5000FFFFFFFFFFFFFFFF0000FFFFFFFFFFFF91
:101D6000FFFFFFFFFFFF0000FFFFFFFFFFFFFFFF81
:101D7000FFFFFFFF0000FFFFFFFFFFFFFFFFFFFF71
:101D8000FFFF0000FFFFFFFFFFFFFFFFFFFFFFFF61
:101D90000000FFFFFFFFFFFFFFFFFFFFFFFF00004F
:101DA000FFFFFFFFFFFFFFFFFFFFFFFF0000FFFF41
:101DB000FFFFFFFFFFFFFFFFFFFF0000FFFFFFFF31
:101DC000FFFFFFFFFFFFFFFF0000FFFFFFFFFFFF21
:101DD000FFFFFFFFFFFF0000FFFFFFFFFFFFFFFF11
:101DE000FFFFFFFF0000FFFFFFFFFFFFFFFFFFFF01
:101DF000FFFF0000FFFFFFFFFFFFFFFFFFFFFFFFF1
:101E00000000FFFFFFFFFFFFFFFFFFFFFFFF0000DE
:101E1000FFFFFFFFFFFFFFFFFFFFFFFF0000FFFFD0
:101E2000FFFFFFFFFFFFFFFFFFFF0000FFFFFFFFC0
:101E3000FFFFFFFFFFFFFFFF0000FFFFFFFFFFFFB0
:101E4000FFFFFFFFFFFF0000FFFFFFFFFFFFFFFFA0
:101E5000FFFFFFFF0000FFFFFFFFFFFFFFFFFFFF90
:101E6000FFFF0000FFFFFFFFFFFFFFFFFFFFFFFF80
:101E70000000FFFFFFFFFFFFEFFFFFFFFFFE00007F
:101E8000EFFFFFFFFFFE8FFFFFFFFFF800008FFF58
:101E9000FFFFFFF807DFFFFFFD70000007DFFFFF18
:101EA000FD7008EFFFFFFFFFFFFFFFFFFFFFFE805A
:101EB0008FFFFFFFFFFFFFFFFFFFFFFFFFF8EFFFB9
:101EC000FFFFFFFFFFFFFFFFFFFFFFFEFFFFFFFF23
:101ED000FFFFFFFFFFFFFFFFFFFFFFFFFFFFFFFF12
:101EE000FFFFFFFFFFFFFFFFFFFFFFFFFFFFFFFF02
:101EF000FFFFFFFFFFFFFFFFFFFFFFFFFFFFFFFFF2
:101F0000FFFFFFFFFFFFFFFFFFFFFFFFFFFFFFFFE1
:101F1000FFFFFFFFFFFFFFFFFFFFFFFFFFFFFFFFD1
:101F2000FFFFFFFFFFFFFFFFFFFFFFFFFFFFFFFFC1
:101F3000FFFFFFFFFFFFFFFFFFFFFFFFFFFFFFFFB1
:101F4000FFFFFFFFFFFFFFFFFFFFFFFFFFFFFFFFA1
:101F5000FFFFFFFFFFFFFFFFFFFFFFFFFFFFFFFF91
:101F6000FFFFFFFFFFFFFFFFFFFFFFFFFFFFFFFF81
:101F7000FFFFFFFFFFFFFFFFFFFFFFFFFFFFFFFF71
:101F8000FFFFFFFFFFFFFFFFFFFFFFFFFFFFFFFF61
:101F9000FFFFFFFFFFFFFFFFFFFFFFFFFFFFFFFF51
:101FA000FFFFFFFFFFFFFFFFFFFFFFFFFFFFFFFF41
:101FB000FFFFFFFFFFFFFFFFFFFFFFFFFFFFFFFF31
:101FC000FFFFFFFFFFFFFFFFFFFFFFFFFFFFFFFF21
:101FD000FFFFFFFFFFFFFFFFFFFFFFFFFFFFFFFF11
:101FE000FFFFFFFFFFFFFFFFFFFFFFFFFFFFFFFF01
:101FF000FFFFFFFFFFFFFFFFFFFFFFFFFFFFFFFFF1
:10200000EFFFFFFFFFFFFFFFFFFFFFFFFFFE8FFF61
:10201000FFFFFFFFFFFFFFFFFFFFFFF808EFFFFFDE
:10202000FFFFFFFFFFFFFFFFFE800000000000003A
:10203000000000005EE5000000000005FFFDEFFF6E
:10204000600000000008FFFFFFFFF700000000082D
:10205000FFFFFFFFFF9000000008FFFFFFFFFFFAF8
:1020600000000008FFFFFFFFFFFFB0000008FFFFB8
:10207000FFFFFFFFFC100008FFFFFFFFFFFFFFD186
:102080000008FFFFFFFFFFFFFFFE2008FFFFFFFF2D
:10209000FFFFFFFFE308FFFFFFFFFFFFFFFFFF481A
:1020A000FFFFFFFFFFFFFFFFFFFCFFFFFFFFFFFF43
:1020B000FFFFFFFFFFFFFFFFFFFFFFFFFFFFFFFF30
:1020C000FFFFFFFFFFFFFFFFFFFFFFFFFFFFFFFF20
:1020D000FFFFFFFFFFFFFFFFFFFFFFFBFFFFFFFF14
:1020E000FFFFFFFFFE38FFFFFFFFFFFFFFFFE208DC
:1020F000FFFFFFFFFFFFFFFD1008FFFFFFFFFFFFD8
:10210000FFC10008FFFFFFFFFFFFFC000008FFFF0B
:10211000FFFFFFFFB0000008FFFFFFFFFFFA000016
:102120000008FFFFFFFFFF8000000008FFFFFFFF28
:10213000F70000000008FFFFEFFF6000000000084C
:10214000FFFF5EE5000000000005FFFD000000004D
:1021500000000000000000000000000008EE800009
:102160000000000000000000000000AFFFFA0000C7
:1021700000000000000000000009FFFFFF800000D9
:1021800000000000000000007FFFFFFFF7000000DC
:1021900000000000000006FFFFFFFFFF60000000DE
:1021A00000000000005FFFFFFFFFFFF500000000E0
:1021B00000000004FFFFFFFFFFFFFF4000000000E2
:1021C00000003FFFFFFFFFFFFFFFF30000000000E4
:1021D00002EFFFFFFFFFFFFFFFFE20000000001ED9
:1021E000FFFFFFFFFFFFFFFFFFD100000001DFFF48
:1021F000FFFFFFFFFFFFFFFFFD1000000CFFFFFFD1
:10220000FFFFFFFFFFFFFFFFC00000BFFFFFFFFF5B
:10221000FFFFFFFFFFFFFFFB0008FFFFFFFFFFFFC8
:10222000FFFFFFFFFFFFFF800EFFFFFFFFFFFFFF2E
:10223000FFFFFFFFFFFFE00EFFFFFFFFFFFFFFFFBE
:10224000FFFFFFFFFFE008FFFFFFFFFFFFFFFFFFB4
:10225000FFFFFFFF80009FFFFFFFFFFFFFFFFFFF6C
:10226000FFFFE90000000000000000000000000087
:10227000000000000000000000000000000000005E
:10228000000004EFFFFFFFFFFFFFFFFFFFFFFFFE68
:10229000400EFFFFFFFFFFFFFFFFFFFFFFFFFFE01D
:1022A0000FFFFFFFFFFFFFFFFFFFFFFFFFFFF00F2D
:1022B000FFFFFFFFFFFFFFFFFFFFFFFFFFF00FFF2D
:1022C000FFFFFFFFFFFFFFFFFFFFFFFFF00FFFFF1D
:1022D000FFFFFFFFFFFFFFFFFFFFFFF00EFFFFFF0E
:1022E000FFFFFFFFFFFFFFFFFFFFE004EFFFFFFF28
:1022F000FFFFFFFFFFFFFFFFFE40000000000000A8
:102300000250000000000000003FFD10000000002F
:102310000003FFFFD000000000003FFFFFF30000BC
:10232000000003FFFFFFD0000000003FFFFFFD1093
:1023300000000003FFFFFFD1000000003FFFFFFD92
:102340001000000003FFFFFFD1000000003FFFFF6F
:10235000FD1000000003FFFFFFD1000000003FFF61
:10236000FFFD1000000003FFFFFFD1000000001E72
:10237000FFFFFD10000000003FFFFFF8000000001D
:102380000009FFFFFF7000000000009FFFFFF70043
:102390000000000009FFFFFF7000000000009FFF29
:1023A000FFF7000000000009FFFFFF7000000000C1
:1023B000009FFFFFF7000000000009FFFFFF700013
:1023C000000000009FFFFFF7000000000009FFFF72
:1023D000FF7000000000009FFFFFF20000000000FF
:1023E00009FFFFF20000000000009FFF5000000006
:1023F00000000008C50000052000000000000001EA
:10240000DFF30000000000000DFFFF3000000000BF
:10241000003FFFFFF300000000000DFFFFFF300052
:1024200000000001DFFFFFF300000000001DFFFFC0
:10243000FF300000000001DFFFFFF300000000009C
:102440001DFFFFFF300000000001DFFFFFF3000071
:102450000000001DFFFFFF300000000001DFFFFF54
:10246000F300000000001DFFFFFF3000000000012E
:10247000DFFFFFE100000000008FFFFFF30000001E
:102480000007FFFFFF90000000007FFFFFF9000042
:10249000000007FFFFFF90000000007FFFFFF90032
:1024A00000000007FFFFFF90000000007FFFFFF922
:1024B0000000000007FFFFFF90000000007FFFFF0B
:1024C000F90000000007FFFFFF90000000002FFF51
:1024D000FFF900000000002FFFFF90000000000047
:1024E00005FFF9000000000000005C800000000013
:1024F0000000000000000004EFFE400000000000AB
:1025000000000000000EFFFFE000000000000000DF
:102510000000000FFFFFF0000000000000000000BE
:10252000000FFFFFF0000000000000000000000F9F
:10253000FFFFF0000000000000000000000FFFFFA0
:10254000F0000000000000000000000FFFFFF0009E
:102550000000000000000000000FFFFFF00000007E
:10256000000000000000000FFFFFF000000000006E
:1025700000000000000FFFFFF0000000000000005E
:102580000000000FFFFFF000000000004EFFFFFF03
:10259000FFFFFFFFFFFFFFFFFFE4EFFFFFFFFFFF76
:1025A000FFFFFFFFFFFFFFFEFFFFFFFFFFFFFFFF3C
:1025B000FFFFFFFFFFFFFFFFFFFFFFFFFFFFFFFF2B
:1025C000FFFFFFFFEFFFFFFFFFFFFFFFFFFFFFFF2B
:1025D000FFFE4EFFFFFFFFFFFFFFFFFFFFFFFFE4D8
:1025E00000000000000FFFFFF000000000000000EE
:1025F0000000000FFFFFF0000000000000000000DE
:10260000000FFFFFF0000000000000000000000FBE
:10261000FFFFF0000000000000000000000FFFFFBF
:10262000F0000000000000000000000FFFFFF000BD
:102630000000000000000000000FFFFFF00000009D
:10264000000000000000000FFFFFF000000000008D
:1026500000000000000FFFFFF0000000000000007D
:102660000000000EFFFFE00000000000000000007E
:102670000004EFFE4000000000004EFFFFFFFFFFE0
:10268000FFFFFFFFFFFFFFE4EFFFFFFFFFFFFFFF85
:10269000FFFFFFFFFFFEFFFFFFFFFFFFFFFFFFFF4B
:1026A000FFFFFFFFFFFFFFFFFFFFFFFFFFFFFFFF3A
:1026B000FFFFEFFFFFFFFFFFFFFFFFFFFFFFFFFE3B
:1026C0004EFFFFFFFFFFFFFFFFFFFFFFFFE40000E4
:1026D0000000000037ADEFFEDA73000000000000DC
:1026E00000000000017DFFFFFFFFFFFFD71000008B
:1026F0000000000000007FFFFFFFFFFFFFFFFFF76C
:10270000000000000000003DFFFFFFB520025BFF5E
:10271000FFFFD3000000000007FFFFFFD300000011
:10272000003DFFFFFF70000000008FFFFFFB000077
:1027300000000000BFFFFFF800000009FFFFFFD00E
:1027400000004EFC70000DFFFFFF9000006FFFFFC8
:10275000FF3000001FFFFD1003FFFFFFF60003FF27
:10276000FFFFFB0000001FFFFFD000BFFFFFFF3097
:102770000DFFFFFFF50000007FFFFFF7005FFFFF89
:10278000FFD07FFFFFFFF2004117FFFFFFFC002F8C
:10279000FFFFFFF7EFFFFFFFF000EFFFFFFFFFFF7F
:1027A000000FFFFFFFFEEFFFFFFFF000FFFFFFFF47
:1027B000FFFF000FFFFFFFFE7FFFFFFFF200CFFFD5
:1027C000FFFFFFFC002FFFFFFFF70CFFFFFFF500EF
:1027D0006FFFFFFFFFF6005FFFFFFFD003FFFFFF6C
:1027E000FB000CFFFFFFFFC000BFFFFFFF30006FCB
:1027F000FFFFFF3001CFFFFFFC1003FFFFFFF600DC
:102800000007FFFFFFD00006CFFC70000DFFFFFFA9
:10281000900000009FFFFFFB000000000000BFFFD2
:10282000FFF80000000007FFFFFFD3000000003D9D
:10283000FFFFFF7000000000003DFFFFFFB520021A
:102840005BFFFFFFD3000000000000007FFFFFFFE1
:10285000FFFFFFFFFFF70000000000000000007D09
:10286000FFFFFFFFFFFFD710000000000000000087
:10287000000037ADEFFEDA7300000000000009E44D
:102880000000000000000000000000000000000048
:1028900000007FFF8000000000000000000000003A
:1028A000000000000000EFFFFB100000000000002F
:1028B000000000000000000000007FFFFFE30000B8
:1028C000000000000000000000000000000004EF15
:1028D000FFFF600000159CEFFEDA730000000000AF
:1028E0000000001CFFFFFA006CFFFFFFFFFFFFD797
:1028F00010000000000000009FFFFFDEFFFFFFFF51
:10290000FFFFFFFFF70000000000000005FFFFFFD2
:10291000FFFFC730025BFFFFFFD300000000000095
:10292000002DFFFFFFE4000000003DFFFFFF7000EF
:10293000000000000000AFFFFFC10000000000BF6A
:10294000FFFFF80000000000000006FFFFFE304E11
:10295000FC70000DFFFFFF90000000002000003E13
:10296000FFFFF71FFFFD1003FFFFFFF6000000024F
:10297000F9000001BFFFFFBFFFFFD000BFFFFFFF57
:102980003000000DFFC2000008FFFFFFFFFFF7004F
:102990005FFFFFFFD000007FFFFE4000004EFFFF03
:1029A000FFFFFC002FFFFFFFF70000EFFFFFF80025
:1029B0000002CFFFFFFFFF000FFFFFFFFE0000EF51
:1029C000FFFFFFB0000009FFFFFFFF000FFFFFFF49
:1029D000FE00007FFFFFFFF20000006FFFFFFC0022
:1029E0002FFFFFFFF700000DFFFFFFF600000002C2
:1029F000DFFFFF706FFFFFFFD0000003FFFFFFFB53
:102A0000000000000BFFFFFBDFFFFFFF20000000C6
:102A10006FFFFFFF30000000007FFFFFFFFFFFF5AB
:102A20000000000009FFFFFFD10000000004EFFFDD
:102A3000FFFFFF7000000000008FFFFFFC10000090
:102A400000001CFFFFFFF800000000000007FFFF70
:102A5000FFE300000000009FFFFFE2000000000015
:102A600000003DFFFFFFB52001000005FFFFFE4015
:102A7000000000000000007FFFFFFFFFFF7000006C
:102A80002DFFFFF800000000000000017DFFFFFFA8
:102A9000FFFB000000AFFFFFC100000000000000CE
:102AA0000037ADEFFECA40000006FFFFFE30000019
:102AB00000000000000000000000000000003EFFD9
:102AC000FFF7000000000000000000000000000010
:102AD000000001BFFFFE0000000000000000000039
:102AE0000000000000000008FFF7000000000000E8
:102AF0000000000000000000000000004E900000F8
:102B000000000000000009FF90000000000000002D
:102B10000000000000000000009FFFF9000000001E
:102B2000000000000000000000000003FFFFFF3075
:102B300000000000000000000000000000000CFF8A
:102B4000FFFFC000000000000000000000000000C7
:102B5000005FFFFFFFF50000000000000000000024
:102B600000000000EFFFFFFFFE000000000000007B
:102B700000000000000008FFFFFFFFFF80000000D2
:102B80000000000000000000001FFFFFFFFFFFF13A
:102B9000000000000000000000000000AFFFFFFF89
:102BA000FFFFFA000000000000000000000003FF2B
:102BB000FFFFFFFFFFFF30000000000000000000EB
:102BC000000CFFFFFFFFFFFFFFC000000000000040
:102BD000000000006FFFFF600006FFFFF60000002E
:102BE00000000000000000EFFFFF400004FFFFFEB8
:102BF00000000000000000000008FFFFFF5000057B
:102C0000FFFFFF8000000000000000002FFFFFFF1B
:102C1000600006FFFFFFF20000000000000000BFA0
:102C2000FFFFFF700007FFFFFFFB00000000000038
:102C30000004FFFFFFFF800008FFFFFFFF400000D0
:102C4000000000000DFFFFFFFF900009FFFFFFFFE6
:102C5000D00000000000006FFFFFFFFFA0000AFF90
:102C6000FFFFFFF6000000000001EFFFFFFFFFB0D5
:102C7000000BFFFFFFFFFE100000000009FFFFFF39
:102C8000FFFFD0000DFFFFFFFFFF90000000002FAF
:102C9000FFFFFFFFFFFFFFFFFFFFFFFFFFF200004F
:102CA0000000BFFFFFFFFFFFF9339FFFFFFFFFFFA4
:102CB000FB00000005FFFFFFFFFFFF900009FFFF83
:102CC000FFFFFFFF5000000DFFFFFFFFFFFF300081
:102CD00003FFFFFFFFFFFFD000007FFFFFFFFFFFAD
:102CE000FF300003FFFFFFFFFFFFF70001FFFFFFC3
:102CF000FFFFFFFF900009FFFFFFFFFFFFFF10092D
:102D0000FFFFFFFFFFFFFFF9339FFFFFFFFFFFFF05
:102D1000FF900FFFFFFFFFFFFFFFFFFFFFFFFFFF22
:102D2000FFFFFFFFF00FFFFFFFFFFFFFFFFFFFFFB2
:102D3000FFFFFFFFFFFFFFF008FFFFFFFFFFFFFFA9
:102D4000FFFFFFFFFFFFFFFFFFFF80009FFFFFFF71
:102D5000FFFFFFFFFFFFFFFFFFFFFFFFF900000086
:102D60000000000000000000000000000000000063
:102D7000000000000000000000008F900000000034
:102D800000000000000000000000FFF9000000004B
:102D900000000000000000000000FFFF90000000A5
:102DA00000000000000000000000FFFFF900DFFF4E
:102DB000FFFF700000000007FFFFFFFFFF90FFFF15
:102DC000FFFFF6000000006FFFFFFFFFFFF9FFFFAE
:102DD000FFFFFF50000005FFFFFFFFFFFFFFFFFFAA
:102DE000FFFFFFF400004FFFFFFFFFFFFFF9DFFFD2
:102DF000FFFFFFFF3003FFFFFFFFFFFFFF9000001B
:102E0000008FFFFE203FFFFFF800FFFFF9000000EA
:102E10000009FFF302EFFFFF9000FFFF90000000AA
:102E20000000AF401EFFFFFA0000FFF900000000A5
:102E300000000401DFFFFFB000008F9000000000E1
:102E40000000000CFFFFFC0000000000000000007C
:102E5000000000CFFFFFC0000000000000000000E5
:102E600000000BFFFFFD104000008F9000000000ED
:102E70000000AFFFFFE104FA0000FFF900000000CE
:102E80000009FFFFFE203FFF9000FFFF90000000C1
:102E9000008FFFFFF302EFFFF800FFFFF900DFFFF5
:102EA000FFFFFFFF3003FFFFFFFFFFFFFF90FFFF6C
:102EB000FFFFFFF400004FFFFFFFFFFFFFF9FFFFE1
:102EC000FFFFFF50000005FFFFFFFFFFFFFFFFFFB9
:102ED000FFFFF6000000006FFFFFFFFFFFF9DFFFBD
:102EE000FFFF700000000007FFFFFFFFFF900000E2
:102EF00000000000000000000000FFFFF9000000DB
:102F000000000000000000000000FFFF9000000033
:102F100000000000000000000000FFF900000000B9
:102F2000000000000000000000008F900000000082
:102F30000000000000000000000000000000000091
:102F4000000000000320000000000000000000005E
:102F500000008FF4000000000000000000000008E6
:102F6000FFFF40000000000000000000008FFFFF96
:102F7000F400000000000000000008FFFFFFFF4019
:102F800000000000000000008FFFFFFFFFF40000C2
:102F9000000000000008FFFFFFFFFFFF40000000EF
:102FA0000000008FFFFFF9CFFFFFF40000000000DA
:102FB00008FFFFFF800CFFFFFF40000000008FFFB5
:102FC000FFF80000CFFFFFF400000008FFFFFF80C4
:102FD00000000CFFFFFF4000008FFFFFF800000023
:102FE00000CFFFFFF40008FFFFFF80000000000C8F
:102FF000FFFFFF406FFFFFF8000000000000CFFF61
:10300000FFF2BFFFFF800000000000000CFFFFF692
:103010004FFFF80000000000000000CFFFD104FFC8
:103020008000000000000000000CFD1000130000F4
:10303000000000000000000030000013000000004D
:10304000000000000000300004FF800000000000CD
:103050000000000CFD104FFFF80000000000000011
:1030600000CFFFD1BFFFFF800000000000000CFF79
:10307000FFF66FFFFFF8000000000000CFFFFFF237
:1030800008FFFFFF80000000000CFFFFFF40008FE3
:10309000FFFFF800000000CFFFFFF4000008FFFF73
:1030A000FF8000000CFFFFFF400000008FFFFFF8D3
:1030B0000000CFFFFFF40000000008FFFFFF800CBE
:1030C000FFFFFF4000000000008FFFFFF9CFFFFF70
:1030D000F400000000000008FFFFFFFFFFFF4000BA
:1030E0000000000000008FFFFFFFFFF40000000061
:1030F0000000000008FFFFFFFF400000000000008C
:103100000000008FFFFFF40000000000000000003E
:103110000008FFFF40000000000000000000000069
:103120008FF40000000000000000000000000320F9
:10313000000000000000000000011000000000007E
:10314000000000000000000000000000005FF5002B
:10315000000000000000000000000000000000006F
:1031600005FFFF500000000000000000000000000C
:10317000000000005FFFFFF50000BFFFFFFFFFFF43
:10318000FFFFF80000000005FFFFFFFF5003FFFFF7
:10319000FFFFFFFFFFFFFF000000005FFFFFFFFFDB
:1031A000F500CFFFFFFFFFFFFFFFFF00000006FF5E
:1031B000FFFFFFFFFF501BFFFFFFFFFFFFFFFF00B1
:1031C00000005FFFFEFFFFEFFFF5000000000000C2
:1031D00000FFFF000000CFFFF3FFFF3FFFFC0000F8
:1031E0000000000000FFFF0000006FFF40FFFF0431
:1031F000FFF600000000000000FFFF00000006B422
:1032000000FFFF004B6000000000000000FFFF0017
:103210000000000000FFFF000000000000000000B0
:1032200000FFFF000000000000FFFF0000000000A2
:103230000000000000FFFF000000000000FFFF0092
:10324000000000000000000000FFFF000000000080
:1032500000FFFF00000000000000000000FFFF0072
:103260000000000000FFFF0000000000000006B4A6
:1032700000FFFF004B60000000FFFF0000000000A7
:1032800000006FFF40FFFF04FFF6000000FFFF009B
:10329000000000000000CFFFF3FFFF3FFFFC000035
:1032A00000FFFF000000000000005FFFFEFFFFEFD7
:1032B000FFF5000000FFFFFFFFFFFFFFFFB106FF6C
:1032C000FFFFFFFFFF50000000FFFFFFFFFFFFFFBA
:1032D000FFFC005FFFFFFFFFF500000000FFFFFFA6
:1032E000FFFFFFFFFFFF3005FFFFFFFF5000000063
:1032F000008FFFFFFFFFFFFFFFFB00005FFFFFF5F9
:1033000000000000000000000000000000000000BD
:1033100005FFFF500000000000000000000000005A
:1033200000000000005FF500000000000000000049
:10333000000000000000000000011000000008EF85
:10334000FFFFFFFFF80000000000000000008FFFFB
:10335000FFFFFFFFFF800000000000000000EFFF04
:10336000FFFFFFFFFFF80000000000000000FFFF6C
:10337000FFFFFFFFFFFF8000000000000000FFFFD5
:10338000FFFFFFFFFFFFFFFFFFFFFFFFFE80FFFFCD
:10339000FFFFFFFFFFFFFFFFFFFFFFFFFFF8FFFF44
:1033A000FFFFFFFFFFFFFFFFFFFFFFFFFFFEFFFF2E
:1033B000FFFFFFFFFFFFFFFFFFFFFFFFFFFFFFFF1D
:1033C000FFFFFFFFFFFFFFFFFFFFFFFFFFFFFFFF0D
:1033D000FFFFFFFFFFFFFFFFFFFFFFFFFFFFFFFFFD
:1033E000FFFFFFFFFFFFFFFFFFFFFFFFFFFFFFFFED
:1033F000FFFFFFFFFFFFFFFFFFFFFFFFFFFFFFFFDD
:10340000FFFFFFFFFFFFFFFFFFFFFFFFFFFFFFFFCC
:10341000FFFFFFFFFFFFFFFFFFFFFFFFFFFFFFFFBC
:10342000FFFFFFFFFFFFFFFFFFFFFFFFFFFFFFFFAC
:10343000FFFFFFFFFFFFFFFFFFFFFFFFFFFFFFFF9C
:10344000FFFFFFFFFFFFFFFFFFFFFFFFFFFFFFFF8C
:10345000FFFFFFFFFFFFFFFFFFFFFFFFFFFFFFFF7C
:10346000FFFFFFFFFFFFFFFFFFFFFFFFFFFFFFFF6C
:10347000FFFFFFFFFFFFFFFFFFFFFFFFFFFFFFFF5C
:10348000FFFFFFFFFFFFFFFFFFFFFFFFFFFFEFFF5C
:10349000FFFFFFFFFFFFFFFFFFFFFFFFFFFE8FFFAD
:1034A000FFFFFFFFFFFFFFFFFFFFFFFFFFF808EF3A
:1034B000FFFFFFFFFFFFFFFFFFFFFFFFFE8000009A
:1034C00000000000002DD2000000000000000000FD
:1034D0000000000002EFFE200000000000000000DD
:1034E000000000002EFFFFE20000000000000000CE
:1034F00000000002EFFFFFFE2000000000000000BF
:103500000000002EFFFFFFFFE200000000000000AF
:10351000000002EFFFFFFFFFFE20000000000000A0
:1035200000002EFFFFFFFFFFFFE200000000000091
:103530000002EFFFFFFFFFFFFFFE20000000000082
:10354000002EFFFFFFFFFFFFFFFFE2000000000073
:1035500001EFFFFFFFFFFFFFFFFFFE100000000075
:103560000AFFFFFFFFFFFFFFFFFFFFA000000000BB
:1035700006FFFFFFFFFFFFFFFFFFFF6000000000EF
:1035800000000000FFFFFFFF00000000000000003F
:1035900000000000FFFFFFFF00000000000000002F
:1035A00000000000FFFFFFFF00000000000000001F
:1035B00000000000FFFFFFFF00000000000000000F
:1035C00000000000FFFFFFFF0000000000000000FF
:1035D00000000000FFFFFFFF0000000000000000EF
:1035E00000000000FFFFFFFF0000000000000000DF
:1035F00000000000FFFFFFFF0000000000000000CF
:1036000000000000FFFFFFFF0000000000000000BE
:1036100000000000FFFFFFFF0000000000008FFF20
:10362000FFFFFF00FFFFFFFF00FFFFFFFFF8FFFFAF
:10363000FFFFFF208FFFFFF802FFFFFFFFFFFFFFED
:10364000FFFFFFA0000000000AFFFFFFFFFFFFFFDA
:10365000FFFFFFFA20000002AFFFFFFFFFFFFFFFA9
:10366000FFFFFFFFFFFFFFFFFFFFFFFFFFFFFFFF6A
:10367000FFFFFFFFFFFFFFFFFFEEFFEEFFFFFFFF7C
:10368000FFFFFFFFFFFFFFFFFE00EE00EFFFFFFF6A
:10369000FFFFFFFFFFFFFFFFFE00EE00EFFFFFFF5A
:1036A000FFFFFFFFFFFFFFFFFFEEFFEEFFFF8FFFBC
:1036B000FFFFFFFFFFFFFFFFFFFFFFFFFFF800001F
:1036C00000000000000000000000000000000000FA
:1036D000000000000000000000002EEA630000006F
:1036E000000000000000000000000AFFFFFFB820FB
:1036F0000000000000000000000001FFFFFFFFFECF
:1037000000000000000000000000008FFFFFFFFF2E
:10371000F0000000000000000000000EFFFFFFFFAF
:10372000FE0000000000000000000005FFFFFFFF9A
:10373000FFE000000000000000000000CFFFFFFFDE
:10374000FFFC000000000000000000003FFFFFFF42
:10375000FFFFA000000000000000000007FFFFFFC7
:10376000FFFFF8000000000000000000002EFFFF37
:10377000FFFFFF40000000000000000000001CFFF1
:10378000FFFFFFF000000000000000000000000A42
:10379000FFFFFFFC00000000000000000000000030
:1037A00008FFFFFF700000000000000000000000A4
:1037B000009FFFFFF100000000000000000000007B
:1037C000002FFFFFFB0000000000000000000000D1
:1037D000000BFFFFFF3000000000000000000000B1
:1037E0000006FFFFFFB00000000000000000000026
:1037F0000003FFFFFFF200000000000000000000D7
:103800000002EFFFFFF8000000000000372000007A
:103810000002DFFFFFFD000000000005CFFE2000DA
:103820000003EFFFFFFF20000000017EFFFFFD000F
:103830000006FFFFFFFF5000000029FFFFFFFFFA17
:10384000002BFFFFFFFF600000000EFFFFFFFFFFE8
:10385000F89FFFFFFFFF7000000000EFFFFFFFFF7A
:10386000FFFFFFFFFFFF60000000000AFFFFFFFFF8
:10387000FFFFFFFFFFFF5000000000006FFFFFFF92
:10388000FFFFFFFFFFFD20000000000003FFFFFF20
:10389000FFFFFFFFFFF8000000000000000FFFFF28
:1038A000FFFFFFFFFFB20000000000000000BFFFAD
:1038B000FFFFFFFFFB30000000000000000008FFDA
:1038C000FFFFFFFC71000000000000000000002E60
:1038D000FEECA84000000000000000000000000016
:1038E00007CFFC70000000000000000000001DFF7A
:1038F000FFFFD100000000004BFFC5000DFFFFFFE0
:10390000FFD0000000008FFFFFFA07FFFFFFFFFF5F
:10391000700000009FFFFFFFC0CFFFB11BFFFC0046
:1039200000009FFFFFFFC10FFFF1001FFFF000002D
:103930009FFFFFFFC100FFFF1001FFFF00009FFF7F
:10394000FFFFC1000CFFFB11BFFFC0009FFFFFFF87
:10395000C100007FFFFFFFFFFD109FFFFFFFC100C1
:103960000000DFFFFFFFFFFCAFFFFFFFC100000013
:1039700001DFFFFFFFFFFFFFFFFFC10000000000AE
:103980007CFFFFFFFFFFFFFFC10000000000000001
:1039900009FFFFFFFFFFC100000000000000000959
:1039A000FFFFFFFFC10000000000000000009FFFBC
:1039B000FFFFFC1000000000000000009FFFFFFF61
:1039C000FFFC10000000000007CFFFFFFFFFFFFF1C
:1039D000FC10000000001DFFFFFFFFFFFFFFFFFCCA
:1039E000100000000DFFFFFFFFFFCAFFFFFFFC10EC
:1039F000000007FFFFFFFFFFD109FFFFFFFC1000E2
:103A000000CFFFB11BFFFC0009FFFFFFFC10000F00
:103A1000FFF1001FFFF00009FFFFFFFC1000FFFF98
:103A20001001FFFF000009FFFFFFFC100CFFFB115E
:103A3000BFFFC0000009FFFFFFFC107FFFFFFFFF7B
:103A4000F700000009FFFFFFFC00DFFFFFFFFD00A4
:103A500000000008FFFFFFA001DFFFFFFD100000D6
:103A6000000004BFFC5000007CFFC7000000000005
:103A70000000000000000000008FFFFFFFFFFF00BC
:103A8000F7000000000000FFFFFFFFFFFF00FF80C6
:103A90000000000000FFFFFFFFFFFF00FFF8000035
:103AA000000000FFFFFFFFFFFF00FFFF800000009E
:103AB00000FFFFFFFFFFFF00FFFFF700000000FF18
:103AC000FFFFFFFFFF00FFFFFF8FFFFF00FFFFFF74
:103AD000FFFFFF00000000FFFFFF00FFFFFFFFFFF1
:103AE000FF70000000FFFFFF00FFFFFFFFFFFFFF71
:103AF000FFFFFFFFFFFF00FFFFFFFFFFFFFFFFFFD5
:103B0000FFFFFFFF00FFFFFFFFFFFFFFFFFFFFFFC4
:103B1000FFFF00FFFFFFFFFFFFFFFFFFFFFFFFFFB4
:103B200000FFFFFFFFFFFFFFFFFFFFFFFFFF00FFA3
:103B3000FFFFFFFFFFFFFFFFFFFFFFFF00FFFFFF94
:103B4000FFFFFFFFFFFFFFFFFFFF00FFFFFFFFFF84
:103B5000FFFFFFFFFFFFFFFF00FFFFFFFFFFFFFF74
:103B6000FFFFFFFFFFFF00FFFFFFFFFFFFFFFFFF64
:103B7000FFFFFFFF00FFFFFFFFFFFFFFFFFFFFFF54
:103B8000FFFF00FFFFFFFFFFFFFFFFFFFFFFFFFF44
:103B900000FFFFFFFFFFFFFFFFFFFFFFFFFF00FF33
:103BA000FFFFFFFFFFFFFFFFFFFFFFFF00FFFFFF24
:103BB000FFFFFFFFFFFFFFFFFFFF00FFFFFFFFFF14
:103BC000FFFFFFFFFFFFFFFF00FFFFFFFFFFFFFF04
:103BD000FFFFFFFFFFFF208FFFFFFFFFFFFFFFFF44
:103BE000F8FFFFFFA000000000000000000000FF41
:103BF000FFFFFA20000000000000000000FFFFFFB0
:103C0000FFFFFFFFFFFFFF00000000FFFFFFFFFFC0
:103C1000FFFFFFFFFF00000000FFFFFFFFFFFFFFB0
:103C2000FFFFFF000000008FFFFFFFFFFFFFFFFF10
:103C3000F80000000008EFFFFFFFFFFFFFFFFFD6C7
:103C40000000008FFFFFFFFFFFFFFFFFFFFF80006F
:103C500000EFFFFFFFFFFFFFFFFFFFFFF80000FF88
:103C6000FFFFFFFFFFFFFFFFFFFFFF8000FFFF20C1
:103C700000000000000004FFFFF800FFFF0000004C
:103C80000000000000FFFFFF80FFFF0000000000B9
:103C9000000000FFFFFFF6FFFF0000000000000033
:103CA00000FFFFFFFDFFFF0000000000000000FF1D
:103CB000FFFFFFFFFF0000000000000000FFFFFF0C
:103CC000FFFFFF0000000000000000FFFFFFFFFFFC
:103CD000FF2000000000000002FFFFFFFFFFFFFFCA
:103CE000FFFFFFFFFFFFFFFFFFFFFFFFFFFFFFFFE4
:103CF000FFFFFFFFFFFFFFFFFFFFFFFFFFFFFFFFD4
:103D0000FFFFFFFFFFFFFFFFFFFFFFFFFFFFFFFFC3
:103D1000FFFFFFFFFFFFFFFFFFFFFD4004DFFFFF8F
:103D2000FFFFFFFFFFFFFFFFD000000DFFFFFFFFC2
:103D3000FFFFFFFFFFFF40000004FFFFFFFFFFFF4B
:103D4000FFFFFFFF00000000FFFFFFFFFFFFFFFF7F
:103D5000FFFF00000000FFFFFFFFFFFFFFFFFFFF6F
:103D600040000004FFFFFFFFFFFFFFFFFFFFD00049
:103D7000000DFFFFFFFFFFFFFFFFFFFFFD4004DF20
:103D8000FFFFFFFFFFFFFFFFFFFFFFFFFFFFFFFF43
:103D9000FFFFFFEFFFFFFFFFFFFFFFFFFFFFFFFF43
:103DA000FE8FFFFFFFFFFFFFFFFFFFFFFFFFF80892
:103DB000EFFFFFFFFFFFFFFFFFFFFFFE804777776B
:103DC0007777777777777777777774FFFFFFFFFFDE
:103DD000FFFFFFFFFFFFFFFFFFFFFFFFFFFFFFFFF3
:103DE000FFFFFFFFFFFFFFFFFFFFFFFFFFFFFFFFE3
:103DF000FFFFFFFFFFDFFFFFFFFFFFFFFFFFFFFFF3
:103E0000FFFFFD00000000000000000000000000B7
:103E100000000000000000000000000000000000A2
:103E20000000000000000000000000000000000092
:103E30000000000000000000000000000000000082
:103E40000000000000000000004777777777777761
:103E500077777777777774FFFFFFFFFFFFFFFFFF2D
:103E6000FFFFFFFFFFFFFFFFFFFFFFFFFFFFFFFF62
:103E7000FFFFFFFFFFFFFFFFFFFFFFFFFFFFFFFF52
:103E8000FFDFFFFFFFFFFFFFFFFFFFFFFFFFFD0063
:103E90000000000000000000000000000000000022
:103EA0000000000000000000000000000000000012
:103EB0000000000000000000000000000000000002
:103EC00000000000000000000000000000000000F2
:103ED00000000000004777777777777777777777F5
:103EE000777774FFFFFFFFFFFFFFFFFFFFFFFFFF7D
:103EF000FFFFFFFFFFFFFFFFFFFFFFFFFFFFFFFFD2
:103F0000FFFFFFFFFFFFFFFFFFFFFFFFFFDFFFFFE1
:103F1000FFFFFFFFFFFFFFFFFFFFFD0000000000AE
:103F200000000000000000000008EFFFFFFFFFFF9F
:103F3000FFFFFFFFFFFFFFFE808FFFFFFFFFFFFF81
:103F4000FFFFFFFFFFFFFFFFF8EFFFFFFFFFFFFF98
:103F5000FFFFFFFFFFFFFFFFFEFFFFFFFFFFFFFF72
:103F6000FFFFFFFFFFFFFFFFFFEFFFFFFFFFFFFF71
:103F7000FFFFFFFFFFFFFFFFFE4FFFFFFFFFFFFF02
:103F8000FFFFFFFFFFFFFFFFF402DFFFFFFFFFFF69
:103F9000FFFFFFFFFFFFFFFD200009FFFFFFFFFF07
:103FA000FFFFFFFFFFFFFF9000F6005FFFFFFFFF37
:103FB000FFFFFFFFFFFFF5006FFFA002CFFFFFFF36
:103FC000FFFFFFFFFFFC200AFFFFFD3008FFFFFFA0
:103FD000FFFFFFFFFF8003DFFFFFFFF7004EFFFF44
:103FE000FFFFFFFFE4007FFFFFFFFFFFB101BFFF07
:103FF000FFFFFFFB101BFFFFFFFFFFFFFE4007FF60
:10400000FFFFFF7004EFFFFFFFFFFFFFFFF8003E21
:10401000FFFFE3008FFFFFFFFFFFFFFFFFFFC10078
:104020008EE8001CFFFFFFFFFFFFFFFFFFFFFE50BA
:10403000000004EFFFFFFFFFFFFFFFFFFFFFFFFB9D
:104040004114BFFFFFFFFFFFFFFFFFFFFFFFFFFF69
:10405000FFFFFFFFFFFFFFFFFFFFFFFFFFFFFFFF70
:10406000FFFFFFFFFFFFFFFFFFFFFFFFFFFFFFFF60
:10407000FFFFFFFFFFFFFFFFFFEFFFFFFFFFFFFF60
:10408000FFFFFFFFFFFFFFFFFE8FFFFFFFFFFFFFB1
:10409000FFFFFFFFFFFFFFFFF808EFFFFFFFFFFF3E
:1040A000FFFFFFFFFFFFFFFE800008FFFFFFFFFF96
:1040B00080000000000FFFFFFFFFFFF00000000086
:1040C0002FFFFFFFFFFFB0000000004FFFFFFFFFCB
:1040D000FF60000000006FFFFFFFFFFF1000000007
:1040E000008FFFFFFFFFFC0000000000BFFFFFFF8D
:1040F000FFF70000000000DFFFFFFFFFF1000000FE
:104100000000FFFFFFFFFFC00000000001FFFFFFF6
:10411000FFFF700000000003FFFFFFFFFFFFFFFF36
:10412000FF8005FFFFFFFFFFFFFFFFFFF007FFFF1F
:10413000FFFFFFFFFFFFFFA00AFFFFFFFFFFFFFFE3
:10414000FFFF100CFFFFFFFFFFFFFFFFF8000EFF58
:10415000FFFFFFFFFFFFFFE0000FFFFFFFFFFFFF7D
:10416000FFFF500007FFFFFFFFFFFFFFFC00000005
:1041700000000002FFFFFFF300000000000006FF48
:10418000FFFF900000000000000AFFFFFF1000008A
:10419000000000000EFFFFF7000000000000002FED
:1041A000FFFFD0000000000000005FFFFF400000A4
:1041B00000000000009FFFFB000000000000000066
:1041C000DFFFF20000000000000001FFFF800000A0
:1041D000000000000005FFFE1000000000000000CD
:1041E00008FFF600000000000000000CFFD00000F7
:1041F0000000000000000FFF300000000000000081
:104200000008F800000000000000000002BFFB20D2
:10421000000000000000000000002FFFFFE200008F
:1042200000000000008FFFFFFFFAAFFFFFFFF80064
:10423000000000FFFFFFFFA00AFFFFFFFF000000DC
:1042400000FFFFFFFFA00AFFFFFFFF00000000FFCD
:10425000FFFFFFFAAFFFFFFFFF00000000FFFFFFBF
:10426000FFFFFFFFFFFFFF00000000FFFFFFFFFF5A
:10427000FFFFFFFFFF00000000FFFFFFFFFA20002D
:1042800000000000000000FFFFFFFFA00000000092
:104290000000000000FFFFFFFF208FFFFFFFFF0077
:1042A000F70000FFFFFFFF00FFFFFFFFFF00FF80A1
:1042B00000FFFFFFFF00FFFFFFFFFF00FFF800FF11
:1042C000FFFFFF00FFFFFFFFFF00FFFF80FFFFFF7B
:1042D000FF00FFFFFFFFFF00FFFFF7FFFFFFFF00F3
:1042E000FFFFFFFFFF00FFFFFFFFFFFFFF00FFFFDC
:1042F000FFFFFF00000000FFFFFFFF00FFFFFFFFC9
:10430000FF70000000FFFFFFFF00FFFFFFFFFFFF48
:10431000FFFFFFFFFFFFFF00FFFFFFFFFFFFFFFFAC
:10432000FFFFFFFFFF00FFFFFFFFFFFFFFFFFFFF9C
:10433000FFFFFF00FFFFFFFFFFFFFFFFFFFFFFFF8C
:10434000FF00FFFFFFFFFFFFFFFFFFFFFFFFFF007B
:10435000FFFFFFFFFFFFFFFFFFFFFFFFFF00FFFF6C
:10436000FFFFFFFFFFFFFF8FFFFFFF00FFFFFFFFCC
:10437000FFFFFFFFFF0000000000FFFFFFFFFFFF48
:10438000FFFFFF0000000000FFFFFFFFFFFFFFFF38
:10439000FF0000000000FFFFFFFFFFFFFFFFFF0027
:1043A00000000000FFFFFFFFFFFFFFFFFF00000016
:1043B0000000FFFFFFFFFFFFFFFFFF000000000006
:1043C0008FFFFFFFFFFFFFFFF80000000000004E1F
:1043D000E4000000000000000000000000EFFE000C
:1043E0000000000000000000000000FFFF000000CF
:1043F000000000000000000048FFFF8300000000F4
:1044000000000000004DFFFFFFFFD3000000000090
:10441000000008FFFFFFFFFFFF800000000000001A
:104420008FFFFFFFFFFFFFF8000000000005FFFF08
:10443000FFFFFFFFFFFF40000000000EFFFFFFFF38
:10444000FFFFFFFFE0000000005FFFFFFFFFFFFF37
:10445000FFFFF500000000AFFFFFFFFFFFFFFFFFC2
:10446000FA00000000EFFFFFFFFFFFFFFFFFFD006E
:10447000000000FFFFFFFFFFFFFFFFFFFF00000046
:1044800000FFFFFFFFFFFFFFFFFFFF00000001FF36
:10449000FFFFFFFFFFFFFFFFFF10000002FFFFFF16
:1044A000FFFFFFFFFFFFFF20000005FFFFFFFFFFF3
:1044B000FFFFFFFFFF50000008FFFFFFFFFFFFFFB0
:1044C000FFFFFF8000000DFFFFFFFFFFFFFFFFFF6B
:1044D000FFD000003FFFFFFFFFFFFFFFFFFFFFF3E5
:1044E0000000AFFFFFFFFFFFFFFFFFFFFFFA000726
:1044F000FFFFFFFFFFFFFFFFFFFFFFFF705FFFFFFB
:10450000FFFFFFFFFFFFFFFFFFFFF5EFFFFFFFFFD5
:10451000FFFFFFFFFFFFFFFFFEDFFFFFFFFFFFFFCC
:10452000FFFFFFFFFFFFFE4EFFFFFFFFFFFFFFFF4D
:10453000FFFFFFFFE400000000000000000000009B
:10454000000000000000000000000000000000006B
:10455000000000000000FFFFFFFF0000000000005F
:1045600000000000BFFFFFFB000000000000000093
:1045700000002EFFFFE2000000000000000000002D
:1045800002BFFB20000000000008EFFFFFFFFFFF5D
:10459000FFFFFFFFFFFFFFFFFFFE808FFFFFFFFF1B
:1045A000FFFFFFFFFFFFFFFFFFFFFFFFF8EFFFFF32
:1045B000FFFFFFFFFFFFFFFFFFFFFFFFFFFFFEFF0C
:1045C000FFFFFFFFFFFFFFFFFFFFFFFFFFFFFFFFFB
:1045D000FFFFFF2002FF2002FF2002FF2002FF203A
:1045E00002FFFFFFFF0000FF0000FF0000FF0000D0
:1045F000FF0000FFFFFFFF0000FF0000FF0000FFC3
:104600000000FF0000FFFFFFFF2002FF2002FF204D
:1046100002FF2002FF2002FFFFFFFFFFFFFFFFFF5F
:10462000FFFFFFFFFFFFFFFFFFFFFFFFFFFFFFFF9A
:10463000FFFFFFFFFFFFFFFFFFFFFFFFFFFFFFFF8A
:10464000F2002FF2002FF2002FF2002FFFFFFFFFEA
:10465000FFFFF0000FF0000FF0000FF0000FFFFF62
:10466000FFFFFFFFF0000FF0000FF0000FF0000F52
:10467000FFFFFFFFFFFFF2002FF2002FF2002FF2EB
:10468000002FFFFFFFFFFFFFFFFFFFFFFFFFFFFF09
:10469000FFFFFFFFFFFFFFFFFFFFFFFFFFFFFFFF2A
:1046A000FFFFFFFFFFFFFFFFFFFFFF2002FF2000D4
:1046B000000000000002FF2002FFFFFFFF0000FFDC
:1046C0000000000000000000FF0000FFFFFFFF00EF
:1046D00000FF0000000000000000FF0000FFFFFFDF
:1046E000FF2002FF2000000000000002FF2002FF68
:1046F000FFFFFFFFFFFFFFFFFFFFFFFFFFFFFFFFCA
:10470000FFFFFFEFFFFFFFFFFFFFFFFFFFFFFFFFC9
:10471000FFFFFFFFFE8FFFFFFFFFFFFFFFFFFFFF1A
:10472000FFFFFFFFFFFFF808EFFFFFFFFFFFFFFFA7
:10473000FFFFFFFFFFFFFFFE800000000000000002
:104740000000000000000000000000000000000069
:1047500000000000000000029EE6000000000000D3
:104760000000000000000003BFFFFF600000000029
:104770000000000000000004CFFFFFFFE000000089
:104780000000000000000006DFFFFFFFFFE0000068
:104790000000000000000017EFFFFFFFFFFF900088
:1047A0000000000000000018FFFFFFFFFFFFFF20D8
:1047B000000000000000002AFFFFFFFFFFFFFFFADC
:1047C000000000000000004BFFFFFFFFFFFFFFFFA6
:1047D000F30000000000005CFFFFFFFFFFFFFFFF92
:1047E000FFC000000000006DFFFFFFFFFFFFFFFFA5
:1047F000FFFF40000000018EFFFFFFFFFFFFFFFFF4
:10480000FFFFFD000000029FFFFFFFFFFFFFFFFF14
:10481000FFFFFFF60000009FFFFFFFFFFFFFFFFF0E
:10482000FFFFFFFFE0000009FFFFFFFFFFFFFFFFAB
:10483000FFFFFFFFFF7000000FFFFFFFFFFFFFFF05
:10484000FFFFFFFFFFFF1000000FFFFFFFFFFFFF55
:10485000FFFFFFFFFFFFF800000009FFFFFFFFFF62
:10486000FFFFFFFFFFFFFFF1000000009FFFFFFFC2
:10487000FFFFFFFFFFFFFFFFA000000000000000A0
:104880000000000FFFFFFFFFFF20000000000000FE
:10489000000000000FFFFFFFFFFB00000000000012
:1048A00000000000000FFFFFFFFFF4000000000009
:1048B0000000000000000FFFFFFFFFC0000000002D
:1048C000000000000000000FFFFFFFFF500000008D
:1048D00000000000000000000FFFFFFFFD000000CF
:1048E0000000000000000000000FFFFFFFF60000C6
:1048F000000000000000000000000FFFFFFFE000CC
:1049000000000000000000000000000FFFFFFF801B
:104910000000000000000000000000000FFFFFFF8B
:10492000100000000000000000000000000FFFFF6A
:10493000F9000000000000000000000000000EFF71
:10494000FFF200000000000000000000000000086E
:10495000FFFF9000000000000000000000000000C9
:10496000008EE800000000000000000000000000D1
:1049700000000000000000000000008FFFFFFFFFAC
:10498000FFFF00F7000000FFFFFFFFFFFFFF00FF3A
:10499000800000FFFFFFFFFFFFFF00FFF80000FFA8
:1049A000FFFFFFFFFFFF00FFFF8000FFFFFFFFFF94
:1049B000FFFF00FFFFF800FFFFFFFFFFFFFF00FF0B
:1049C000FFFF80FFFFFFFFFFFFFF00FFFFFFF7FF7D
:1049D000FFFFFFFFFFFF00FFFFFFFFFFFFFFFFFFE6
:1049E000FFFF0000000000FFFFFFFFFFFFFF700060
:1049F000000000FFFFFFFFFFFFFFFFFFFFFFFFFFC4
:104A0000FFFFFFFFFFFFFFFFFFFFFFFFFFFFFFFFB6
:104A1000FFFFFFFFFFFFFFFFFFFFFFFFFFFFFFFFA6
:104A2000FFFFFFFFFFFFFFFFFFFFFFFFFFFFFFFF96
:104A3000FFFFFFFFFFFFFFFFFFFFFFFFFFFFFFFF86
:104A4000FFFFFFFFFFFFFFFFFFFFFFFFFFFFFFFF76
:104A5000FFFFFFFFFFFFFFFFFFFFFFFFFFFFFFFF66
:104A6000FFFFFFFFFFFFFFFFFFFFFFFFFFFFFFFF56
:104A7000FFFFFFFFFFFFFFFFFFFFFFFFFFFFFFFF46
:104A8000FFFFFFFFFFFFFFFFFFFFFFFFFFFFFFFF36
:104A9000FFFFFFFFFFFFFFFFFFFFFFFFFFFFFFFF26
:104AA000FFFFFFFFFFFFFFFFFFFFFFFFFFFFFFFF16
:104AB000FFFFFFFFFFFFFFFFFFFFFFFFFFFFFFFF06
:104AC000FFFFFFFFFFFFFFFFFFFFFFFFFFFFFFFFF6
:104AD000FFFFFFFFFFFFFFFFFFFFFFFFFFFFFFFFE6
:104AE000FFFFFFFFFFFFFFFFFFFFFFFFFFFFFF8F46
:104AF000FFFFFFFFFFFFFFFFFFFFF80000000000C8
:104B000000000000000000000000000000000000A5
:104B10000000000000047ADEFFFFEDA74000000067
:104B200000000000000000016BFFFFFFFFFFFFFF20
:104B3000FFB6100000000000000002AFFFFFFFFF03
:104B4000FFFFFFFFFFFFFA20000000000002BFFF91
:104B5000FFFFFFFFFFFFFFFFFFFFFFFB2000000045
:104B6000007FFFFFFFFFFFFFFFFFFFFFFFFFFFFFD4
:104B7000F70000002DFFFFFFFFFD964210012469A2
:104B8000DFFFFFFFFFD20004FFFFFFFFE820000070
:104B900000000000028EFFFFFFFF407FFFFFFFD5F8
:104BA000000000000000000000005DFFFFFFF7EFC5
:104BB000FFFFF70000000000000000000000007F81
:104BC000FFFFFE5FFFFD200000000000000000006E
:104BD00000000002DFFFF505FFA00000000037BD68
:104BE000EFFEDB73000000000AFF500046000000EB
:104BF000018EFFFFFFFFFFFFE810000000640000D0
:104C0000000000008FFFFFFFFFFFFFFFFFF8000025
:104C1000000000000000003DFFFFFFFFFFFFFFFF5F
:104C2000FFFFD30000000000000006FFFFFFFFFFB2
:104C3000FFFFFFFFFFFFFF600000000000000FFF0D
:104C4000FFFFFB73200237BFFFFFFFF000000000F3
:104C5000000006FFFFF92000000000029FFFFF6038
:104C6000000000000000007FFD20000000000000A8
:104C700003DFF700000000000000000680000000D5
:104C800000000000000860000000000000000000BC
:104C90000000000000000000000000000000000014
:104CA0000000000000000002BFFB20000000000028
:104CB00000000000000000000000002FFFFFF200D5
:104CC000000000000000000000000000000000BF25
:104CD000FFFFFB00000000000000000000000000DB
:104CE000000000FFFFFFFF000000000000000000C8
:104CF00000000000000000FFFFFFFF0000000000B8
:104D00000000000000000000000000BFFFFFFB00EB
:104D10000000000000000000000000000000002F64
:104D2000FFFFF20000000000000000000000000093
:104D300000000002BFFB200000000000000000088F
:104D4000EFFFFFFFFFFFFFFFFFFFFFFFFFFFFFFF83
:104D5000FE80008FFFFFFFFFFFFFFFFFFFFFFFFF52
:104D6000FFFFFFFFFFF800EFFFFFFFFFFFFFFFFF69
:104D7000FFFFFFFFFFFFFFFFFFFE00FFFFFFFFFF43
:104D8000FFFFFFFFFFFFFFFFFFFFFFFFFFFF00FF32
:104D9000FF00000000000000000000000000000014
:104DA000FFFFF8FFFF00000000000000000000000F
:104DB00000000000FFFFFFFFFF00FFFFFFFFFFFFFE
:104DC000FFFFFFFFFFFFFF00FFFFFFFFFF00FFFFF1
:104DD000FFFFFFFFFFFFFFFFFFFFFF00FFFFFFFFE2
:104DE000FF00FFFFFFFFFFFFFFFFFFFFFFFFFF00D1
:104DF00000FFFFFFFF00FFFFFFFFFFFFFFFFFFFFC1
:104E0000FFFFFF0000FFFFFFFF00FFFFFFFFFFFFAF
:104E1000FFFFFFFFFFFFFF0000FFFFFFFF00FFFF9F
:104E2000FFFFFFFFFFFFFFFFFFFFFF0000FFFFFF90
:104E3000FF00FFFFFFFFFFFFFFFFFFFFFFFFFF0080
:104E4000FFFFFFFFFF00FFFFFFFFFFFFFFFFFFFF71
:104E5000FFFFFF00FFFFFFFFFF000000000000005A
:104E60000000000000000000FFFFFFFFFF00000047
:104E7000000000000000000000000000FFFFF8FF3D
:104E8000FFFFFFFFFFFFFFFFFFFFFFFFFFFFFFFF32
:104E9000FFFF00EFFFFFFFFFFFFFFFFFFFFFFFFF31
:104EA000FFFFFFFFFFFE008FFFFFFFFFFFFFFFFF82
:104EB000FFFFFFFFFFFFFFFFFFF80008EFFFFFFF0F
:104EC000FFFFFFFFFFFFFFFFFFFFFFFFFE80000868
:104ED000EFFFFFFFFFFFFFFFFFFFFFFFFFFFFFFFF2
:104EE000FE80008FFFFFFFFFFFFFFFFFFFFFFFFFC1
:104EF000FFFFFFFFFFF800EFFFFFFFFFFFFFFFFFD8
:104F0000FFFFFFFFFFFFFFFFFFFE00FFFFFFFFFFB1
:104F1000FFFFFFFFFFFFFFFFFFFFFFFFFFFF00FFA0
:104F2000FF00000000000000000000000000000082
:104F3000FFFFF8FFFF00000000000000000000007D
:104F400000000000FFFFFFFFFF00FFFFFFFFFFFF6C
:104F5000FFFFFFFF00000000FFFFFFFFFF00FFFF5C
:104F6000FFFFFFFFFFFFFFFF00000000FFFFFFFF4D
:104F7000FF00FFFFFFFFFFFFFFFFFFFF000000003C
:104F800000FFFFFFFF00FFFFFFFFFFFFFFFFFFFF2F
:104F90000000000000FFFFFFFF00FFFFFFFFFFFF1B
:104FA000FFFFFFFF0000000000FFFFFFFF00FFFF0B
:104FB000FFFFFFFFFFFFFFFF0000000000FFFFFFFC
:104FC000FF00FFFFFFFFFFFFFFFFFFFF00000000EC
:104FD000FFFFFFFFFF00FFFFFFFFFFFFFFFFFFFFE0
:104FE00000000000FFFFFFFFFF00000000000000C6
:104FF0000000000000000000FFFFFFFFFF000000B6
:10500000000000000000000000000000FFFFF8FFAB
:10501000FFFFFFFFFFFFFFFFFFFFFFFFFFFFFFFFA0
:10502000FFFF00EFFFFFFFFFFFFFFFFFFFFFFFFF9F
:10503000FFFFFFFFFFFE008FFFFFFFFFFFFFFFFFF0
:10504000FFFFFFFFFFFFFFFFFFF80008EFFFFFFF7D
:10505000FFFFFFFFFFFFFFFFFFFFFFFFFE800008D6
:10506000EFFFFFFFFFFFFFFFFFFFFFFFFFFFFFFF60
:10507000FE80008FFFFFFFFFFFFFFFFFFFFFFFFF2F
:10508000FFFFFFFFFFF800EFFFFFFFFFFFFFFFFF46
:10509000FFFFFFFFFFFFFFFFFFFE00FFFFFFFFFF20
:1050A000FFFFFFFFFFFFFFFFFFFFFFFFFFFF00FF0F
:1050B000FF000000000000000000000000000000F1
:1050C000FFFFF8FFFF0000000000000000000000EC
:1050D00000000000FFFFFFFFFF00FFFFFFFFFFFFDB
:1050E000FF00000000000000FFFFFFFFFF00FFFFC8
:1050F000FFFFFFFFFF00000000000000FFFFFFFFB9
:10510000FF00FFFFFFFFFFFFFF00000000000000A7
:1051100000FFFFFFFF00FFFFFFFFFFFFFF0000009A
:105120000000000000FFFFFFFF00FFFFFFFFFFFF89
:10513000FF0000000000000000FFFFFFFF00FFFF76
:10514000FFFFFFFFFF0000000000000000FFFFFF67
:10515000FF00FFFFFFFFFFFFFF0000000000000057
:10516000FFFFFFFFFF00FFFFFFFFFFFFFF0000004B
:1051700000000000FFFFFFFFFF0000000000000034
:105180000000000000000000FFFFFFFFFF00000024
:10519000000000000000000000000000FFFFF8FF1A
:1051A000FFFFFFFFFFFFFFFFFFFFFFFFFFFFFFFF0F
:1051B000FFFF00EFFFFFFFFFFFFFFFFFFFFFFFFF0E
:1051C000FFFFFFFFFFFE008FFFFFFFFFFFFFFFFF5F
:1051D000FFFFFFFFFFFFFFFFFFF80008EFFFFFFFEC
:1051E000FFFFFFFFFFFFFFFFFFFFFFFFFE80000845
:1051F000EFFFFFFFFFFFFFFFFFFFFFFFFFFFFFFFCF
:10520000FE80008FFFFFFFFFFFFFFFFFFFFFFFFF9D
:10521000FFFFFFFFFFF800EFFFFFFFFFFFFFFFFFB4
:10522000FFFFFFFFFFFFFFFFFFFE00FFFFFFFFFF8E
:10523000FFFFFFFFFFFFFFFFFFFFFFFFFFFF00FF7D
:10524000FF0000000000000000000000000000005F
:10525000FFFFF8FFFF00000000000000000000005A
:1052600000000000FFFFFFFFFF00FFFFFFFF000047
:105270000000000000000000FFFFFFFFFF00FFFF35
:10528000FFFF00000000000000000000FFFFFFFF24
:10529000FF00FFFFFFFF0000000000000000000013
:1052A00000FFFFFFFF00FFFFFFFF00000000000006
:1052B0000000000000FFFFFFFF00FFFFFFFF0000F6
:1052C000000000000000000000FFFFFFFF00FFFFE4
:1052D000FFFF0000000000000000000000FFFFFFD3
:1052E000FF00FFFFFFFF00000000000000000000C3
:1052F000FFFFFFFFFF00FFFFFFFF000000000000B7
:1053000000000000FFFFFFFFFF00000000000000A2
:105310000000000000000000FFFFFFFFFF00000092
:10532000000000000000000000000000FFFFF8FF88
:10533000FFFFFFFFFFFFFFFFFFFFFFFFFFFFFFFF7D
:10534000FFFF00EFFFFFFFFFFFFFFFFFFFFFFFFF7C
:10535000FFFFFFFFFFFE008FFFFFFFFFFFFFFFFFCD
:10536000FFFFFFFFFFFFFFFFFFF80008EFFFFFFF5A
:10537000FFFFFFFFFFFFFFFFFFFFFFFFFE800008B3
:10538000EFFFFFFFFFFFFFFFFFFFFFFFFFFFFFFF3D
:10539000FE80008FFFFFFFFFFFFFFFFFFFFFFFFF0C
:1053A000FFFFFFFFFFF800EFFFFFFFFFFFFFFFFF23
:1053B000FFFFFFFFFFFFFFFFFFFE00FFFFFFFFFFFD
:1053C000FFFFFFFFFFFFFFFFFFFFFFFFFFFF00FFEC
:1053D000FF000000000000000000000000000000CE
:1053E000FFFFF8FFFF0000000000000000000000C9
:1053F00000000000FFFFFFFFFF00000000000000B2
:105400000000000000000000FFFFFFFFFF000000A1
:10541000000000000000000000000000FFFFFFFF90
:10542000FF0000000000000000000000000000007D
:1054300000FFFFFFFF000000000000000000000070
:105440000000000000FFFFFFFF0000000000000060
:10545000000000000000000000FFFFFFFF00000050
:1054600000000000000000000000000000FFFFFF3F
:10547000FF0000000000000000000000000000002D
:10548000FFFFFFFFFF000000000000000000000021
:1054900000000000FFFFFFFFFF0000000000000011
:1054A0000000000000000000FFFFFFFFFF00000001
:1054B000000000000000000000000000FFFFF8FFF7
:1054C000FFFFFFFFFFFFFFFFFFFFFFFFFFFFFFFFEC
:1054D000FFFF00EFFFFFFFFFFFFFFFFFFFFFFFFFEB
:1054E000FFFFFFFFFFFE008FFFFFFFFFFFFFFFFF3C
:1054F000FFFFFFFFFFFFFFFFFFF80008EFFFFFFFC9
:10550000FFFFFFFFFFFFFFFFFFFFFFFFFE80000029
:10551000000000000000000000000100000000008A
:1055200000000000000000000000000000007FFEFE
:10553000400000000000000000000000000000002B
:1055400000006FFFFF3000000000000000000000BE
:105550000000000005CEEFFFFFFA00000000000091
:10556000000000000000000007FFFFFFFFFFB00089
:1055700000000000000000000000000003FFB55B19
:10558000FFFFF70000000000000000000000000026
:1055900000BFC0001DFFFB00000000000000000075
:1055A00000000000003FF30000068500000000003E
:1055B0000000000005640000000BFB00000000007C
:1055C00000000000000000004EFFFD300003FF401F
:1055D00000000000000000007A1000003FFFFFFE06
:1055E0002000BFC000000000000000000AFF7000A3
:1055F0000BFFFFFFF9128FF5222222222222222204
:1056000022AFFFD300FFFFFFFFFFFFFFFFFFFFFF02
:10561000FFFFFFFFFFFFFFFFF90FFFFFFFFFFFFF90
:10562000FFFFFFFFFFFFFFFFFFFFFFFFFFA0BFFF29
:10563000FFFF92222224EFC22222222222222AFFCC
:10564000FD4003FFFFFFE200000004FF3000000008
:10565000000000AFF7000004EFFFD3000000000BD4
:10566000FB00000000000007A10000000056400001
:10567000000000003FF200000000000000000000F9
:10568000000000000000000000CFA0003AAAAA918C
:105690000000000000000000000000000004FF40C7
:1056A00008FFFFFF300000000000000000000000C5
:1056B00000000AFF76BFFFFFF300000000000000BB
:1056C000000000000000001DFFFFFFFFFF30000092
:1056D00000000000000000000000000008CCEFFF08
:1056E000FFF30000000000000000000000000000C8
:1056F000000008FFFFFF3000000000000000000075
:10570000000000000000007FFFFFF200000000002A
:105710000000000000000000000000000000000089
:1057200000000000000000048CDFFEDA61000000D1
:10573000000004DFFFFFFFFFFF90000000008FFF6D
:10574000FFFBFFFFFFFD1000000AFFFFFFF49FFFBC
:10575000FFFFD100007FFFFFFFF40AFFFFFFFA0009
:1057600001FFFFFFFFF400BFFFFFFF3007FFFFFF58
:10577000FFF4000CFFFFFF900DFFFFFFFFF400019F
:10578000DFFFFFE02FFFFFEFFFF405201DFFFFF31A
:105790006FFFFC19FFF406E202EFFFF79FFFF30033
:1057A0009FF406FE103FFFF9BFFFFE2009F406F844
:1057B00000AFFFFBDFFFFFE20094068009FFFFFD63
:1057C000EFFFFFFE200001007FFFFFFEFFFFFFFF56
:1057D000E2000005FFFFFFFFFFFFFFFFFE20004F7D
:1057E000FFFFFFFFFFFFFFFFFF60008FFFFFFFFFD7
:1057F000FFFFFFFFF700000AFFFFFFFFEFFFFFFFC4
:1058000070000000BFFFFFFEDFFFFFF70033042042
:105810000CFFFFFECFFFFF7003E406E200CFFFFCAA
:10582000AFFFF7003FF406FE101EFFFB7FFFF703FC
:10583000FFF406F8006FFFF83FFFFF9FFFF40680BC
:1058400006FFFFF50EFFFFFFFFF401006FFFFFF102
:1058500009FFFFFFFFF50006FFFFFFB002FFFFFF9C
:10586000FFF5006FFFFFFF50009FFFFFFFF506FFF2
:10587000FFFFFC00000CFFFFFFF56FFFFFFFF300D1
:105880000000AFFFFFFBFFFFFFFF5000000005DF40
:10589000FFFFFFFFFFC30000000000048CEFFFECE0
:1058A000830000000000000009FFFFFFFF900000E0
:1058B0000000000000004FFFFFFFFFF400000000A9
:1058C000CFFFFFFFFFFFFFFFFFFFFFFFFFFCFFFF1B
:1058D000FFFFFFFFFFFFFFFFFFFFFFFFFFFFFFFFD8
:1058E000FFFFFFFFFFFFFFFFFFFFCFFFFFFFFFFFF8
:1058F000FFFFFFFFFFFFFFFC0000000000000000B3
:105900000000000000000000000000000000000097
:105910000000000000FFFFFFFFFFFFFFFFFFFFFF92
:10592000FF0000FFFFFFFFFFFFFFFFFFFFFFFF0084
:1059300000FFFFFFFFFFFFFFFFFFFFFFFF0000FF74
:10594000FFFFFFFFFFFFFFFFFFFFFF0000FFFFF371
:105950003FFFF33FFFF33FFFFF0000FFFFF00FFFAC
:10596000F00FFFF00FFFFF0000FFFFF00FFFF00F41
:10597000FFF00FFFFF0000FFFFF00FFFF00FFFF041
:105980000FFFFF0000FFFFF00FFFF00FFFF00FFF12
:10599000FF0000FFFFF00FFFF00FFFF00FFFFF0011
:1059A00000FFFFF00FFFF00FFFF00FFFFF0000FF01
:1059B000FFF00FFFF00FFFF00FFFFF0000FFFFF001
:1059C0000FFFF00FFFF00FFFFF0000FFFFF00FFFD2
:1059D000F00FFFF00FFFFF0000FFFFF00FFFF00FD1
:1059E000FFF00FFFFF0000FFFFF00FFFF00FFFF0D1
:1059F0000FFFFF0000FFFFF00FFFF00FFFF00FFFA2
:105A0000FF0000FFFFF00FFFF00FFFF00FFFFF00A0
:105A100000FFFFF00FFFF00FFFF00FFFFF0000FF90
:105A2000FFF33FFFF33FFFF33FFFFF0000FFFFFFE8
:105A3000FFFFFFFFFFFFFFFFFF0000EFFFFFFFFF84
:105A4000FFFFFFFFFFFFFE00008FFFFFFFFFFFFFD5
:105A5000FFFFFFFFF8000008EFFFFFFFFFFFFFFF62
:105A6000FFFE8000000000000000000000000000B9
:105A70006DFA1000000000000000000000000000AF
:105A80008FFFFE200000000000000000000000006A
:105A90008FFFFFFE2000000000000000000000005B
:105AA0008FFFFFFFFE20000000000000000000004C
:105AB0003FFFFFFFFFFE100000000000000000009D
:105AC000006FFFFFFFFFFA00000000000000000071
:105AD0008C106FFFFFFFFFF00000000000000000CF
:105AE0008FFC106FFFFFFFFD0000000000000000B2
:105AF0008FFFFC106FFFFFFF600000000000000040
:105B00008FFFFFFC106FFFFF80000000000000000F
:105B10008FFFFFFFFC106FFF8000000000000000FF
:105B20008FFFFFFFFFFC106F8000000000000000EF
:105B30008FFFFFFFFFFFFC1030000000000000009F
:105B40008FFFFFFFFFFFFFFC0000000000000000D0
:105B50008FFFFFFFFFFFFFFF80000000000000003D
:105B60008FFFFFFFFFFFFFFF80000000000000002D
:105B70008FFFFFFFFFFFFFFF80000000000000001D
:105B80008FFFFFFFFFFFFFFF80000000000000000D
:105B90008FFFFFFFFFFFFFFF8000000000000000FD
:105BA0008FFFFFFFFFFFFFFF8000000000000000ED
:105BB0008FFFFFFFFFFFFFFF8000000000000000DD
:105BC0008FFFFFFFFFFFFFFF8000000000000000CD
:105BD0008FFFFFFFFFFFFFFF8000000000000000BD
:105BE0003FFFFFFFFFFFFFFF8000000000000000FD
:105BF00005FFFFFFFFFFFFFF800000000000000027
:105C0000007FFFFFFFFFFFFF80000000000000009B
:105C10000009FFFFFFFFFFFF800000000000000001
:105C20000000AFFFFFFFFFFF80000000000000004A
:105C300000000CFFFFFFFFFF8000000000000000DD
:105C4000000000EFFFFFFFFF8000000000000000E9
:105C50000000000FFFFFFFFF8000000000000000B9
:105C6000000000008FECA97530000000000000006B
:105C70000000000000000000000000000000000024
:105C8000000000000000000000003CFFFFFFFFFFDD
:105C9000FFFFFFFFFFFFFFFB200000000005FFFFED
:105CA000FFFFFFFFFFFFFFFFFFFFFFFFF20000000E
:105CB000005FFFFFFFFFFFFFFFFFFFFFFFFFFFFF93
:105CC000FB00000005FFFFFFFFFFFFFFFFFFFFFFDF
:105CD000FFFFFFFFFF0000005FFFFFFFFFFFFFFF71
:105CE000FFFFFFFFFFFFFFFFFF000005FFFFFFFFBC
:105CF000FFFF80AFFFFFFA08FFFFFFFFFF00005F1D
:105D0000FFFFFFFFFFF8000AFFFFA0008FFFFFFF6C
:105D1000FF0005FFFFFFFFFFFFF00000AFFA0000EC
:105D20000FFFFFFFFF005FFFFFFFFFFFFFFA000015
:105D30000AA00000AFFFFFFFFF06FFFFFFFFFFFF0E
:105D4000FFFFA0000000000AFFFFFFFFFF5FFFFF53
:105D5000FFFFFFFFFFFFFA00000000AFFFFFFFFFA4
:105D6000FFEFFFFFFFFFFFFFFFFFFFA000000AFFA5
:105D7000FFFFFFFFFFEFFFFFFFFFFFFFFFFFFFA0A2
:105D800000000AFFFFFFFFFFFF5FFFFFFFFFFFFFB6
:105D9000FFFFFA00000000AFFFFFFFFFFF06FFFF5D
:105DA000FFFFFFFFFFFFA0000000000AFFFFFFFF53
:105DB000FF005FFFFFFFFFFFFFFA00000AA00000E7
:105DC000AFFFFFFFFF0005FFFFFFFFFFFFF0000039
:105DD000AFFA00000FFFFFFFFF00005FFFFFFFFFB4
:105DE000FFF8000AFFFFA0008FFFFFFFFF00000584
:105DF000FFFFFFFFFFFF80AFFFFFFA08FFFFFFFF7E
:105E0000FF0000005FFFFFFFFFFFFFFFFFFFFFFF3F
:105E1000FFFFFFFFFF00000005FFFFFFFFFFFFFF89
:105E2000FFFFFFFFFFFFFFFFFF000000005FFFFF1E
:105E3000FFFFFFFFFFFFFFFFFFFFFFFFFB00000073
:105E40000005FFFFFFFFFFFFFFFFFFFFFFFFFFFF5B
:105E5000F200000000003CFFFFFFFFFFFFFFFFFF1D
:105E6000FFFFFFFB2000000008FFFFFFFFFFFFFA1E
:105E7000200000008FFFFFFFFFFFFFFFE200000890
:105E8000FFFFFFFFFFFFFFFFFA00008FFFFFFFFF95
:105E9000FFFFFFFFFF0008FFF000FF000FF000FF13
:105EA000FF008FFFF000FF000FF000FFFF08FFFF73
:105EB000F000FF000FF000FFFF8FFFFFF000FF007A
:105EC0000FF000FFFFFFFFFFF000FF000FF000FFEB
:105ED000FFFFFFFFF000FF000FF000FFFFFFFFFFDD
:105EE000FFFFFFFFFFFFFFFFFFFFFFFFFFFFFFFFC2
:105EF000FFFFFFFFFFFFFFFFFFFFFFFFFFFFFFFFB2
:105F0000FFFFFFFFFFFFFFFFFFFFFFFFFFFFFFFFA1
:105F1000FFFFFFFFFFFFFFFFFFFFFFFFFFFFFFFF91
:105F2000FFFFFFFFFFFFFFFFFFFFFFFFFFFFFFFF81
:105F3000FFFFFFFFFFFFFFFFFFFFFFFFFFFFFFFF71
:105F4000FFFFFFFFFFFFFFFFFFFFFFFFFFFFFFFF61
:105F5000FFFFFFFFFFFFFFFFFFFFFFFFFFFFFFFF51
:105F6000FFFFFFFFFFFFFFFFFFFFFFFFFFFFFFFF41
:105F7000FFFFFFFFFFFFFFFFFFFFFFFFFFFFFFFF31
:105F8000FFFFFFFFFFFFFFFFFFFFFFFFFFFFFFFF21
:105F9000FFFFFFFFFFFFFFFFFFFFFFFFFFFFFFFF11
:105FA000FFFFFFFFFFFFFFFFFFFFFFFFFFFFFFFF01
:105FB000FFFFFFFFFFFFFFFFFFFFFFFFFFFFFFFFF1
:105FC000FFAFFFFFFFFFFFFFFFFFFFFFFA2EFFFF07
:105FD000FFFFFFFFFFFFFFFFE202AFFFFFFFFFFF3B
:105FE000FFFFFFFA2000000000000000000000009A
:105FF00000000000000000000000000000000000A1
:106000000000000006E000000000000000000000AA
:106010000000000006FF100000000000000000006B
:106020000000000006FFF10000000000000000007A
:106030000000000006FFFF100000008F900000002D
:106040000000000000EFFFF10000009FFF000000D3
:1060500000000000000EFFFF100000AFFFF1000085
:10606000000000000000EFFFF10000BFFFFF100084
:106070000000000000000EFFFF1001CFFFFFF10045
:1060800000000000000000EFFFF101DFFFFFFF88CC
:10609000888888888888888FFFFF12DFFFFFFFFFCE
:1060A000FFFFFFFFFFFFFFFFFFFFF1CFFFFFFFFF3E
:1060B000FFFFFFFFFFFFFFFFFFFFFF1CFFFFFFFFD3
:1060C000FFFFFFFFFFFFFFFFFFFFFFF12EFFFFFFBF
:1060D000FFFFFFFFFFFFFFFFFFFFFFFE001DFFFFB2
:1060E000FFF88888888888888888888720001CFF2F
:1060F000FFFF100000000000000000000000000B87
:10610000FFFFF100000000000000000000000000A0
:106110000AFFFF1000000000000000000000000067
:106120000009FFF000000000000000000000000077
:10613000000008F90000000000000000000000005E
:10614000506103002C6D0300906C03003C30000094
:10615000000000000000000000000000010000003E
:10616000000100000000000000000000000000002E
:10617000000000000000000000000000000000001F
:1061800000060003FD00000000F9F801060302FB11
:1061900001060005010400000000000000000000EE
:1061A000000801FF000000000000000000000000E7
:1061B00000FC0000000000FD02030000FF00FF01E2
:1061C00000FF00FFFFFD00000000FF0000FEFE00DA
:1061D00000FF00FD000000000000000000FFFF00C5
:1061E00000FD00F10000FD0003040000FD010104BA
:1061F00003FE030000F900000000000000000000A2
:1062000000FB000000000000000000000000000093
:10621000FEFA00FBFF00000000000500FCFF00008C
:1062200000FE0000FFF7000000000000000000007A
:1062300000F6FF0500000000000000000000000064
:10624000000000000000000000000400010000FD4C
:10625000000000000000000000000000000000003E
:106260000005010000000000000000000000000028
:10627000000000000000000000000000000000001E
:1062800000000000000000000000FB000000000013
:1062900000000000000000000000000000000000FE
:1062A00001030104FF000003FFFCEE01030300FEF5
:1062B00000050004000400F400FE040004FF0301D4
:1062C000000000FF0000FE0A000A000400050202B0
:1062D000000000FB0000000000FF0001FEFEFD01C9
:1062E00000FF000000FB00000000000000000000B4
:1062F00000F80000000000000000000000000000A6
:1063000000F900F800000000FF000DFEFE0101FF93
:1063100000FE010000F90000000000000000000085
:1063200000F4000100000000000000000000000078
:1063300000080000FB000400F7F4F7FD040000F77C
:106340000002FD00FE000000000000000000000050
:10635000000304F000000000000000000000000046
:10636000000100000000000101FEFD000000FF0030
:1063700000FF000000FD00FF00FDFD00FDFCFCFE35
:1063800000FD00FD00000000FF0000010001FF0013
:1063900000000001FF000000FF010100000000FEFE
:1063A00000000000000000000002FF00FE00FE00F0
:1063B00000FF00040000FF00000000000000FFFFDD
:1063C00000FF00FF000000000000000000FFFF00D1
:1063D000FFFE0000000000000000FF00FFFFFF00C4
:1063E0000000000000000000FF00000000FFFE00B1
:1063F00000FCFFFC030000FD01030300FD00FE00A4
:1064000000FA01FF01F901000000F900F9FFF5FFB2
:1064100000FA0003040002000000000000FEFE007D
:10642000000000FF000000FF0000000000FFFF0070
:10643000FFFE00000000000000FFFF00FFFEFF0065
:1064400000FF0000000000000000000000FFFF004F
:1064500000FF00FD010000FE01010100000000003E
:1064600000FF0000000000010000FF00FFFFFE0031
:106470000000000000000100FF00000000FFFE001F
:106480000004FF00FC000003FAF9FBFD0100FFF827
:10649000FE00FE00FD02FEF800FD0000010001FF0D
:1064A000000100FCFB00FAFDFDFDFCFEFD00FEFD11
:1064B000000000FF000000010001000000000000DB
:1064C0000000000000FF00FF0000FF00FEFDFD00D7
:1064D00000FC000000000000FF0000000001FF00C1
:1064E00000010000000000000000060000000000A5
:1064F0000001000000FF000000000000000000009C
:1065000000FE00010000000000000000000000008C
:10651000FF000000FE00000000FAFC000000FEFA90
:106520000000FF0100FD000000000000000000006E
:10653000FE0000FE0000000000000000000000005F
:1065400000FE00000000020001FDFD00FFFFFE0054
:106550000000000000FC00FF00FEFF00FDFDFCFF4E
:1065600000FD00FC000000000A0000010000FE0029
:1065700000FA0000000000F4FE0404FFFB0001FE2E
:1065800000FAFFFE01F7FF020002FCFEFBFCFB002D
:1065900000F800070000FF000000FFFFFFFDFC0007
:1065A00000000000000000000000000000000000EB
:1065B00000000000000000000000FF00FFFFFE00E0
:1065C00000FD00FF000000000000000000000000CF
:1065D00000000000FD000003000200FD01FF00FDBF
:1065E000FF00FEFFFF00FEFE0000FF00FFFEFE00BA
:1065F00000FF0001FF00FD000000FD00FE00FEFEA8
:106600000000000000000000FD0100FE00FFFEFC95
:10661000FFFFFF00FFFE000000000000FFFFFF0083
:1066200000000002FF00FF000000FFFEFFFFFEFF72
:1066300001050000FD00FF0300FFFBFE020000FA61
:10664000FE01FE0100FFFFFC00FE010000FE000055
:10665000000101FDFE00FEFFFEFFFF00FE01FEFE49
:106660000000000000000000000100000000000029
:10667000000000000000000000000000000000001A
:1066800000FE00000000000000000000000000000C
:1066900000000000000000000000000000000000FA
:1066A000000000000000000000000000FF000000EB
:1066B00000000000000000000000000000000000DA
:1066C000000000000000000000FFFF0000000000CC
:1066D00000000000000000FE0000FE0000FFFF00C0
:1066E000000000FF00000000FF0000000000FF00AD
:1066F0000000FE00FD000000FC0001FD0300FFFAA9
:106700000000FDFF00FBFDFC0000FAFFFBFBFA00B0
:10671000FD000109FE00FDFF00FFFEFDFEFBFBFD8D
:106720000000FF00000000F7FF0403FDFB0000FC79
:1067300000FAFFFF03F4FE000000F8FEF9FFF70087
:1067400000F700080000FF00000000FFFFFBFF0053
:1067500000000000FC00FF0000FCFA0000FFFEFC4F
:10676000FF00FF00000000FAFFFCFCFFFEFDFFFE43
:1067700000FDFFFCFE00FEFEFFFE000100FFFC002E
:1067800000FE00000000020001FD0500FFFFFE000A
:106790000000000000FC00FF00FEFF00FDFDFCFF0C
:1067A00000FD0105000000000A0000010000FE00DD
:1067B0000000000000000000000000000000FFFDDD
:1067C0000000000000FF000000FFFF0000FDFF00D0
:1067D00000FD0002FF0000000000000100000000BA
:1067E0000301FF00FCFE0004FCFCFDFD050201F5B9
:1067F000FF03FF00FF01FFFC00FF01FEFFFCFF00A5
:1068000000040300FC00F9FE04FEFB00FEFCFCFF9C
:106810000100FE00FD000104FDFBFBFD040000F78C
:10682000FF01FEFFFD00FDFBFEFEFF0000FDFDFF82
:10683000000403FFF900F9FE00FCF900FCFEFCFC7B
:106840000000FE00FDFF00FFFE0002FC010000F959
:1068500000FFFDFEFFFCFDFCFD00FCFFFDFEFCFF5C
:1068600000000006FE00FCFF00FFFDFDFDFCFBFE3E
:106870000300FE00FAFE0103FCFBFDFC04FF01F433
:10688000FE03FDFEFB00FCFBFEFFFFFFFDFC000026
:10689000000404FFF800F8FD03FBF7FDFCFBFAFC25
:1068A00000000000FE000001FE0301FE030000FCEA
:1068B000000000000000FF000000000000FF0000DA
:1068C000000001040000FE00000000FFFFFE0000C9
:1068D0000001000000000100FF000500020000FEB2
:1068E00000030000000100000000000000000000A4
:1068F0000004000400000000000000000000000090
:1069000000F800FF02000400000D02FDFD0101FF80
:1069100000FA000006F8000000000000000000007F
:1069200000F7051200000000000000000000000059
:106930000000000000000000000000000000000057
:1069400000000000000000000000FE0000FEFF004C
:106950000000000000000000000000000000000037
:1069600000FF00FD00000000000111FDFF0403FD19
:106970000100000101FE0000000000000000000016
:1069800000EF040000000000000000000000000014
:10699000000000FC000000FD00000000FDFF000002
:1069A00000FD00FE00FA00000000000000000000F2
:1069B00000F70000000000000000000000FF0000E1
:1069C00000FE00FD000000FE01FE0000FDFFFD00D6
:1069D00000FD00FF00FA00FF0000F6FEFBFFFB00D9
:1069E00000F700FDFF0000000000000000FEFEFFB9
:1069F00000000000FD00FD02FF0300FFFDFFFEFEA2
:106A000000FEFFFF01FD00000000F5FFFE00FD009D
:106A1000FFFAFF0000FFFF000000000100FFFEFF83
:106A20000000000000000000000000000000000066
:106A30000000000000000000000000000000000056
:106A40000000000000000000000000020000000044
:106A500000FD00FF000000FD01000000FDFFFD0043
:106A600000FC00FF00FA00000000F400FDFBFA004B
:106A700000F700FFFE0000000000000000FFFEFF26
:106A800000000002FE000406FFFFFC02060203FDF8
:106A900002050204030300000000000000000000E3
:106AA000000806FEFF00FF0A060A000000010000C1
:106AB0000000FE000000000000000000FF000000D9
:106AC00000000000000200000000F5FEFFFBFA00DD
:106AD00000F70000000000000000000000000000BF
:106AE0000000FE000000000000000000FF000000A9
:106AF00000000000000200000000F5FEFFFBFA00AD
:106B000000FB00000000000000000000000000008A
:106B100000000000FF000000FD0100FF010201FC79
:106B20000000FF01000100000000FD00FFFFFD006C
:106B3000FFFB0008FF00FDFF00FFFE00FFFCFDFE65
:106B40000000FE000000000000000000FF00000048
:106B500000000000000200000000F5FEFFFBFA004C
:106B600000F7000000000000060000000000000028
:106B70000000FE00FCFEFF04FFFFFB00FF00FFFD26
:106B8000000300010001FDFBFE00FBFEFDFBFB001E
:106B9000FEFDFEFEFFFFFEFF00FF00020002FF0001
:106BA000000000000000000000000000FFFFFF00E8
:106BB00000FD00FF00FE00000000000000000000DB
:106BC00000F80000000000000000000000FFFF00CF
:106BD00000000000FF0000FEFF0100FEFEFF00FCC1
:106BE000FFFDFFFE00FE00000000000000000000AE
:106BF00000F700040000FE00000000FE00FF00009F
:106C00000000FF00FD000005FEFCFC01010100FC8E
:106C1000010201040104FFFD0000FB0000FCFD0077
:106C200000FD00FEFE00FE00FE00FF0200FFFCFF74
:106C30000000FF00FD000002FD0001FF010000FC5C
:106C400000FF0000FF01FF000000FBFEFD00FC0054
:106C500000FA0005FF00FE000100FF00FFFC00FF3E
:106C600000000000FF000001FE000000FEFF00FE2B
:106C70000000000000000000000000000000000014
:106C800000F800030000FF000000000000FFFF000C
:106C900000000102000304050206070809090A0BA7
:106CA0000C0D0E0F10110C12131415150000001608
:106CB000171819171919191719191A19191919174C
:106CC000191719031B1C1D1D1E1F20212223002420
:106CD000002526272727002726282926262A2A278F
:106CE0002A272A2B2C2D2E2E2F2E30000023090090
:106CF0000000000000000000000000000000000094
:106D00000000000000000000000000000000000083
:106D10000000000000000000000000000000000073
:106D20000000000000000000000000000000010260
:106D3000000304050206070809090A0B0C000D0EE2
:106D40000F101112130C1414000000151617181947
:106D5000161A1B1C1D1D1E1F201D1D16212223037C
:106D6000241E2525262728292A2B002C002D2E2FEE
:106D7000303132332D343435302D2D2E2E363738F8
:106D800039333A3A3B3A3C29000009000000000040
:106D900000000000000000000000000000000000F3
:106DA00000000000000000000000000000000000E3
:106DB00000000000000000000000000000000000D3
:106DC0000000000000000000200000000C00010096
:106DD0000000000000000000000002002D00000084
:106DE00052000D0000000000000000000000020042
:106DF00001F00000A2085F00046E03000000000024
:106E00003C000300000007000A000B000C0010000B
:106E10001200140018001B00200025002600270087
:106E20003D00420047004A004B004C00500051001A
:106E300052005300660067006D006F007000730021
:106E40007600770078007A0092009400C300C400B6
:106E5000C600C800DF00E600E900F2001B012301C4
:106E60005A01EA013F024002410242024302860205
:106E70009202EC0203035905C107A10800000000BB
:106E800000000000000020020000000000002002BE
:106E90000205000005002003030300020A00A0050C
:106EA000060500001900F004050700FF2B00C006CE
:106EB000070500003D008005060600FF4F00B001F9
:106EC000020300025200B002030700FF5D00B0029F
:106ED000020700FF64003003040300036A00A004FB
:106EE0000504000174001003030100027600D001C4
:106EF000020200007800D0020507FFFF8A0050055B
:106F0000050500009700F002030500009F009004B3
:106F100005050000AC00900405050000B9006005FF
:106F200006050000C800900405050000D500F00427
:106F300005050000E200D00405050000EF00200573
:106F400005050000FC00F004050500000901D00162
:106F5000020400000D01D001020600FE1301A0048E
:106F6000050500002001A004050300012801A0047C
:106F700005050000350190040505000042014008A8
:106F8000080600FF5A01E0050705FF006C01100626
:106F9000060500007B01D005060500008A01A00659
:106FA000070500009C01600505050000A90110050A
:106FB00005050000B601300606050000C501800683
:106FC00006050000D401800202050000D90120045A
:106FD0000505FF00E601C00506050000F501C00437
:106FE000050500000202A007070500001402800644
:106FF000060500002302C006070500003502C00593
:10700000060500004402C006070600FF5902D0052D
:10701000060500006802F004050500007502B004D2
:107020000505000082025006060500009102B00529
:107030000705FF00A302000909050000BA02600568
:1070400006050000C90230050705FF00DB02400508
:1070500006050000EA02B002030700FFF502D002B5
:107060000507FFFF0703B002020700FF0E03B0048D
:107070000503000116030004040100FF1803D004F7
:10708000030100051A03D004050400002403700561
:107090000606000036039004050400004003700556
:1070A000050600004F03E004050400005903D00268
:1070B0000406000065038005050500FF72037005E6
:1070C000050600008103400202060000870340021B
:1070D0000307FFFF9203F00405060000A10340022E
:1070E00002060000A703700808040000B70370053B
:1070F00005040000C103100505040000CB03700562
:10710000060500FFDA037005050500FFE7034003ED
:1071100004040000EF03000404040000F70350031C
:107120000405000001047005050400000B04800440
:107130000604FF0017043007080400002704700449
:1071400005040000310480040605FFFF40043004FC
:10715000040400004804D002030700FF5304600247
:10716000020700FF5A04D002030700FF6504A004D1
:10717000050200026A040008080900FF8E040008E6
:1071800008060000A6040008080800FFC60400085E
:1071900008060000DE04800506060000F004000872
:1071A000080800FF10050008080800FF3005000966
:1071B000090800FF54050008080800FF74050009CD
:1071C000090600008F050008080A00FEB705000444
:1071D000040700FFC5050006060700FFDA050009E1
:1071E000090800FFFE0500080806000016068005D5
:1071F000060800FF2E060007050801FF42060007EB
:10720000070A00FE65060007070800FF8106000761
:10721000070800FF9D060007050801FFB1060007EB
:107220000908FFFFD5060005050800FFE90600056F
:10723000050800FFFD060007070800FF1907000703
:107240000702000220070009090600003B07000AA8
:107250000B08FFFF670700090B08FFFF93070008F3
:10726000080800FFB307000707060000C80700076B
:1072700007060000DD07000A0B07FFFF04080008EF
:10728000080600001C080008080800FF3C08000869
:107290000909FFFF65080007080800FF85080007C7
:1072A000070800FFA1080007070800FFBD08000746
:1072B000070800FFD908000808060000F1080005CB
:1072C0000708FFFF0D090007070800FF290900074D
:1072D000070800FF450900090906000060090008C9
:1072E0000A0AFFFE92090006060800FFAA09000A22
:1072F0000A0800FFD209000A0A060000F009000A85
:107300000A0600000E0A000A0A0600002C0A000AFB
:107310000A0600004A0A000A0A060000680A000A73
:107320000B0800FF940A0007070800FFB00A0007D7
:10733000070800FFCC0A00080909FFFEF50A000A49
:107340000A060000130B0006070800FF2F0B1008A9
:107350000906000058574623467397290000045237
:10736000604B9BA30807206C8C81090900008002F8
:10737000BDA27680008D81008495ADB30080005859
:1073800070630808360027586710082726062088EB
:10739000200999000B3A0019C220831AA03A999249
:1073A0000000007272000820B01A03801A00B008B2
:1073B0002073190B0C0B197348406E8015100020B8
:1073C000000A0049D9100A005A600074000A00023D
:1073D000800082000A0004600091001900000ABBCE
:1073E00026601B9300C6601B0ABB209E20A20A20B9
:1073F000A20A206AB90000C000580087009EAA3087
:107400007ABE000A2004A90000A28AA9000049004F
:1074100003A0001B08208BADB20009303DAA056017
:10742000005BA80000937AAA0009AA367000989A17
:1074300026802A099A40CAAD6700C00067000C0088
:107440000670001AAB2560481DAD38401B3A9A40C3
:107450004A990B10953A998000953AB8007400004B
:107460007474000075620000010049805C300016F1
:1074700091000000499910000049991010000398EC
:1074800020006D1494000000006AB90000C000A440
:1074900000030002800003877850284A9C7580B062
:1074A0000A2880B00A28284999A603887500000B8D
:1074B0009000038A1000B139004D99D10B10039050
:1074C0002D99B12A00842D9AD12A00392D99B4071B
:1074D000BAA259000093000059000007BAA22EABCF
:1074E000B302A001C02A000922A001C02EABB30044
:1074F0002EAA82A0002DAA42A0002EAA902EAA8217
:10750000A0002EAA42A0002A000007BAA25900003B
:1075100093002359004707BAA32A002A2A002A2EDB
:10752000AABA2A002A2A002A2A2A2A2A2A05AD507B
:107530000075000750008409AB002A01A22A1B2015
:107540002CC7002D19502A00A42A0002A0002A00EE
:1075500002A0002EAA702C0003C2D700BC2992847E
:10756000C291B90C290300C02D102A2CB02A2A4B35
:107570002A2A05CA2A007A07BBB3059001C19300E5
:1075800008459001C107BBB3002EAA902A00842AA7
:1075900000A32EAA602A000007BBB3059001C19387
:1075A0000008459000C107BBB3000039932EAA9094
:1075B0002A00842A00A32DAC802A01A12AAA2760D0
:1075C0000008981000495AAA30AAEA600C0000C0CE
:1075D000000C0000C0003900483900483900481C40
:1075E000006606BAA00B1005704900B000C1570034
:1075F000049C00000C70009400F10393A069709348
:107600000C0B0B0B007980897001F202F10058021B
:10761000A0087B1000F5000A4B107602B00A200B80
:10762000001B0930005B800000D000000C00006AE5
:10763000ACD0001B1000B2000B30008DAAA02D4270
:10764000902902902902902D40190000A0000550B9
:10765000000A000091000370000A008C0C0C0C0C56
:107660000C8C03C000945027090077770660299896
:107670000298D0840C13B9D14800004800004CABEC
:10768000504A00C04A00C04CAA501AAA18400084B0
:107690000001AAA10000B0000B1AAAB9403B940255
:1076A000B1A99B1999199886850101AAB10AA02A46
:1076B000009D702900290029001A99B9401C9402E4
:1076C000C1AAAB189A3048000480004C9B44901B20
:1076D0004800C4800C3700484848480370000380C5
:1076E000380380386B404800048000480A449C30CE
:1076F0004D6A0480774848484848484C9B89B449BB
:1077000003B00B4802A00C4802A00C4C9B44901BF9
:107710004800C4800C1AAA18403A8403A1AAA14CBC
:10772000AB504A00C04A00C04CAA504800001AA9F9
:10773000B9403B9403B1AA9B0000B04BA04A00485B
:107740000048005B95873003797AA629009D70294F
:107750000029000B905701B5701B4803B0A99B0B83
:1077600000840570B000B750006D00B00E20A05529
:107770005982800AA0A82009806B00671B009B101B
:107780000AB20751B00B10830381A000AA30004A4F
:10779000000AB20059BB01B10B209C980A60C00CD2
:1077A00005B00C00C00A602828282828282897003F
:1077B000B00B00D30B00B0970029351506800000F0
:1077C0000000000026BE008DFFFF00FFE95F00F310
:1077D000000F00F0000F00F00AFFAFF00AFAAFA0B0
:1077E0000000BDCCCEAB8B000758CD666AACCD6631
:1077F0006AAC8B000758BDCCCEAB34144443FF7F3A
:10780000FFFFAB4BBBBABC5CCCCBFF7FFFFF671766
:107810008886FF7FFFFFAB4BBBBA0000009A0000D9
:1078200009FAA9009FA0AF99FA000AFFA0000099E9
:107830000000630082CF4AF41DFF600AFF30AF7D75
:10784000F3A601B3000C51001D7D6E708D0D65F126
:10785000C70D60E6D70620E69D0004F21EC78F80A4
:10786000019DC600000CC000188FF8818FFEEFF854
:107870002FE00EF22FE00EF28FFEEFF8188FF88156
:10788000000CC000000030220000AFAAA001DA6A9C
:10789000FA03E8BFB8E3B6DFFFD6B08FFBFF80087E
:1078A000FC0CF8005B808B50000FF000000FF00024
:1078B000000FF00007FFFF70009FF900787AA7879C
:1078C000FFFBBFFFFFFFFBBF05FFFFF501E3000369
:1078D000E1A8000008AFFF606FFFFFFFFFFFFDFFA3
:1078E000FFFFFD0000000302BFFB3F2E9118FF9A2F
:1078F000006CFF3100244444420013FFC600B9FE6F
:10790000A55BD1F28CC81030000000000934CFFF15
:10791000FFFFFFABFF004F000100090034CF01FF64
:10792000FF1BFFFF1BBBFF01004F00000100000019
:10793000005400009023B334CF02C3BFFFF1B56CF5
:10794000FFFF1B56CABFF02C3A004F023B3000101D
:107950000540DFFFFFFDF07FFFFFF8CFB1BFFB5B0E
:10796000000FF000000FDFFFFFFD00B40003FB007D
:107970000BFF406FFFD0DFFFF5F8FFF7AA8FF21A79
:10798000FD4040002F208FF29FFFCFFFFFFFFF5EE3
:10799000FFF22EFB10190000000DA10000FFF70000
:1079A0000FFFFD40FFFFFFAFFFFFFAFFFFD40FFF08
:1079B0007000DA1000000000009B909B9FFF0FFFFB
:1079C000FFF0FFFFFF0FFFFFF0FFFFFF0FFFFFF0D4
:1079D000FFF24202422444442FFFFFFFFFFFFFFF5C
:1079E000FFFFFFFFFFFFFFFFFFFFFFFFFFF8BBBB36
:1079F000B820004F802FFF92FFFFCFFFFFFFFE5FF9
:107A0000FD22F9101B0000200000008F8000007F85
:107A1000FF70005FFFFF500EFFFFFE005888885088
:107A20000FFFFFFF00ABBBBBA000062007F407F56C
:107A300005F6001EB0002EB0002E600010260004D7
:107A4000F70005F70006F500BE10BE206E200010FE
:107A5000000004000003F300004F40078AFA87EF9C
:107A6000FFFFE004F400004F400001B10078888877
:107A70007EFFFFFE008CCC8001DD163DD1CF55EDA1
:107A80005FCBF5DFD5FC1DD373DD1008DCC8101DFE
:107A900030000000005E8CCCA200002DB449F40040
:107AA0007A1AFF3FE107FA06F7FF100AF303EF40E7
:107AB0000006CC71BB10000000008900003E3000C1
:107AC00000000CFC00000006FCF6000000ED0DE0DC
:107AD00000008FE0EF80002FFF6FFF200BFFE2EF31
:107AE000FA00DFFFFFFFD000000020440004F5EFA4
:107AF000B1CFFD018CD1C101DC81C1EFC1BFFD441B
:107B00000004F5000000200000000004E40004FC74
:107B1000F404F808F4B80008B00000000000000BFE
:107B200080008B4F808F404FCF40004E40000000C0
:107B300000009414444000BFF8BBBF1008B76000B9
:107B4000E1000B40001E2000B7445EFD5007BBB8AB
:107B50005F80000000002000DFFB0000FFFFFFFD52
:107B6000FFFFFFFFFFFFFFFFFFFFFFFFDFFFFFFD47
:107B700000099000009FF90007FFFF70000FF00060
:107B8000000FF000784FF487FFE88EFFFFFFFBBF88
:107B90000000000000000007EA000000EFE0000025
:107BA0000CFC0000004F7000001DE007DC4DF300EE
:107BB000EFFFE3000AEC70000003000000CDC02DD1
:107BC000C0E7F2EE204BFFE20004FFA000CDF9F980
:107BD00000E7E07F904A40045000FFF7474FFF471F
:107BE000F8FFFFFF8FFFFFF8FFFFFF8FFFFFFB781E
:107BF000887FFFFF002444410FBBBBE2F0000FDF92
:107C00004444FFFFFCFFFFF909FFFFD5DFF8BBBBD2
:107C1000B80111110FFFFFFF01111105555555CC8A
:107C2000CCCCC0111110FFFFFFF0111110DFFFFFCE
:107C3000FD9FFFFFF9B7FFFF7BFE7CC7EFFFFAAFA9
:107C4000FFDFFFFFFD07FF6000AFF2000CFF8700C2
:107C5000EFFFB0078EF20000F800003E0000065073
:107C60000079B9700FFCFF00FF68830FF8FF8BFFEE
:107C70008FF88FF8FFFF788FFFF007FFFF000D00F0
:107C8000004EFE300DFFFD00FFFFF03FFFFF3BFF0A
:107C9000FFFB7888886004F400DFFFFFFFDF1881B6
:107CA000881FFEAACAAEFFEAACAAEFF1800081FDF0
:107CB000FFFFFFFD00000000000000004BC00000BF
:107CC0005CFFB0006EFFFF400DFFFFFC000688CF99
:107CD000F50000008FE00000008F600000005D00F4
:107CE000000000000000FFF8B0FFF8FBFFFC88FF79
:107CF000FFFFFFFFFFFFFFFFFFFFFFFFFFFF00048E
:107D000077400009FFCCFF90CD400004DC204BFF02
:107D1000B40201FA55AF1000002100000000EE008F
:107D20000000008700002444444440FBBBBBBBDA96
:107D3000F7EEEEEE5FF8FFFFFF2FF5666666AB8BA2
:107D4000BBBBBBB32444444440FBBBBBBBDAF7EE34
:107D5000EE705FF8FFFF802FF5666654AB8BBBBB00
:107D6000BBB32444444440FBBBBBBBDAF7EEE000AA
:107D70005FF8FFF0002FF5666444AB8BBBBBBBB371
:107D80002444444440FBBBBBBBDAF7E700005FF888
:107D9000F800002FF5654444AB8BBBBBBBB3244458
:107DA000444440FBBBBBBBD8F00000005FF00000C8
:107DB000002FF4444444AD8BBBBBBBB300000000B8
:107DC00000000007D80000000736400009B19111FB
:107DD0001720EF88D888D9022006487000000006D6
:107DE000EC0000000000000006DDC304FF3ED09C54
:107DF000B55F2BF71AF4BF81BF39C964F24FF3DEC8
:107E0000006DED3078DFD8778888878FFFFF88CCCA
:107E10008CC88CC8CC88CC8CC88CC8CC85FFFFF5AE
:107E20000000007E3000004BFE00008F9B70008F32
:107E3000FF40008FFF80007FFF80000EFF8000006A
:107E4000EE700000000000000000AFFFFFFC0BFF21
:107E50009CC9FFAFFFC11CFFAFFFC11CFF0BFF9C04
:107E6000C9FF00AFFFFFFC07FFFE17B627C3FEB92F
:107E7000BE3FFFFFF3FFFFFF3FFFFFF3FFFFFF3CAE
:107E8000FFFFE10000000300230002F02E92225FBA
:107E90000DFFFFFFF02E92222100230000000000C2
:107EA0007B202274797065223A226572726F722289
:107EB0002C2264617461223A207B20226D616E75F0
:107EC000616C223A202231227D7D242400000000B2
:107ED00031303025000000004D454E5500000000B7
:107EE00053696C656E6365206D6F6465000000000A
:107EF000457363616C6174652064617461000000A6
:107F00004D616E75616C20416C61726D696E6700C8
:107F100044617461206D6F6E69746F72696E670081
:107F2000506F776572204F66660000006D73673A88
:107F300000000000436F6E6E6563742053746174BB
:107F4000653A000073656172636820616E640A635C
:107F50006F6E6E65637400006D73673A6875626575
:107F60006920777568616E206368696E6100000042
:107F70005765617261626C654761734465746563DE
:107F8000740A4465766963650000000054656D708D
:107F90003A00000052483A00507265733A000000FF
:107FA00032352E3132000000363025003130312E8E
:107FB00039396B5061000000476173523A0000008C
:107FC0004F323A0035250000434F323A000000009E
:107FD000323025003939394B000000004E4F323A1B
:107FE00000000000434F3A003070706D0000000048
:107FF0004C6F633A000000006E6F6E652E2E2E00EF
:108000005375622D6465766963650A436F6E6E65AC
:108010006374696F6E0000004E6574776F726B0A4F
:10802000436F6E6E656374696F6E00005265616CBC
:1080300074696D650A446174610A4D6F6E69746F8D
:1080400072696E67000000004465766963650A53D3
:10805000656C662D7465737400000000416C61727C
:108060006D0A53657474696E6773000064697363A5
:108070006F6E6E65637400006C765F626172000003
:10808000D0860000DE86000010870000F286000027
:10809000028700001E8700006C765F62746E00002D
:1080A000C88D0000A08E0000A08E0000A08E0000F1
:1080B0008A8F00008A8F00008A8F0000BC90000029
:1080C000BC900000BC9000007A9300006C765F6367
:1080D0006F6E7400AE94000094940000B49400009D
:1080E000AE94000056940000569400008494000062
:1080F0006C765F696D6700006C765F6C6162656CC1
:108100000000000054657874000000006C765F7019
:10811000616765006C765F7377697463680000005F
:108120006CC600006CC600008AC600006CC6000069
:108130006CC600006CC600006CC6000080C6000063
:1081400092C600005CC600005CC600009AC6000033
:108150008CC70000AEC70000CEC70000BEC700003D
:10816000AEC700009CC700009CC7000072C800009A
:10817000BEC800002AC80000F2C70000F2C8000014
:10818000A8EA0000FCEA000012EB00003AEB000055
:1081900048EB000058EB000088EB00009CEB00006F
:1081A000C4EB0000D8EB0000E4EB00000EEC000094
:1081B00020EC00002CEC000056EC000064EC000009
:1081C0006CEC00007CEC000086EC00008CEC000005
:1081D00092EC0000202C2E3B3A2D5F005E0C01003B
:1081E000180C0100280C01002C0C0100500C01009F
:1081F000500C0100500C0100300C01000C820300F7
:10820000588E0300BC8D03003D31000000010000CA
:108210000000000000010000020000000002000059
:10822000000000000000000000000000000001004D
:1082300000000000000000000000000000010A0033
:1082400006FB00000000F4F3020B0504F7020B012B
:1082500009020700000000000000000000000D02FD
:10826000FE0000000000000000000000000400F913
:108270000000000000FC04040000FE00FE0200FEFE
:1082800000FEFFFC00000000FE0000FDFD0000FEFF
:1082900000FC000000000000000000FEFE00FD00E9
:1082A000FA00E50000FC0004070000FC02020704DD
:1082B000FC040000F30000000000000000000000CB
:1082C000F80000000000000000000000000000FABC
:1082D000FDF500F7FE00000000000900F9FEFF01B7
:1082E00000FC0000FEEF00000000000000000000A5
:1082F00000EEFE0900000000000000000000000089
:10830000F70000000000000000000007000200006D
:10831000FC00000000000000000000000000000061
:108320000000090201000000000000000000000041
:10833000000000000000000000000000000000003D
:10834000000000000000000000000000F800000035
:10835000000000000000000000000000000000001D
:1083600000000002040207FE000004FEF9E102061C
:108370000400FD00080007000700EB00FD070007F0
:10838000FE0402000001FE0000FC120012000700C3
:1083900009030407000000F80000000001FE0002CD
:1083A000FCFDFC0200FE000000F7000000000000E1
:1083B0000000000000F100000000000000000000CC
:1083C000000000000001F400F200000000FE0016B2
:1083D000FDFD0202FE00FD020000F40000000000AE
:1083E000000000000000EA000200000000000000A1
:1083F0000000000000F2000D0000F8000700F1EAA4
:10840000F1FC070000F10003FB00FD00000000008C
:10841000000000000000000607E50000000000006A
:108420000000000000000B0002000000000002023B
:10843000FDFC00FFFFFE0000FE000000FC00FE004F
:10844000FBFC00FAF9F9FC00FC00FC00000000FE57
:108450000000020002FE000100000002FE00000019
:10846000FE0202FF000000FC00FF0000000000010F
:108470000003FE00FD00FC0000FE00070000FE00FF
:1084800000000000FF01FEFE0000FE00FE000000F4
:10849000000000000000FFFF00FEFD0000000000E3
:1084A000010000FE00FEFEFE0000000000000000D3
:1084B00000FF00000000FEFD00FD00F9FEF90400D1
:1084C00000FC02040600FAFFFD00FFF502FE02F4C4
:1084D00002000001F400F4FEEDFE00F500040600C9
:1084E00003000000000000FCFD00F9000000FE0099
:1084F0000000FE0000000000FFFF00FFFD00000084
:1085000000000000FEFE00FEFDFE0000FE00000078
:108510000000000000000000FEFE00FD00FE00FC68
:10852000020000FD010202000000000000FE000049
:10853000000000020000FE00FEFEFD000000000042
:1085400000000200FE00000000FEFD00FC0007FE2F
:1085500001F9000006F5F4F7FC0200FEF1FC00FC56
:1085600000FC03FCF200FA000001FF02FE00020022
:10857000F9F700F5FBFBFBF9FDFA00FCFA0100013D
:1085800000FE0000000200020000000000000000E9
:10859000000000FE00FF00FFFE00FCFBFBFF00F9F7
:1085A000000000000000FE0000000001FF000000CD
:1085B0000200000000000000000B000000000000AE
:1085C00002000000FE0000000000000000000000AB
:1085D000FC0002000000000000000000000000009D
:1085E000FE000000FC00000000F5F9000000FDF5B1
:1085F0000000FE0200FA0000000000000000000081
:10860000FC0000FC00000000000000000000000072
:108610000200FC00000000030002FCFC00FEFEFD66
:10862000000000000000F900FE00FDFE00FBFAF96A
:10863000FE00FC00F900000000120000010000FD37
:10864000000200F60000000000EBFC0707FEF70048
:1086500002FD00F5FFFD02F0FE030003F8FDF8F94E
:10866000F70000F3000D0000FF000000FFFFFEFA1E
:10867000F900EB0000000000000000000100000015
:1086800000000000000000000000000000FE00FFED
:10869000FEFD0000FC00FE000000000000000000E5
:1086A000000000000000FF00FC000004FF0300FBCE
:1086B00002FEFFFAFE00FDFEFE00FDFC0000FEFFD4
:1086C000FEFCFD0000FE0002FE00FB000000FC00BE
:1086D000FC00FCFC020000000000000000FC0200A6
:1086E000FD00FEFDF9FEFEFEFFFEFDFF00000000A6
:1086F00000FEFEFE0000000003FE00FE000000FE83
:10870000FDFEFEFDFE000209FF00FA00FE0400FE71
:10871000F7FD030000F5FC02FC0200FEFEF900FD7F
:10872000010000FC0000000202FCFC00FCFEFDFE5B
:10873000FE00FC01FCFC070000000000000000003F
:108740000200000000000000000000000000000027
:108750000000000000000000FC000000000000001D
:108760000000000000000000000000000000000009
:1087700000000000000000000000000000000000F9
:1087800000000000FE0000000000000000000000EB
:1087900000000000000000000000000000000000D9
:1087A0000000FEFE000000000000000000000000CD
:1087B000FD0000FD0000FEFE00000000FE000000C5
:1087C00000FF0000000000FE00000000FD00FC00B3
:1087D0000000F90002FB0400FEF50000FBFE00F7BC
:1087E000FAFA0000F6FEF7F7F500FA00020FFD00B6
:1087F000FBFEFFFEFCFAFCF8F7FBFE0000FE0001AA
:108800000000F0FE0705FBF80001F900F5FEFE048C
:10881000EBFD010000F1FDF4FEF00000F0000D01A1
:1088200000FE00000000FFFEF7FE00F10000000067
:10883000F900FE00FFFAF50000FFFDF9FE00FE0062
:10884000000000F6FEF9F9FEFCFAFEFC00FCFEF961
:10885000FD00FDFCFEFC000100FEF9000400FC0030
:10886000000000030002FC0900FEFEFD0000000005
:108870000000F900FE00FDFE00FBFAF9FE00FC021C
:108880000900000000120000010000FD00020000CD
:10889000000000000000000000000000FEFC0000DE
:1088A000000000FF000000FEFE0000FCFE0000FCD7
:1088B0000004FF00000000000001000000000304AD
:1088C00002FE00F9FC0007F9F9FCFC090402EDFEC8
:1088D00004FE00FE02FEF800FE02FDFEF9FE0000AE
:1088E000070400FA00F4FD06FDF701FDF9F9FE09A1
:1088F0000200FD00FA000207FBF8F7FA070001F09A
:10890000FE02FCFEFB00FBF8FDFDFE0000FBFBFE93
:10891000000705FEF400F4FD00F8F3FFF9FCF9FA96
:10892000060000FD00FCFE00FEFC0004F902000051
:10893000F400FEFBFCFEF9FAF9FB00F9FEFBFCF982
:10894000FE0000010BFC00F9FE00FEFCFBFAFAF74A
:10895000FDFC0400FD00F5FD0104F9F8FCF907FE3B
:1089600001EBFC04FBFCF800F9F7FDFEFEFEFBF951
:10897000FF00000706FEF100F3FB05F7F1FCF8F736
:10898000F5F90400000000FD000002FD0402FC04F3
:108990000000F9FF00FF000101FE000000000000E0
:1089A000FE0000000002070000FD00000000FEFEC7
:1089B000FD0000000102000000000200FE000900AE
:1089C000040101FD0004000000020000000000009E
:1089D000000000000007000600000000000000008A
:1089E000000000000000F300FE0400070000160372
:1089F000FCFC0202FE01F500000BF3000000000089
:108A0000000000000000F1091F000000000000004D
:108A10000000000000F30000000000000000000063
:108A20000000000000000000000000000000000046
:108A3000FC0000FCFE000000000000000000000040
:108A40000000000000000000FE00FA00000100002D
:108A5000021DFCFE0706FA0200000202FD000000F3
:108A60000000000000000000E3060000000000001D
:108A70000000000000000000000000FA000000FA02
:108A800000000000FBFF000000FB00FD00F50000FF
:108A9000000000000000000000F1000000000100E4
:108AA0000000000000FE0000FC00FD00FA000000D5
:108AB000FC02FD0000FAFEFB0000FA00FE00F500DB
:108AC000FE0000EEFCF7FEF80000F100FAFF0000E7
:108AD000000000000000FDFCFEFC00000000FB00A8
:108AE000FB03FE0400FEFBFEFCFC00FDFFFE02FAA1
:108AF000FF000000ECFEFD00FB00FEF5FE0000FEA6
:108B0000FE000000000200FEFCFE04000000000069
:108B10000000000000000000000000000000000055
:108B20000000000000000000000000000000000045
:108B300000000000000003000000000000FB00FE39
:108B4000000000FC02000000FAFEFC0000FA00FE3B
:108B500000F500000000EA00FCF8F50000F100FE5E
:108B6000FD0000000000000000FEFDFFFD01000010
:108B700004FD00070BFEFEF9030B0405FA030903CD
:108B800006050600000000000000000000000E0BBB
:108B9000FCFE00FE120A12000000020000080000A5
:108BA000FC000000000000000000FE0000000000CB
:108BB0000000000300000000EDFDFEF7F50000F1ED
:108BC00000000000000000000000000000000000A5
:108BD00000FC000000000000000000FE000000009B
:108BE000000000000300000000EDFDFEF7F50000AE
:108BF000F70000000000000000000000000000007E
:108C000000000000FE000000FB0200FE020402F96A
:108C10000000FE02000200000000FA00FEFEFC0060
:108C2000FEF7000EFE00FBFE00FEFC00FEFAFCFD5F
:108C3000000000FC000000000000000000FE00003A
:108C40000000000000000300000000EDFDFEF7F54D
:108C50000000F10000000000000B00000000000018
:108C600000000000FC00F9FDFE07FEFEF701FF0119
:108C7000FEFA000500020102FBF7FD00F7FCFAF71F
:108C8000F700FCFCFDFDFEFEFDFE00FEFF03000301
:108C9000FE0007000000000000000000000000FED1
:108CA000FEFE0000FA00FF00FC00000000000000D3
:108CB00000000000F30000000000000000000000C1
:108CC000FEFE00FD00000000FE0000FCFE0200FCB5
:108CD000FCFE00FAFEFBFEFD00FC000000000000B0
:108CE0000000000000F100070000FC00000000FD93
:108CF00000FE0000FF0000FE00FB000009FDF9F986
:108D000002020200FA020302070207FEFA0000F75D
:108D10000000F9FA0000FC00FDFC00FD00FD00FE73
:108D20000300FEF9FE080000FE00FC000003FB004B
:108D300002FE020000F900FEFF00FE02FE0000003D
:108D4000F7FDFB00F90000F50008FE00FC00010043
:108D5000FE00FEF900FE0200000000FE000002FD21
:108D6000010000FDFE00FD0000000000000000000A
:108D70000000000000000000F200050000FE0000FE
:108D800000000000FEFE00000004000500000000DE
:108D900000F2F3010A0704F70209000800040000CA
:108DA0000000000000000000000C000000000000B7
:108DB00000000000000000000000000000000102B0
:108DC0000003040502060708090A090A0B0C0D0E28
:108DD0000F10110C12131415150000001617181996
:108DE000171919191719191A1919191917191719FA
:108DF000031B1C1D1D1E1F202122230024002526CD
:108E0000272727002726282926262A2A272A272A0D
:108E10002B2C2D2E2E2F2E3000002309310900007F
:108E20000000000000000000000000000000000042
:108E30000000000000000000000000000000000032
:108E40000000000000000000000000000000000022
:108E50000000000000000000000001020003040503
:108E600002060708090A090A0B0C000D0E0F101163
:108E700012130C14140000001516171819161A1BDB
:108E80001C1D1D1E1F201D1D1621222303241E250F
:108E900025262728292A2B002C002D2E2F30313271
:108EA000332D343435302D2D2E2E36373839333A94
:108EB0003A3B3A3C290000093D090000000000004F
:108EC00000000000000000000000000000000000A2
:108ED0000000000000000000000000000000000092
:108EE0000000000000000000000000000000000082
:108EF00000000000200000005F00010000000000F2
:108F00000000000000000200B0000000F3F7600065
:108F10001C8F0300000000003B0003000000721FD4
:108F200051EF58EF5BEF5CEF5DEF61EF63EF65EFE3
:108F300069EF6CEF71EF76EF77EF78EF8EEF98EFE8
:108F40009BEF9CEF9DEFA1EFA2EFA3EFA4EFB7EF94
:108F5000B8EFBEEFC0EFC1EFC4EFC7EFC8EFC9EF86
:108F6000CBEFE3EFE5EF14F015F017F037F03AF040
:108F700043F06CF074F0ABF03BF190F191F192F1B1
:108F800093F194F1D7F1E3F13DF254F2AAF412F720
:108F9000F2F7000000000000000000000000C00325
:108FA000000000000000C003030A00000F0080055D
:108FB000050500051C00D0090A0A00004E00B00893
:108FC000090F00FE9200D00B0C0A0000CE00A00991
:108FD0000A0B00FF0501F002030500050D01B004B6
:108FE000040E01FD2901C004040E00FD4501A00589
:108FF0000606000557012008080700027301300328
:10900000030500FE7B0160050503000383013003B7
:10901000030300008801F004070EFFFFB9015009A7
:10902000090A0000E6013005040A0000FA011008F0
:10903000080A000022020008080A00004A0260092B
:109040000A0A00007C021008080A0000A402A00816
:10905000090A0000D1026008080A0000F9020009AC
:10906000090A00002603A008080A00004E03300386
:10907000030800005A033003030B00FD6B032008B4
:10908000080800018B03200808060002A30320083B
:1090900008080001C3030008080A0000EB03800E63
:1090A0000E0D00FD4604400A0C0AFF008204A00ACF
:1090B000090A0100AF04200A0A0A0000E104900B2B
:1090C0000A0A010013056009080A01003B05E008CF
:1090D000080A01006305D00A0A0A00009505600B22
:1090E000090A0100C2055004020A0100CC0530073C
:1090F000070AFF00EF05100A0A0A010021065008BE
:10910000080A01004906600D0B0A01008006600B89
:10911000090A0100AD06C00B0C0A0000E906200A8E
:10912000090A01001607C00B0C0D00FD6407300A88
:10913000090A01009107B008090A0000BE073008BB
:10914000090A0000EB07100B090A01001808F009D2
:109150000B0AFF004F08C00F100A00009F0870099B
:109160000A0A0000D10810090B0AFF00080930099B
:10917000090A00003509B004040E01FD5109F0048C
:10918000070EFFFF8209B004040E00FD9E0930089F
:1091900007060102B3090007070100FFB7096008CD
:1091A00005020109BC09600808080000DC099009F3
:1091B000080B0100080A000808080000280A9009A6
:1091C000090B00005A0A9008080800007A0AF00407
:1091D000060B00009B0AB009090B00FDCD0A90099F
:1091E000080B0100F90AE003020B0100040B000464
:1091F000050EFEFD270BA008080B0100530BE00332
:10920000020B01005E0BD00E0D080100920B9009BD
:1092100008080100B20BE00809080000D60B90090D
:10922000080B01FD020C9009090B00FD340CC00570
:1092300005080100480C000707080000640CD00571
:10924000060A0000820C800908080100A20CD00761
:109250000908FF00C60C900C0D080000FA0CC007AE
:10926000080800001A0DD007090BFFFD4C0D500730
:1092700007080000680DF004050E00FD8B0D30049A
:10928000020E01FD990DF004050E00FDBC0D200835
:1092900008030003C80DE00506050006D70D6004AD
:1092A00004030003DD0D000E0F0FFFFE4E0E000E37
:1092B0000E0B00009B0E000E0E0D00FFF60E000EB2
:1092C0000E0B0000430FA0090A0B00007A0F000EDE
:1092D0000E0F00FEE30F000E0E0F00FE4C10C00F2D
:1092E000100D00FFB410000E0E0F00FE1D11C00F78
:1092F000100B00007511000E0E0F00FEDE110007AE
:10930000070C00FF0812800A0B0C00FF4A12C00F66
:10931000100E00FEBA12000E0E0B00000713400CD8
:109320000A0E01FE4D13400C0D0F00FEAF13400C52
:109330000D0D00FF0414400C0D0D00FF5914400CDE
:109340000A0E01FE9F14400C0E0DFFFFFA14C00818
:10935000090D00FF3515C008090D00FF7015400C00
:109360000D0D00FFC515400C0D040003DF15C00FE7
:10937000100B000037168011120F00FEBE16C00F32
:10938000110FFFFE3E17000E0E0D00FF9917400C47
:109390000D080001CD17400C0D08000101188011C7
:1093A000120B00006418000E0E0B0000B118000E26
:1093B0000E0F00FE1A19000E0F0FFFFE8B19400C46
:1093C0000D0D00FFE019400C0D0F00FE421A400C7D
:1093D0000D0D00FF971AC0080A0FFFFEE21A400C9D
:1093E0000D0F00FE441B400C0D0F00FEA61BC00F0E
:1093F000100B0000FE1B000E100FFFFE761C800AF3
:109400000B0F00FEC91C8011120D00FF3E1D8011C4
:10941000120A0000981D8011120A0000F21D80112E
:10942000120A00004C1E8011120A0000A61E8011B4
:10943000120A0000001F8011120C00FF6C1F400C6C
:109440000C0F00FEC61F400C0D0F00FE2820000E62
:109450000F0FFFFE99208011120B0000FC20800AE4
:109460000B0F00FE4F21100E0F0A00000EA0D90DA9
:1094700090C80C80B70A60110B80D91F0991F08841
:109480001F0880F088000000000D203C00000F0045
:1094900069002FFFFFFFF7015C11A610006900C3F0
:1094A00000008800D2009FFFFFFFF012C523E220DA
:1094B00000D203C00000F004B00000007000000003
:1094C0000E00000000E0000019EFEA300CD6E6A71D
:1094D00002F40E00001F80E000006FEF5000001645
:1094E000FFE500000E0AF00100E05F13F85E6EB0C9
:1094F00005CFFE9100000E0000000070000008DDA6
:109500003000A7004B02D004C0007700D01D20001F
:109510004B03D0A7000007DC34C4CC3000001D2D65
:1095200022D00000A63B00B30005C03A00A3001DF6
:10953000200D00D000A60004CC40004DFC300000FF
:10954000F718C00001F205D00000BB6E4000005FBC
:10955000F3000007E6DB03802F301DBAA05F000197
:10956000DF401FB448FEC003BFFC40B20000000053
:10957000001F01F01F00F0000003F10B900F404F9F
:10958000007D009B00AA00AA009B007D004F000FF9
:10959000400B9003F15E000E6008C004F001F30080
:1095A000F500E600E600F501F304F008C00E605E89
:1095B0000000930088A6C209FE404DDDB1429350E1
:1095C000005200000450000008A0000008A0001F86
:1095D000FFFFF30339B3300008A0000008A000012A
:1095E00003F61E60E12C00000003FFF903331000B6
:1095F00003F52E4000000E400004E000009A000039
:109600000E400004F000009A00000E400003F0003D
:10961000009A00000E500003F000009A00000E5067
:109620000003F00000004CFE70004FB68F900DB0AC
:10963000005F32F40000E74F20000CA4F20000CAE3
:109640002F40000E70DB0005F204FB68F90004CF28
:10965000E700EFFB44CB00AB00AB00AB00AB00ABD3
:1096600000AB00AB00AB07DFEA108E857EC00100C7
:1096700006F1000006F000000D900000CC00001C78
:10968000C00001DB00001DE544427FFFFFF97FFFC2
:10969000FFF024445F900000BC000009E100003F9F
:1096A000D81000046DD0000002F4100002F4BD7563
:1096B0007DD019DFEA1000000DA0000000AC000012
:1096C0000007E10000004F40100002F600F5001D09
:1096D000A000F5007FFFFFFFF3133333F7300000E6
:1096E00000F500000000F50009FFFFF00AB4444057
:1096F0000C8000000E7000000FFFFC4003345CF291
:10970000000000F7100000F78E856CF108DFFB30D9
:10971000002AEFD5003FD657400CC0000002F400ED
:1097200000004F5BFFA104FE845DD03F80003F300E
:10973000E80003F206F845DC0005DFE9109FFFFFB3
:10974000FD9D4444E99C0004F200000BB000002F92
:10975000400000AD000001F6000008E000000E80AF
:1097600000006F1000019EFE9100BE636EC00F608E
:10977000006F00CC202BC002EFFFE200DC424CD097
:109780005F20001F55F20002F50ED535DE001AEFFE
:10979000EA1003BFEA202FA44BE18E0000E99D00F0
:1097A00000DD4F7129FF07FFFC9E000210AC000096
:1097B00002F607658FB00AEFD7002E53F5000000C0
:1097C0000000003F52E42E53F50000000000002E80
:1097D00052F60D21D001000000003100006CF201B2
:1097E0008ED6000FC300000AFB40000017EE700089
:1097F0000005C3000000001FFFFFF30333333000F8
:10980000000000000000001FFFFFF30333333004AB
:109810000000000ED71000005CF92000002AF200C2
:1098200003AFB106DE82001C6000000000000007EC
:10983000DFEA109E746EC0010006F0000009C0004F
:10984000008E200006F200000870000000000000FA
:109850000B8000000C900000006CEFDA4000003D2F
:10986000A41016D90001E509EE98CA900A80BD43FC
:10987000AFC0D30F13F2000CC0693C06D00007C084
:109880003B4B06D00007C02C3C03F2000CC04A0F33
:1098900010BD439EE3C50A8009EE91CF9001E5001B
:1098A00000000000003DA41028000000007CEFD95B
:1098B000100000000CF1000000003FD70000000085
:1098C000B96E00000002F20E50000009A007D0009F
:1098D000001F3000F400007FFFFFFB0000E7333380
:1098E0004F2005F000000C900C90000006F18FFF57
:1098F000FEC408E3334BF28E00001F58E00018F15D
:109900008FFFFFF808E33337F68E000009C8E00048
:10991000009D8E33347F78FFFFFD700007CFFB4042
:1099200000CF966AF50AE20000301F600000004F89
:10993000200000004F200000001F600000000AE22D
:1099400000003001CF966AF50007DFFB408FFFFE75
:10995000A4008E4446CF708E000007F38E000000F6
:10996000DA8E0000009D8E0000009D8E000000DA5F
:109970008E000007F38E4446BF708FFFFEA4008F59
:10998000FFFFF68E4444418E0000008E0000008FE1
:10999000FFFFC08E3333208E0000008E0000008E4B
:1099A0004444428FFFFFF98FFFFFF68E4444418EFF
:1099B0000000008E0000008E0000008FFFFFC08EB0
:1099C0003333208E0000008E0000008E0000000067
:1099D00007CFFC5000CF966AF60AE20000201F6015
:1099E0000000004F200000004F200000B91F600061
:1099F00000B90AE30000B900CF966AF80007DFFC5F
:109A0000608E000008E8E000008E8E000008E8E0AC
:109A100000008E8FFFFFFFE8E333339E8E000008C7
:109A2000E8E000008E8E000008E8E000008E8E8ED8
:109A30008E8E8E8E8E8E8E8E02FFFFC00444BC00F2
:109A40000009C000009C000009C000009C00000943
:109A5000C02000BA0EB58F603CFE808E00004F50D3
:109A60008E0004F6008E003F70008E03F800008E1A
:109A70002EC000008EECF600008FB07F30008E000C
:109A80000AE1008E0000CC008E00001EA08E0000B7
:109A9000008E0000008E0000008E0000008E00008E
:109AA000008E0000008E0000008E0000008E4444F6
:109AB000408FFFFFF28E00000008E8F7000002FE72
:109AC0008FF10000BFE8DCA0004F9E8D2F300D8786
:109AD000E8D09C06E07E8D01E7E507E8D006FC00B3
:109AE0007E8D000A2007E8D00000007E8E1000085E
:109AF000E8FC00008E8FF90008E8E6F6008E8E097B
:109B0000F308E8E00CE18E8E001EB8E8E0003FEEBE
:109B10008E00006FE8E00000AE0007CFEB500000C1
:109B2000CF966BF9000AE200005F601F6000000A38
:109B3000D04F20000006F04F20000006F01F60000C
:109B4000000AD00AE200005F6000CF966BFA0000C6
:109B500007DFEB50008FFFFD7008E4458FB08E00EB
:109B6000005F38E00001F58E00003F48E0014DD075
:109B70008FFFFFB208E33310008E00000008E00002
:109B800000000007CFEB500000CF966BF9000AE20F
:109B900000005F601F6000000AD04F20000006F048
:109BA0004F20000005F01F6000000AD00AE200000C
:109BB0005F6001DF855AFA000008DFFC50000000FA
:109BC00001EC21940000001BFFC100000000120006
:109BD0008FFFFD7008E4458FB08E00005F38E00015
:109BE00001F58E00003F38E0014DD08FFFFFC20825
:109BF000E333DA008E0002F608E00005F3019EFD73
:109C0000A200CE646B702F40000001F80000000637
:109C1000FD950000016AEE500000009F0020000545
:109C2000F13FA547EB004BEFE910FFFFFFFF244496
:109C3000BD44400009C00000009C00000009C000B5
:109C400000009C00000009C00000009C000000090A
:109C5000C00000009C00009C00000BA9C00000BADE
:109C60009C00000BA9C00000BA9C00000BA9C0001A
:109C700000BA8E00000D94F40003F50CF868FD00A6
:109C800009EFE9100CB000000AC05F200001F500E8
:109C9000E900008E0008F0000E70001F6005F10062
:109CA00000AD00C9000003F43F3000000CBAC00052
:109CB00000005FF500000000EE00006F10000DB026
:109CC0000002F21F60003FF10008D00BB0008BE6ED
:109CD000000D7006F000E69B002F2001F503F14F08
:109CE000108D0000CA09B00E60D800006F0E600928
:109CF000B2F300001F9F1004F9D000000CFB00001D
:109D0000EF80000007F600009F30003F50000DA0DC
:109D100008F2009D0000CC04F300002F9E700000AC
:109D200006FC00000009FE1000004F4DB00001E8E5
:109D300002F7000BD0007F207F20000BD00CB0007A
:109D4000009C002F50002F30009E000C900000E877
:109D500005F1000005F3E60000000CFD0000000026
:109D60003F4000000002F3000000002F3000000020
:109D700002F300004FFFFFFF9144444AF300000349
:109D8000F6000001EA000000CC0000009E10000078
:109D90006F4000003F7000001ED4444436FFFFFFB8
:109DA000FC8FF68D318D008D008D008D008D008D26
:109DB000008D008D008D008D008D318FF65D0000CF
:109DC00000F200000B8000006D000001F200000BAB
:109DD0008000006D000001F200000B7000006D00BB
:109DE0000001F200000B7000006D000001F2BFF3F3
:109DF00025F302F302F302F302F302F302F302F398
:109E000002F302F302F325F3BFF300AD00001EC41A
:109E1000000885A000E20E105B00970B5002E0EEF8
:109E2000EEEEE00BC00009B004CFEA100B745DB099
:109E3000000004F004CEEEF21F8214F24F1004F280
:109E40001F703DF204DFD7F2BA000000BA00000034
:109E5000BA000000BA8EFC30BFD54BF3BE1000CA6A
:109E6000BA00007EBA00007EBE1000CABFD55BF308
:109E7000B98EFC30007DFD6009F748F42F500020BA
:109E80005F0000005F0000002F50002009F748F439
:109E9000007DFD600000001F40000001F400000094
:109EA0001F4008EFC4F40AF748FF42F50007F45FCB
:109EB00000002F45F00001F42F50006F40AE637E8C
:109EC000F4008EFC4F40008EFC400AD538F42F2061
:109ED000008C5FEEEEFF5F2111112F70001009F86A
:109EE00046E4007DFE80009EE305F44108C000CFFB
:109EF000FFF029D32008D00008D00008D00008D0F7
:109F00000008D00008D000007EFC4E60AF747FF6E1
:109F10002F50005F65F00000F65F00000F62F60052
:109F200006F609F747FF5007EFC4F50000003F2091
:109F3000CB646EB003AEFD8000BA000000BA000032
:109F400000BA000000BA8EFB20BFC56DD0BE000372
:109F5000F2BA0000F4BA0000F5BA0000F5BA000049
:109F6000F5BA0000F5BAA800BABABABABABABABA1B
:109F7000000AB0009900000000AB000AB000AB007E
:109F80000AB000AB000AB000AB000AB000AA064E4F
:109F900071DFA0BA000000BA000000BA000000BAE9
:109FA000001CC0BA01CC00BA1CD100BBCF6000BFFE
:109FB000DBE100BD11DC00BA003F70BA0007F3BA64
:109FC000BABABABABABABABABABAB99EFA15DFD434
:109FD0000BFB45EDE64AF2BE0006F6000E7BA00044
:109FE0004F2000C9BA0003F1000C9BA0003F1000F5
:109FF000C9BA0003F1000C9BA0003F1000C9B99E34
:10A00000FB20BFB45DD0BE0003F2BA0000F4BA007A
:10A0100000F5BA0000F5BA0000F5BA0000F5007DC1
:10A02000FD60009F748F702F50007F05F00001F3DA
:10A030005F00002F32F50007F009F748F70007DF4F
:10A04000D600B98EFC30BFC43AF3BE1000CABA00C5
:10A05000007EBA00007EBE1000CABFD55BF3BA7E98
:10A06000FC30BA000000BA000000BA000000008E08
:10A07000FC3F40AF748EF42F50007F45F00001F498
:10A080005F00002F42F50007F40AF748FF4008EF91
:10A09000C4F40000001F40000001F40000001F4055
:10A0A000B98E4BFD71BE100BB000BA000BA000BA08
:10A0B000000BA00005DFEA13F735A06F000001EEEA
:10A0C0009610016AEF300000D96C646F62AEFD70CB
:10A0D00008D00008D000CFFFF029D32008D0000816
:10A0E000D00008D00008D00005F551009FE3C8005B
:10A0F00002F3C80002F3C80002F3C80002F3C9006B
:10A1000003F3AB0007F35F837EF306DFC5F30D9027
:10A11000000AA06E0001F300F5007D0009C00E608A
:10A12000003F24F00000C8B9000006FF3000000F17
:10A13000C000C80006F1000D56D000CF6003F01F2C
:10A14000302F9C009A00B807B2F10E4005E0D60C03
:10A1500074E0000F6F007C990000AFA001FF400089
:10A1600005F4000BE0004F3007E109D02F4000D983
:10A17000D900003FD000004FE10001E7BB000BB069
:10A180001E707E1005F30D90000AA06F0001F30011
:10A19000F6007D0009C00D60002F34F00000C9A951
:10A1A000000005FF2000000EC0000000E500009444
:10A1B000AD00001BFC2000005FFFFFA13337F4005F
:10A1C00001E70000CB00008E10004F40001EA333BB
:10A1D00026FFFFFC006EA00F9201F4001F4001F467
:10A1E000003F303FC0006F3001F4001F4001F40019
:10A1F0001F4000FA2005EA8B8B8B8B8B8B8B8B8B14
:10A200008B8B8B8B8BBE5002AE0005F0005F000580
:10A21000F0004F1000DF104F5005F0005F0005F018
:10A22000005F002AE00BE40007EC40B41E25DFC00D
:10A230000100000004CC302B01C05700932B01C05B
:10A2400005CC3006A10FF60BE20000000000000074
:10A250000000000000027BFB000000049DFFFFD017
:10A260000003AFFFFFFFFD0000AFFFFFFFDFD000E7
:10A270000AFFFFB610ED0000AF9400000ED0000AF8
:10A28000F1000000ED0000AF1000000ED0000AF158
:10A29000000045FD0000AF1001EFFFD0179DF10059
:10A2A0005FFFFC0EFFFF1000AFFD31FFFFE000007D
:10A2B000010003BDA30000000000501888888884B6
:10A2C00005FABFDDDDDDFDAFE47F100000CA4EE022
:10A2D0004F100000C80EFEEF100000CFEFE03FEE81
:10A2E000EEEEF80EF68F766666EB6FF8AF100000B4
:10A2F000CC8FE03F100000C80EFCDF655555EECF57
:10A30000C25FFFFFFFF92C57750577777775FFFF61
:10A310001FFFFFFFFFFFFF2FFFFFFFFFEFFF0EFFFE
:10A32000FFFFFE01100011111110EFFE0EFFFFFFE5
:10A33000FEFFFF2FFFFFFFFFFFFF1FFFFFFFFF6875
:10A3400087078888888668870788888886FFFF1F30
:10A35000FFFFFFFFFFFF2FFFFFFFFFDFFD0DFFFFF1
:10A36000FFFD0000000000015000000000001DF88B
:10A370000000000001DFFD000000001DFFE22D6075
:10A380000001DFFE20DFF7001DFFE2008FFF71DF1D
:10A39000FE200008FFFEFFE20000008FFFFE20000D
:10A3A000000008FFE200000000007D200000000027
:10A3B000000000007F60000BE2EFF600BFF84FFFE7
:10A3C0006BFFD104FFFFFD10005FFFE10000BFFF46
:10A3D000F6000BFFDFFF60BFFD14FFF5CFD1004F8C
:10A3E000F6171000036000000011000000000000DC
:10A3F000FF000000006F21FF12F70006FF61FF164B
:10A40000FF601FF901FF109FF16FE001FF100EF6D2
:10A41000AF8001FF1008FACF6001FF1006FCAF808B
:10A4200000AA0008FB7FD00000000DF71FF8000015
:10A43000008FF107FF91002AFF70009FFFEEFFF9E8
:10A44000000005CFFFFD5000000002442000000086
:10A4500000000000000000000AFFA0000000000C47
:10A46000FFC0000003D6DFFFFD6D300EFFFFFFFFD2
:10A47000FFE05FFFFFAAFFFFF51AFFF4004FFFA107
:10A4800003FFD0000DFF3004FFF0000FFF404FFF2F
:10A49000FB22BFFFF42FFFFFFFFFFFF209FEFFFFCC
:10A4A000FFEF9000505EFFE5050000000CFFC000CC
:10A4B000000000047740000000000003100341008A
:10A4C0000000009FF50DF50000001BFDFF8DF5005D
:10A4D0000002DFB12DFFF500004FF83EC2BFF500CE
:10A4E00007FF55FFFE39FE409FE38FFFFFF56FF634
:10A4F000AC2AFFFFFFFF73E6005FFFFFFFFFF100E5
:10A50000006FFFD77FFFF200006FFF900DFFF2009A
:10A51000006FFF900DFFF200004FFF700BFFE10096
:10A520000000003300000000000BFFB0000000003E
:10A530000CFFC0000000000CFFC0000000000CFF7A
:10A54000C0000000000CFFC00000008FFFFFFFF8FC
:10A5500000002EFFFFFFE2000002EFFFFE200000E0
:10A56000002DFFE20000799982DE289997FFFFFB1A
:10A5700022BFFFFFFFFFFFFFFFFFFFFFFFFFFFFA0D
:10A58000B3CFACCCCCCCCCCCCA0006BBBBBBBA30B6
:10A5900000004FFFFFFFFFE10000EF30000006FB6F
:10A5A0000009F800000000CF504FD0000000002F3D
:10A5B000E1DF84420000344BF9FFFFFD0001FFFFA3
:10A5C000FBFFFFFF988BFFFFFCFFFFFFFFFFFFFF7D
:10A5D000FCFFFFFFFFFFFFFFFB9FFFFFFFFFFFFFF2
:10A5E000F60000000000003300018DFFC600EF0000
:10A5F0004EFFFFFFE4DF04FFB3004CFFFF0EF90046
:10A6000000008FFF6FC00001FFFFFF8E500001DED2
:10A61000EEED0000000000000022222200000021D8
:10A62000FFFFFF100008F8FFFBBC10001EF4FFFC4A
:10A63000100001DFC0FEEFE8448EFE10FE1AFFFF9F
:10A64000FFC100FD0028BB94000000000270000262
:10A65000EF0002EFFDFFFFFFFFFFFFFFFFFFFFFF28
:10A66000FFFFFFFFFFFF3447FFF00005FF0000057D
:10A67000C00000000000027000000002EF000000B7
:10A6800002EFF0000DFFFFFF0220FFFFFFF08E1F23
:10A69000FFFFFF00E7FFFFFFF03F5FFFFFFF0890B6
:10A6A0003447FFF000000005FF0000000005C00077
:10A6B0000000000000000000000000077000000023
:10A6C00002700005FA0000002EF000814F600002C9
:10A6D000EFF001DD07F0DFFFFFF0321E80F6FFFF35
:10A6E000FFF08E27E0B9FFFFFFF00E73F19BFFFF35
:10A6F000FFF03F54F09AFFFFFFF0890AC0D83447BB
:10A70000FFF0007F43F300005FF002F60CB00000A2
:10A7100005C00000BF10000000000009E3000000B9
:10A7200000000002100037888888888873EFFFFFD8
:10A73000FFFFFFFEFE32DFFFFFFFFFF9007FFFFD9F
:10A74000FFFFFD10CFFFA07FFFFFFFFFFA0007FF15
:10A75000FFF35FA00000CFFF3003000000CFFC003C
:10A7600000000000CFFFCCCCCCCCCCFFAFFFFFFF74
:10A77000FFFFF904300000311FE00006F91FE00080
:10A780007FFA1FE009FFFA1FE0AFFFFA1FEBFFFFA0
:10A79000FA1FFFFFFFFA1FFFFFFFFA1FE6FFFFFA96
:10A7A0001FE05FFFFA1FE004FFFA1FE0003EFA0F10
:10A7B000D00002D700000000000200000000000CE2
:10A7C000FB2000000000FFFF900000000FFFFFE6ED
:10A7D000000000FFFFFFFC30000FFFFFFFFF9100B4
:10A7E000FFFFFFFFFFE60FFFFFFFFFFFF2FFFFFF8F
:10A7F000FFFFFD0FFFFFFFFFF800FFFFFFFFB200AD
:10A800000FFFFFFD400000FFFFF70000000FFFA15A
:10A81000000000006A4000000000001444200144D1
:10A82000420DFFFF10DFFFF1FFFFF30FFFFF3FFFC0
:10A83000FF40FFFFF4FFFFF40FFFFF4FFFFF40FF5C
:10A84000FFF4FFFFF40FFFFF4FFFFF40FFFFF4FF98
:10A85000FFF40FFFFF4FFFFF40FFFFF4FFFFF40F78
:10A86000FFFF4FFFFF30FFFFF39FFFC009FFFC001A
:10A870001444444444420DFFFFFFFFFFF1FFFFFF7C
:10A88000FFFFFF3FFFFFFFFFFFF4FFFFFFFFFFFFA3
:10A890004FFFFFFFFFFFF4FFFFFFFFFFFF4FFFFF33
:10A8A000FFFFFFF4FFFFFFFFFFFF4FFFFFFFFFFF73
:10A8B000F4FFFFFFFFFFFF4FFFFFFFFFFFF39FFFCF
:10A8C000FFFFFFFC0002100000420FE20003FB0F3D
:10A8D000FE3004FB0FFFF404FB0FFFFF54FB0FFFE0
:10A8E000FFFAFB0FFFFFFFFB0FFFFFFFFB0FFFFF59
:10A8F000D6FB0FFFFD14FB0FFFC104FB0FFB000491
:10A90000FB0CA00003FA0000000000000000120091
:10A910000000000003FF60000000002EFFF50000B3
:10A920000001EFFFFF4000001DFFFFFFF30000CF1D
:10A93000FFFFFFFE200AFFFFFFFFFFE00EFFFFFF0C
:10A94000FFFFF2039999999999500588888888881A
:10A95000700FFFFFFFFFFFF30FFFFFFFFFFFF40B81
:10A96000FFFFFFFFFFD1000000000000003F90004C
:10A97000003FFC00003FFD10003FFD10003FFD10B8
:10A98000001FFD100000CFF4000000CFF400000015
:10A99000CFF4000000CFF4000000CFE0000000A4DE
:10A9A000000000000000CD1000001FFD1000003F5F
:10A9B000FD1000003FFD1000003FFD1000003FFDB6
:10A9C000000008FF900008FF900008FF900008FFBB
:10A9D000900002FF9000000780000000000004507B
:10A9E0000000000002FF60000000003FF7000000D0
:10A9F0000003FF70000000003FF7000006999AFF77
:10AA0000C99980FFFFFFFFFFFF3DFFFFFFFFFFF240
:10AA100001113FF71110000003FF70000000003F1C
:10AA2000F70000000003FF70000000000CD30000DE
:10AA3000006999999999980FFFFFFFFFFFF3DFFFD6
:10AA4000FFFFFFFF2000000000000000000156642F
:10AA50000000000003BFFEEFF91000007FFA1003B2
:10AA6000DFE40008FFA009B41EFF504FFF200BFFDA
:10AA700026FFE1EFFF09CFFF63FFFABFFF09FFFFEA
:10AA800054FFF61EFF51DFFB09FFB003EFE2043075
:10AA90005FFC10002CFF956AFF9000000049DFFD6D
:10AAA000920000000000000000000000CD20000027
:10AAB00000000000008FF50014664000000004EF65
:10AAC000ACFFEFFF910000001CFFA1004DFE300025
:10AAD00000009FF5AB31EFF40007B105FFFFE17F08
:10AAE000FE100FFE302DFFF54FFF900CFFE000AF82
:10AAF000F65FFF6002FFF40006FFEFFB00004FFD72
:10AB000010003EFFC0000002DFE85401BFE3000078
:10AB10000005AEFF6007FF60000000000000004E6F
:10AB2000F60000000000000001A10000000000008D
:10AB30000000000000003ED00000000000000CFFFC
:10AB400080000000000006FFFF200000000000EF72
:10AB5000FFFB00000000008FFCCFF4000000002F7E
:10AB6000FB00FFD00000000BFFC00FFF70000004CF
:10AB7000FFFD01FFFF100000DFFFE02FFFFA0000E4
:10AB80007FFFFF9BFFFFF3001FFFFFB00EFFFFC023
:10AB90000AFFFFFE24FFFFFF60FFFFFFFFFFFFFF35
:10ABA000FA06CCCCCCCCCCCCCB30000000000036AC
:10ABB0000000000000007F80DDDB00008DEFF8FF6B
:10ABC000FFB007FFFFFD556FF46FF8AFE2000574AB
:10ABD000FF907E2000003FFA0000000002EFB2501C
:10ABE0004A00012EFD1DF48FB0FFFFD10BFFFFFBCC
:10ABF000FFFE2000CFFFFB12210000029FC00000DB
:10AC00000000005B00000007A00000000008FFB08B
:10AC100000000008FFFFB0000008FF95FFB000082B
:10AC2000FF9005FFB007FF900005FFB09F90000068
:10AC300005FD004000000003104C20000000B60B92
:10AC4000FE200000CFF02EFE2000CFF4002EFE20CC
:10AC5000CFF400002EFECFF40000002EFFF4000021
:10AC600000002EF400000000001300000000083077
:10AC700000000000000000BFF308BBBBBB90000B4E
:10AC8000FFFF39FFFFFFF1008FCFCFF000000AF187
:10AC900000382F948000000AF100002F900000007F
:10ACA0000AF100002F900000030AF130002F9000FD
:10ACB000001FCBF8F8002FEBBBBB39FFFFE2001FF2
:10ACC000FFFFFFB09FFD2000000000000008D10042
:10ACD00037888700000000EFFFFFA0000000FFFFA3
:10ACE000FFFDCCCCB6FFFFFFFFFFFFFFFFFFFFFF25
:10ACF000FFFFFFFFFFFFFFFFFFFFFFFFFFFFFFFF64
:10AD0000FFFFFFFFFFFFFFFFFFFFFFFFFFFFFFFF53
:10AD1000FFFFFFFFFFFFAFFFFFFFFFFFF900000096
:10AD200000000000000001DD10000000001DFFD148
:10AD300000000001DFFFFD1000001DFFFFFFD1003C
:10AD4000009FFFFFFFF90000011CFFC11000000081
:10AD50000CFFC0000000000CFFC0000000000CFF52
:10AD6000C0000079993BFFB39997FFFFB2442BFFD6
:10AD7000FFFFFFFEDDEFFFFFFFFFFFFFFAB3CFACEA
:10AD8000CCCCCCCCCCCA00000000000200000000FB
:10AD9000000004FFC70000000000AFFFF00000004B
:10ADA000001FFFFD0000000006FFFFC000000000C4
:10ADB00008FFF700000000000CFF30000000000456
:10ADC000FFC00000000001EFF300004A3002DFF88E
:10ADD0000005DFFE15EFFB0000EFFFFFFFFA0000AC
:10ADE0000BFFFFFFF70000007FFFFFA20000000243
:10ADF000BA85000000000004860000001006FFFA7B
:10AE00000002DFD1EF3CF101DFFA0EE0AF21DFFA03
:10AE1000009FEFF6DFFA00008DFFFFFB0000000649
:10AE2000FFFD00000048EFFFF600006FFFFBFFF69C
:10AE3000000EF3CF23FFF600EE0AF204FFF609FE40
:10AE4000FC0004FFF108DA100002620000000000BC
:10AE5000000000006FFFF987000008FFFF98F70867
:10AE6000A68FFFF95990FFA8FFFFFCCC0FFA8FFFC8
:10AE7000FFFFF1FFA8FFFFFFFF1FFA8FFFFFFFF1AA
:10AE8000FFA8FFFFFFFF1FFA8FFFFFFFF1FFA8FFE3
:10AE9000FFFFFF1FFA7FFFFFFFF0FFE312222221D7
:10AEA0000FFFFFFFF90000ACCCCCCB50000049995C
:10AEB000999995000EFFFFFFFFF600FD2222224F19
:10AEC000F60FC0000001FFF3FC0000001FFF6FC081
:10AED000000002FFF6FFFFFFFFFFFF6FFFFFDCFF39
:10AEE000FFF6FFFFB005FFFF6FFFF6000FFFF6FF55
:10AEF000FFC006FFFF6FFFFFEDFFFFF69FFFFFFFA5
:10AF0000FFFD10000000000001FFFFF00004FFFF44
:10AF1000D00006FFFF800008FFFF30000AFFFFAAF5
:10AF2000A60CFFFFFFF80EFFFFFFE10BDDDFFF6068
:10AF300000004FFD0000007FF3000000BFA00000F4
:10AF400000FF10000003F800000003C00000000034
:10AF5000200000000455EFB5520000FFFD1FFFB0B8
:10AF6000000FFFFFFFFC0000FFFF533320000FFF27
:10AF700097FFFB5700FFF8AFFFC6F80FFF8AFFFCF3
:10AF80004AA1FFF8AFFFE3220FFF8AFFFFFFF4FFA4
:10AF9000F8AFFFFFFF4FFF8AFFFFFFF43552AFFF0F
:10AFA000FFFF40000AFFFFFFF400007FFFFFFE20CD
:10AFB000000001100000000000AF00000000018F41
:10AFC000FA30000002EFFFFF500000BFFFFFFF104C
:10AFD000001FFFFFFFF50003FFFFFFFF70005FFF93
:10AFE000FFFFF90008FFFFFFFFC000DFFFFFFFFFCB
:10AFF000209FFFFFFFFFFD0EFFFFFFFFFFF202227A
:10B0000022222221000008FFC00000000009A20047
:10B0100000005BBBBBBBBBBBBBA3FFFFFFFFFFFFD6
:10B02000FFFBFC0C30E11D0D11FCFC0B30E01D0D95
:10B0300010FCFFFEFFEFFEFEEFFCFFF15A0870A0D0
:10B040005FFCFFF37B2992C27FFCFFBFCBBBBBBF82
:10B05000CBFCFC0B2000000D00FCFFCFCCCCCCCFF8
:10B06000CCFB9FFFFFFFFFFFFFF60000000000008A
:10B070000200000000000005DFB00000000007EF44
:10B08000FFD000000018FFFFFF70000029FFFFFF46
:10B09000FF00003BFFFFFFFFF8000AFFFFFFFFFF7D
:10B0A000F1000FFFFFFFFFFFA000049AAAAFFFFF10
:10B0B00020000000000EFFFB00000000000EFFF467
:10B0C00000000000000EFFC000000000000EFF5056
:10B0D00000000000000DFD00000000000004B300AF
:10B0E000000035555502000FFFFFF2F400FFFFFF8F
:10B0F0002FF40FFFFFF2FFF3FFFFFF32221FFFFFCE
:10B10000FFFFF7FFFFFFFFFF8FFFFFFFFFF8FFFFCE
:10B11000FFFFFF8FFFFFFFFFF8FFFFFFFFFF8FFF26
:10B12000FFFFFFF8FFFFFFFFFF8FFFFFFFFFF88A22
:10B13000AAAAAAAA3000000024553100000000038A
:10B14000AFFFFFFFC7000002BFFFFEDEFFFFF600FC
:10B150005FFFB51000038EFFB0DFD30000000000DA
:10B160008FF5180005AEFEC81004600002DFFFFF77
:10B17000FFF80000000CFF95347DFF40000002A2A4
:10B1800000000077000000000002960000000000B0
:10B1900000000DFF500000000000000EFF600000E6
:10B1A0000000000005DA000000005BBBBBBBBBBBBE
:10B1B000BBBA20FFFFFFFFFFFFFFFF90FC12222220
:10B1C0002222220FF7FC5FFFFFFFFFFF2CFAFC5F3C
:10B1D000FFFFFFFFFF21FAFC5FFFFFFFFFFF27FAE2
:10B1E000FC2666666666661FFAFEBBBBBBBBBBBBC6
:10B1F000BFB1AFFFFFFFFFFFFFFF500000000000E7
:10B20000000000005BBBBBBBBBBBBBBA20FFFFFFAA
:10B21000FFFFFFFFFF90FC1222222221000FF7FC0C
:10B220005FFFFFFFF8000CFAFC5FFFFFFFF8000173
:10B23000FAFC5FFFFFFFF80007FAFC26666666630C
:10B24000000FFAFEBBBBBBBBBBBBBFB1AFFFFFFF79
:10B25000FFFFFFFF500000000000000000005BBB8C
:10B26000BBBBBBBBBBBA20FFFFFFFFFFFFFFFF90D5
:10B27000FC1222221000000FF7FC5FFFFFD000003D
:10B280000CFAFC5FFFFFD0000001FAFC5FFFFFD06B
:10B29000000007FAFC2666665000000FFAFEBBBBF2
:10B2A000BBBBBBBBBFB1AFFFFFFFFFFFFFFF50004A
:10B2B00000000000000000005BBBBBBBBBBBBBBA17
:10B2C00020FFFFFFFFFFFFFFFF90FC1222000000A6
:10B2D000000FF7FC5FFF300000000CFAFC5FFF304E
:10B2E00000000001FAFC5FFF3000000007FAFC26B6
:10B2F00066100000000FFAFEBBBBBBBBBBBBBFB1FF
:10B30000AFFFFFFFFFFFFFFF500000000000000045
:10B3100000005BBBBBBBBBBBBBBA20FFFFFFFFFF9B
:10B32000FFFFFF90FC0000000000000FF7FC000092
:10B33000000000000CFAFC00000000000001FAFC14
:10B3400000000000000007FAFC0000000000000FF1
:10B35000FAFEBBBBBBBBBBBBBFB1AFFFFFFFFFFF79
:10B36000FFFF50000000000000000000000000008F
:10B3700007B20000000000000ADFFA000000000031
:10B3800000A93DF5000000044002E00010000000AC
:10B39000AFF80B600000006C30FFFFFFFFFFFFFF06
:10B3A000FFF4AFF9000C5000006D4005500004C0E0
:10B3B0000000100000000000C43EE8000000000093
:10B3C000002EEFFA000000000000004FFA0000001D
:10B3D0000000000000000000000001100000000755
:10B3E000EFFFB30000AFFD8FFF2004FFFD09FFB0AA
:10B3F0000AFEFD12AFF00EF55D2C0EF30FFF3312B7
:10B400009FF50FFFF307FFF60FFFE206FFF60FFEB3
:10B4100024137FF50DF57D2C0DF30AFFFD11BFF010
:10B4200003FFFE0BFFA0007FFEBFFE100003ACDC9D
:10B43000810000003443000005667FFFF96650FF7D
:10B44000FFFFFFFFFF356666666666501CCCCCCCFE
:10B45000CCC402FFFFFFFFFF602FF3FB7F6DF602FE
:10B46000FF2FB7F5DF602FF2FB7F5DF602FF2FB7EE
:10B47000F5DF602FF2FB7F5DF602FF2FB7F5DF608F
:10B480002FF3FB7F6DF601FFFFFFFFFF5007BCCCE2
:10B49000CCCC900000000000000120000000000063
:10B4A00004FF500000000002FFFF500000000439BC
:10B4B000FFFE00000004FF39FFA0000004FFFF3979
:10B4C000B0000004FFFFFF20000004FFFFFFB000FA
:10B4D0000004FFFFFFB0000004FFFFFFB000000406
:10B4E000FFFFFFB0000000BFFFFFB00000000DFF36
:10B4F000FFB000000000FFFFB00000000009A860DE
:10B50000000000000000001788888888874000023B
:10B51000EFFFFFFFFFFFF4003EFFFFCFFFCFFFF77E
:10B5200003EFFFF908F809FFF83EFFFFFE20402E69
:10B53000FFF8DFFFFFFFE101EFFFF89FFFFFFF8054
:10B54000008FFFF809FFFFF902C209FFF8009FFF13
:10B55000FE4EFE4EFFF80009FFFFFFFFFFFFF70062
:10B56000008FFFFFFFFFFFC100000000000003EF9E
:10B57000FFFFE203FBFBCEBFA4FF1D03A1FAFFF117
:10B58000D03A1FAFFFFFFFFFFAFFFFFFFFFFAFFF44
:10B59000FFFFFFFAFFFFFFFFFFAFFFFFFFFFFAFF15
:10B5A000FFFFFFFFAFFFFFFFFFFAFFFFFFFFFFAD52
:10B5B000FFFFFFFFF829AAAAAAA8000000000000C8
:10B5C000000300000000000004F10008200000015A
:10B5D000FF100BF70000002FF10CFF94444445FFCF
:10B5E0001BFFFFFFFFFFFFF18FFFFFFFFFFFFD00CE
:10B5F0007FF70000000000006F6000000000000006
:10B6000030000000000000004E6F0A6461746100A9
:10B61000000102030405060708090A0B0C0D0E0FB2
:10B62000101112131415161718191A1B1C1D1E1FA2
:10B63000202122232425262728292A2B2C2D2E2F92
:10B64000303132333435363738393A3B3C3D3E3F82
:10B65000404142434445464748494A4B4C4D4E4F72
:10B66000505152535455565758595A5B5C5D5E5F62
:10B67000606162636465666768696A6B6C6D6E6F52
:10B68000707172737475767778797A7B7C7D7E7F42
:10B69000808182838485868788898A8B8C8D8E8F32
:10B6A000909192939495969798999A9B9C9D9E9F22
:10B6B000A0A1A2A3A4A5A6A7A8A9AAABACADAEAF12
:10B6C000B0B1B2B3B4B5B6B7B8B9BABBBCBDBEBF02
:10B6D000C0C1C2C3C4C5C6C7C8C9CACBCCCDCECFF2
:10B6E000D0D1D2D3D4D5D6D7D8D9DADBDCDDDEDFE2
:10B6F000E0E1E2E3E4E5E6E7E8E9EAEBECEDEEEFD2
:10B70000F0F1F2F3F4F5F6F7F8F9FAFBFCFDFEFFC1
:10B7100000112233445566778899AABBCCDDEEFF31
:10B72000808080818182828384858687898A8C8DCE
:10B730008F91939597999B9EA0A2A5A7AAADAFB212
:10B74000B500000092570100B2570100C657010032
:10B75000DE570100EE570100FE5701002A58010094
:10B76000545801007258010098580100EA74010011
:10B770008A7401009C730100CE740100CE74010034
:10B78000CE740100CE7401009C7301009C73010013
:10B790009C7301009C7301009C7301009C73010069
:10B7A0009C7301009C730100FC740100FC74010097
:10B7B000FC740100FC7401009C730100047501001D
:10B7C0000475010004750100047501006C765F6F5B
:10B7D000626A0000DC8F01007E8F0100648F01002F
:10B7E000648F0100A48F0100648F01008A8F010023
:10B7F0006E8F01005A8F0100648F0100648F010079
:10B80000AC8F0100648F0100B68F0100B68F01007C
:10B81000648F0100648F0100648F0100648F010058
:10B82000648F0100648F0100648F0100C08F0100EC
:10B83000D28F0100286E756C6C2900008C0BFEFF06
:10B84000460AFEFF1C0AFEFFFE0AFEFF1C0AFEFF60
:10B85000500AFEFF1C0AFEFFFE0AFEFF460AFEFF1C
:10B86000460AFEFF500AFEFFFE0AFEFF580BFEFFCF
:10B87000580BFEFF580BFEFF500AFEFF4626FEFF48
:10B88000A624FEFFD824FEFFDE24FEFFD824FEFF00
:10B89000E824FEFFD824FEFFDE24FEFFA624FEFFE0
:10B8A000A624FEFFE824FEFFDE24FEFFAA25FEFFFD
:10B8B000AA25FEFFAA25FEFFE824FEFF6624FEFF60
:10B8C0006624FEFF9824FEFF9A26FEFF9824FEFFC2
:10B8D000A824FEFF9824FEFF9A26FEFF6624FEFFA2
:10B8E0006624FEFFA824FEFF9A26FEFF6A25FEFFBF
:10B8F0006A25FEFF8426FEFF6024FEFF6826FEFF09
:10B900006024FEFF8426FEFF2E24FEFF2E24FEFF71
:10B910006826FEFF8426FEFF2E25FEFF2E25FEFF55
:10B920002E25FEFF000102020303030304040404A6
:10B9300004040404050505050505050505050505BB
:10B94000050505050606060606060606060606069B
:10B950000606060606060606060606060606060687
:10B96000060606060707070707070707070707076B
:10B970000707070707070707070707070707070757
:10B980000707070707070707070707070707070747
:10B990000707070707070707070707070707070737
:10B9A000070707070808080808080808080808081B
:10B9B0000808080808080808080808080808080807
:10B9C00008080808080808080808080808080808F7
:10B9D00008080808080808080808080808080808E7
:10B9E00008080808080808080808080808080808D7
:10B9F00008080808080808080808080808080808C7
:10BA000008080808080808080808080808080808B6
:10BA100008080808080808080808080808080808A6
:04BA20000808080802
:10BA2400000000000000000000000000007C9248BC
:10BA340046192003000000000000A041000000009F
:10BA44000000000001020304060708096023000047
:10BA540098240000B227000000000000000000004D
:10BA64000000000031DB85BD7DCBB73D0001F8FF50
:10BA740000000000000000000102030401020304AE
:10BA8400060708098C100100AA0E01000C00020030
:10BA940000FF01007800002050520200784D02009F
:10BAA400C44C02003C4002001000032800000000C7
:10BAB400000000008C100100AA0E01001100030018
:10BAC40000FF0100A80000205C7E020084790200CF
:10BAD400D0780200486C0200100003280000000027
:10BAE400000000008C100100AA0E010020000400D8
:10BAF40000FE0200D800002018C1020040BC020071
:10BB04008CBB020004AF02001000032800000000F8
:10BB1400000000008C100100AA0E010008000100C2
:10BB240000FF000008010020547303007C6E030032
:10BB3400C86D0300406103001000032800000000EA
:10BB440000000000E088002010000000D0880020E1
:10BB5400100000008C100100AA0E01001000030068
:10BB640000FF0100480100206C940300948F03003F
:10BB7400F48E0300FC810300100002280000000082
:10BB840000000000000000000000000000000000B1
:10BB940000000000000000000000000000000000A1
:10BBA4000000000000000000000000000000000091
:10BBB4000000000000000000000000000000000081
:10BBC4000000000000000000000000000000000071
:10BBD4000000000000000000000000000000000061
:10BBE4000000000000000000FFFF0100CDCC9441E4
:10BBF4000000A04100409C45000020428C0D8C0DAB
:10BC04008C0D640000D8B80590D00000020406082A
:10BC1400E6030100BC0301008803010044030100A2
:10BC24001C020100E401010059F3F8C21F6EA501D2
:10BC3400000000000000F03F64010020000000004C
:10BC44009A9999999999B93F7B14AE47E17A843FBF
:10BC54006666666666E63440666666666666EE3FF7
:10BC6400CDCCCCCCCCCCF03F00401C460000604096
:10BC74000AD7A33C0000C84200407D440AD7A33B36
:10BC8400008010440000003F8040C02060A0E0001D
:10BC94000607040501000302FFFF0000B2E30000F1
:10BCA40000000000FFFF000000020406090B0D0F56
:10BCB400FFFF00000055AAFF00FF0000FFFF000087
:04BCC400FFFF00007E
:00000001FF
